#,English Name,Cost IQD,Chinese Name,Platform,Offline Price IQD,English Support,Cover URL,Store Link,NSUID,Publisher,Languages,Matched Title,Source
1,Kirby and the Forgotten Land + Star-Crossed World – Nintendo Switch 2 Edition,2142.8,星之卡比 探索发现 星耀世界,Nintendo Switch 2,11000,نعم,,https://www.nintendo.com/en-gb/Games/Nintendo-Switch-2-Edition/Kirby-and-the-Forgotten-Land-Nintendo-Switch-2-Edition-Star-Crossed-World-2787773.html,,,"chinese, dutch, english, french, german, italian, japanese, korean, spanish",Kirby and the Forgotten Land – Nintendo Switch 2 Edition + Star-Crossed World,EU
2,Kirby and the Forgotten Land,1711.6,星之卡比 探索发现,Nintendo Switch,9000,نعم,https://www.nintendo.com/eu/media/images/11_square_images/games_18/nintendo_switch_5/SQ_NSwitch_KirbyAndTheForgottenLand_onlylogo_enGB_image500w.jpg,https://www.nintendo.com/en-gb/Games/Nintendo-Switch-games/Kirby-and-the-Forgotten-Land-2045110.html,,,"chinese, dutch, english, french, german, italian, japanese, korean, spanish",Kirby and the Forgotten Land,EU
3,Shin chan: Shiro and the Coal Town,1496,蜡笔小新 煤炭镇的小白,Nintendo Switch 2,5000,نعم,,https://www.nintendo.com/en-gb/Games/Nintendo-Switch-download-software/Shin-chan-Shiro-and-the-Coal-Town-2615217.html,,,"english, german, japanese, spanish",Shin chan: Shiro and the Coal Town,EU
4,Fire Emblem: Three Houses,1496,火焰纹章 风花雪月,Nintendo Switch,8000,نعم,https://www.nintendo.com/eu/media/images/05_packshots/games_13/nintendo_switch_8/PS_NSwitch_FireEmblemThreeHouses_PEGI_image500w.jpg,https://www.nintendo.com/en-gb/Games/Nintendo-Switch-games/Fire-Emblem-Three-Houses-1175482.html,,,"chinese, english, french, german, italian, japanese, korean, spanish",Fire Emblem: Three Houses,EU
5,Pokémon Scarlet + The Hidden Treasure of Area Zero,2142.8,宝可梦 朱 + 零之秘宝,Nintendo Switch,11000,نعم,https://www.nintendo.com/eu/media/images/11_square_images/games_18/nintendo_switch_5/1x1_NSwitch_PokemonScarletViolet_Scarlet_enGB_image500w.jpg,https://www.nintendo.com/en-gb/Games/Nintendo-Switch-games/Pokemon-Scarlet-2179556.html,,,"chinese, english, french, german, italian, japanese, korean, spanish",Pokémon Scarlet,EU
6,Pokémon Sword / Shield,1927.2,宝可梦 剑盾 [0:10],Nintendo Switch,11000,نعم,https://www.nintendo.com/eu/media/images/05_packshots/games_13/nintendo_switch_8/PS_NSwitch_PokemonShield_PEGI_enGB_image500w.jpg,https://www.nintendo.com/en-gb/Games/Nintendo-Switch-games/Pokemon-Shield-1522110.html,,,"chinese, english, french, german, italian, japanese, korean, spanish",Pokémon Shield,EU
7,Plants vs. Zombies: Replanted,1496,植物大战僵尸 重制版,Nintendo Switch 2,5000,نعم,,https://www.nintendo.com/en-gb/Games/Nintendo-Switch-download-software/Plants-vs-Zombies-Replanted-2880240.html,,,"chinese, english, french, german, japanese, portuguese, spanish",Plants vs. Zombies™: Replanted,EU
8,The Legend of Heroes: Trails in the Sky 1st Chapter,2142.8,空之轨迹 1,Nintendo Switch 2,11000,نعم,,https://www.nintendo.com/en-gb/Games/Nintendo-Switch-games/Trails-in-the-Sky-1st-Chapter-2897981.html,,,english,Trails in the Sky 1st Chapter,EU
9,Pokémon Legends: Z-A,1496,宝可梦传说 Z-A,Nintendo Switch 2,12000,نعم,,https://www.nintendo.com/en-gb/Games/Nintendo-Switch-games/Pokemon-Legends-Z-A-2533423.html,,,"chinese, english, french, german, italian, japanese, korean, spanish",Pokémon Legends: Z-A,EU
10,REANIMAL,1496,生灵重塑,Nintendo Switch 2,5000,نعم,,https://www.nintendo.com/en-gb/Games/Nintendo-Switch-2-games/REANIMAL-2994010.html,,,"chinese, english, french, german, italian, japanese, korean, portuguese, russian, spanish",REANIMAL,EU
11,Princess Peach: Showtime!,1711.6,碧姬公主 表演时刻,Nintendo Switch,6000,نعم,,https://www.nintendo.com/en-gb/Games/Nintendo-Switch-games/Princess-Peach-Showtime--2444445.html,,,"chinese, dutch, english, french, german, italian, japanese, korean, russian, spanish",Princess Peach: Showtime!,EU
12,The King of Fighters '98 Ultimate Match,1496,拳皇98,Nintendo Switch,8000,نعم,https://www.nintendo.com/eu/media/images/05_packshots/games_13/virtual_console_wii_3/PS_WiiVC_KingOfFighters98_image500w.png,https://www.nintendo.com/en-gb/Games/NEOGEO/THE-KING-OF-FIGHTERS-98-760349.html,,,"english, spanish",THE KING OF FIGHTERS '98,EU
13,Ninja Gaiden: Master Collection,1496,忍者龙剑传 大师合集,Nintendo Switch,8000,نعم,https://www.nintendo.com/eu/media/images/11_square_images/games_18/nintendo_switch_download_software/SQ_NSwitchDS_NinjaGaidenMasterCollection_image500w.jpg,https://www.nintendo.com/en-gb/Games/Nintendo-Switch-download-software/NINJA-GAIDEN-Master-Collection-1923647.html,,,"chinese, english, french, german, italian, japanese, spanish",NINJA GAIDEN: Master Collection,EU
14,FINAL FANTASY VII REBIRTH,2142.8,最终幻想7 重生,Nintendo Switch 2,11000,نعم,,https://www.nintendo.com/en-gb/Games/Nintendo-Switch-2-games/FINAL-FANTASY-VII-REBIRTH-3016562.html,,,"english, french, german, italian, japanese, portuguese, spanish",FINAL FANTASY VII REBIRTH,EU
15,Demon Slayer -Kimetsu no Yaiba- The Hinokami Chronicles 2,1496,鬼灭之刃 火之神血风谭2,Nintendo Switch 2,12000,نعم,,https://www.nintendo.com/en-gb/Games/Nintendo-Switch-download-software/Demon-Hunter-Chronicles-from-Beyond-2354948.html,,,"english, french, german, italian, japanese, russian",Demon Hunter: Chronicles from Beyond,EU
16,Devil May Cry 3 Special Edition,1711.6,鬼泣3 特别版,Nintendo Switch,9000,نعم,https://www.nintendo.com/eu/media/images/11_square_images/games_18/nintendo_switch_download_software/SQ_NSwitchDS_DevilMayCry3SpecialEdition_image500w.jpg,https://www.nintendo.com/en-gb/Games/Nintendo-Switch-download-software/Devil-May-Cry-3-Special-Edition-1707906.html,,,"chinese, english, french, german, italian, japanese, spanish",Devil May Cry 3 Special Edition,EU
17,Metroid Prime 4: Beyond,1496,密特罗德 究极4 穿越未知,Nintendo Switch 2,12000,نعم,,https://www.nintendo.com/en-gb/Games/Nintendo-Switch-games/Metroid-Prime-4-Beyond-2593922.html,,,"chinese, dutch, english, french, german, italian, japanese, korean, portuguese, spanish",Metroid Prime 4: Beyond,EU
18,Batman: Arkham Trilogy,1711.6,蝙蝠侠 阿卡姆三部曲,Nintendo Switch,9000,نعم,,https://www.nintendo.com/en-gb/Games/Nintendo-Switch-download-software/Batman-Arkham-Trilogy-2403114.html,,,"english, french, german, italian, japanese, portuguese, russian, spanish",Batman: Arkham Trilogy,EU
19,STORY OF SEASONS: Grand Bazaar,1496,牧场物语来啦！风之繁华市集,Nintendo Switch 2,7000,نعم,,https://www.nintendo.com/en-gb/Games/Nintendo-Switch-games/Story-of-Seasons-Grand-Bazaar-2777792.html,,,"chinese, english, french, german, japanese, spanish",Story of Seasons: Grand Bazaar,EU
20,Contra Anniversary Collection,1496,魂斗罗周年合集,Nintendo Switch 2,12000,نعم,https://www.nintendo.com/eu/media/images/11_square_images/games_18/nintendo_switch_download_software/SQ_NSwitchDS_ContraAnniversaryCollection_image500w.jpg,https://www.nintendo.com/en-gb/Games/Nintendo-Switch-download-software/Contra-Anniversary-Collection-1574969.html,,,"english, japanese",Contra Anniversary Collection,EU
21,"Pokémon: Let's Go, Pikachu!",1711.6,精灵宝可梦 皮卡丘,Nintendo Switch,9000,نعم,https://www.nintendo.com/eu/media/images/05_packshots/games_13/nintendo_switch_8/PS_NSwitch_PokemonLetsGoPikachu_enGB_image500w.jpg,https://www.nintendo.com/en-gb/Games/Nintendo-Switch-games/Pokemon-Let-s-Go-Pikachu--1382836.html,,,"chinese, english, french, german, italian, japanese, korean, spanish","Pokémon: Let's Go, Pikachu!",EU
22,Pokémon Legends: Arceus,1496,宝可梦传说 阿尔宙斯,Nintendo Switch,8000,نعم,,https://store.nintendo.com.hk/70010000039948,70010000039948,Nintendo,中文,宝可梦传说 阿尔宙斯,HK
23,WarioWare: Move It!,1496,瓦利奥制造,Nintendo Switch,8000,نعم,,https://www.nintendo.com/en-gb/Games/Nintendo-Switch-games/WarioWare-Move-It--2403866.html,,,"chinese, dutch, english, french, german, italian, japanese, korean, spanish",WarioWare: Move It!,EU
24,Assassin's Creed: The Ezio Collection,1711.6,刺客信条 艾齐奥合集,Nintendo Switch,9000,نعم,https://www.nintendo.com/eu/media/images/11_square_images/games_18/nintendo_switch_download_software/SQ_NSwitchDS_AssassinsCreedTheEzioCollection_image500w.jpg,https://www.nintendo.com/en-gb/Games/Nintendo-Switch-games/ASSASSIN-S-CREED-THE-EZIO-COLLECTION-2171132.html,,,"chinese, dutch, english, french, german, italian, japanese, korean, portuguese, russian, spanish",ASSASSIN’S CREED®: THE EZIO COLLECTION,EU
25,Two Point Hospital: JUMBO EDITION,1496,双点医院,Nintendo Switch,7000,نعم,https://www.nintendo.com/eu/media/images/05_packshots/games_13/nintendo_switch_8/PS_NSwitch_TwoPointHospital_PEGI_image500w.jpg,https://www.nintendo.com/en-gb/Games/Nintendo-Switch-games/Two-Point-Hospital-JUMBO-Edition-1716185.html,,,"chinese, english, french, german, italian, korean, portuguese, russian, spanish",Two Point Hospital: JUMBO Edition,EU
26,Yoshi's Crafted World,2142.8,耀西的手工世界,Nintendo Switch,11000,نعم,,https://store.nintendo.com.hk/70010000018872,70010000018872,Nintendo,中文,耀西的手工世界,HK
27,Digimon Story: Time Stranger,4514.4,数码宝贝物语 时空异客,Nintendo Switch 2,16000,نعم,,https://www.nintendo.com/en-gb/Games/Nintendo-Switch-games/Digimon-Story-Time-Stranger-3016703.html,,,"chinese, english, french, german, italian, japanese, korean, portuguese, spanish",Digimon Story Time Stranger,EU
28,The Elder Scrolls IV: Oblivion Remastered – Deluxe Edition,6886,上古卷轴4 湮灭 重制版,Nintendo Switch 2,16000,نعم,,https://www.nintendo.com/en-gb/Games/Nintendo-Switch-2-games/The-Elder-Scrolls-IV-Oblivion-Remastered-3131244.html,,,"chinese, english, french, german, italian, japanese, polish, portuguese, spanish",The Elder Scrolls IV: Oblivion Remastered,EU
29,Indiana Jones and the Great Circle,7532.8,夺宝奇兵 古老之圈,Nintendo Switch 2,16000,نعم,,https://www.nintendo.com/en-gb/Games/Nintendo-Switch-2-games/Indiana-Jones-and-the-Great-Circle--3016547.html,,,"chinese, english, french, german, italian, japanese, korean, polish, portuguese, russian, spanish",Indiana Jones and the Great Circle™,EU
30,Crash Bandicoot 4: It's About Time,2358.4,古惑狼4,Nintendo Switch,12000,نعم,https://www.nintendo.com/eu/media/images/05_packshots/games_13/nintendo_switch_8/PS_NSwitch_CrashBandicoot4ItsAboutTime_PEGI_image500w.jpg,https://www.nintendo.com/en-gb/Games/Nintendo-Switch-games/Crash-Bandicoot-4-It-s-About-Time-1916806.html,,,"english, french, german, italian, portuguese, russian, spanish",Crash Bandicoot™ 4: It’s About Time,EU
31,EVERSPACE 2: Galactic Edition,5808,永恒空间2 银河版,Nintendo Switch 2,12000,نعم,,https://www.nintendo.com/en-gb/Games/Nintendo-Switch-2-games/EVERSPACE-2-Galactic-Edition-3172817.html,,,"chinese, english, french, german, italian, japanese, korean, polish, portuguese, russian, spanish",EVERSPACE 2 - Galactic Edition,EU
32,ONE PIECE: PIRATE WARRIORS 4,1496,海贼无双4,Nintendo Switch 2,12000,نعم,https://www.nintendo.com/eu/media/images/05_packshots/games_13/nintendo_switch_8/PS_NSwitch_OnePiecePirateWarriors4_PEGI_image500w.jpg,https://www.nintendo.com/en-gb/Games/Nintendo-Switch-games/ONE-PIECE-PIRATE-WARRIORS-4-1741287.html,,,"english, french, german, italian, russian, spanish",ONE PIECE: PIRATE WARRIORS 4,EU
33,Shin Megami Tensei V: Vengeance,1496,真女神转生V Vengeance,Nintendo Switch,8000,نعم,,https://www.nintendo.com/en-gb/Games/Nintendo-Switch-games/Shin-Megami-Tensei-V-Vengeance-2523762.html,,,"english, french, german, italian, portuguese, russian, spanish",Shin Megami Tensei V: Vengeance,EU
34,MotoGP 26,2574,世界摩托车锦标赛26,Nintendo Switch 2,8000,نعم,,https://www.nintendo.com/en-gb/Games/Nintendo-Switch-games/MotoGP-26-3064707.html,,,"chinese, english, french, german, italian, japanese, portuguese, spanish",MotoGP™26,EU
35,Rhythm Heaven Groove,2142.8,节奏天国 奇迹之星,Nintendo Switch 2,7000,نعم,https://www.nintendo.com/eu/media/images/05_packshots/games_13/nintendo_3ds_download_software_1/PS_3DSDS_GrooveHeaven_image500w.png,https://www.nintendo.com/en-gb/Games/Nintendo-3DS-download-software/Groove-Heaven-758486.html,,,"english, french, german, italian, spanish",Groove Heaven,EU
36,Special Strike,2574,特种突击,Nintendo Switch 2,8000,نعم,,https://www.nintendo.com/en-gb/Games/Nintendo-Switch-download-software/Special-Strike-2840375.html,,,"chinese, english, french, german, italian, japanese, korean, spanish",Special Strike,EU
37,NARUTO X BORUTO Ultimate Ninja STORM CONNECTIONS,1711.6,火影忍者 究极风暴 羁绊,Nintendo Switch,9000,نعم,,https://www.nintendo.com/en-gb/Games/Nintendo-Switch-games/NARUTO-X-BORUTO-ULTIMATE-NINJA-STORM-CONNECTIONS-2448517.html,,,"english, french, german, italian, russian, spanish",NARUTO X BORUTO ULTIMATE NINJA STORM CONNECTIONS,EU
38,THE KING OF FIGHTERS XIII: GLOBAL MATCH,1496,拳皇13 GM,Nintendo Switch,8000,نعم,,https://www.nintendo.com/en-gb/Games/Nintendo-Switch-download-software/THE-KING-OF-FIGHTERS-XIII-GLOBAL-MATCH-Standard-Edition-2485587.html,,,"chinese, english, french, german, italian, japanese, korean, spanish",THE KING OF FIGHTERS XIII GLOBAL MATCH Standard Edition,EU
39,BANG! BANG! BANDITS,1496,砰砰土匪,Nintendo Switch 2,5000,نعم,,https://www.nintendo.com/en-gb/Games/Nintendo-Switch-download-software/BANG-BANG-BANDITS-3042107.html,,,"chinese, english, japanese, korean",BANG! BANG! BANDITS,EU
40,Devil May Cry 5 Special Edition,1711.6,鬼泣5 恶魔猎人版,Nintendo Switch 2,9000,نعم,,https://www.nintendo.com/en-gb/Games/Nintendo-Switch-2-games/Devil-May-Cry-5-Devil-Hunter-Edition-3109582.html,,,"chinese, english, french, german, italian, japanese, korean, polish, portuguese, russian, spanish",Devil May Cry 5 Devil Hunter Edition,EU
41,LEGO Batman: Legacy of the Dark Knight – Deluxe Edition,6886,乐高蝙蝠侠,Nintendo Switch 2,16000,نعم,,https://www.nintendo.com/en-gb/Games/Nintendo-Switch-2-games/LEGO-Batman-Legacy-of-the-Dark-Knight-2984554.html,,,"chinese, dutch, english, french, german, italian, japanese, korean, polish, portuguese, russian, spanish",LEGO® Batman™: Legacy of the Dark Knight,EU
42,DARK SOULS REMASTERED,2142.8,黑暗之魂 重制版,Nintendo Switch,11000,نعم,,https://store.nintendo.com.hk/70010000008802,70010000008802,Nintendo,中文,DARK SOULS™: Remastered,HK
43,Village in the Shade,5808,静谧田园,Nintendo Switch 2,12000,نعم,,https://www.nintendo.com/en-gb/Games/Nintendo-Switch-games/Village-in-the-Shade-3171056.html,,,"english, french, spanish",Village in the Shade,EU
44,FINAL FANTASY X/X-2 HD Remaster,1496,最终幻想10,Nintendo Switch 2,12000,نعم,,https://store.nintendo.com.hk/70010000016261,70010000016261,BANDAI NAMCO,中文,FINAL FANTASY X/X-2 HD Remaster,HK
45,DRAGON BALL Z: KAKAROT + A NEW POWER AWAKENS SET,1496,七龙珠Z 卡卡罗特,Nintendo Switch,8000,نعم,https://www.nintendo.com/eu/media/images/05_packshots/games_13/nintendo_switch_8/PS_NSwitch_DragonBallZKakarotANewPowerAwakensSet_PEGI_image500w.png,https://www.nintendo.com/en-gb/Games/Nintendo-Switch-games/DRAGON-BALL-Z-KAKAROT-A-NEW-POWER-AWAKENS-SET-1987413.html,,,"english, french, german, italian, portuguese, russian, spanish",DRAGON BALL Z : KAKAROT + A NEW POWER AWAKENS SET,EU
46,LEGO Marvel Super Heroes 2,1927.2,乐高漫威超级英雄2,Nintendo Switch,11000,نعم,https://www.nintendo.com/eu/media/images/05_packshots/games_13/wiiu_6/PS_WiiU_LegoMarvelSuperHeroes_PEGI7_image500w.png,https://www.nintendo.com/en-gb/Games/Wii-U-games/LEGO-Marvel-Super-Heroes-826166.html,,,"danish, dutch, english, french, german, italian, spanish",LEGO Marvel Super Heroes,EU
47,Lollipop Chainsaw RePOP,1927.2,电锯甜心 重制版,Nintendo Switch 2,7000,نعم,,https://www.nintendo.com/en-gb/Games/Nintendo-Switch-download-software/LOLLIPOP-CHAINSAW-RePOP-2633256.html,,,"chinese, english, french, german, italian, japanese, portuguese, spanish",LOLLIPOP CHAINSAW RePOP,EU
48,Jotunnslayer: Hordes of Hel – Collector's Edition,2142.8,巨人杀手 暗黑之潮,Nintendo Switch 2,7000,نعم,,https://www.nintendo.com/en-gb/Games/Nintendo-Switch-2-games/Jotunnslayer-Hordes-of-Hel-3139595.html,,,"chinese, english, french, german, italian, japanese, korean, portuguese, russian, spanish",Jotunnslayer: Hordes of Hel,EU
49,Marvel Ultimate Alliance 3: The Black Order,2574,漫威终极联盟3,Nintendo Switch,12000,نعم,,/switch/mua3/,,Nintendo,中文,MARVEL ULTIMATE ALLIANCE 3: The Black Order,HK
50,LEGO Star Wars: The Skywalker Saga,1496,乐高星球大战 天行者传奇,Nintendo Switch,8000,نعم,https://www.nintendo.com/eu/media/images/05_packshots/games_13/nintendo_switch_8/PS_NSwitch_LegoStarWarsTheSkywalkerSaga_enGB_image500w.jpg,https://www.nintendo.com/en-gb/Games/Nintendo-Switch-games/LEGO-Star-Wars-The-Skywalker-Saga-2157160.html,,,"chinese, dutch, english, french, german, italian, japanese, korean, portuguese, russian, spanish",LEGO® Star Wars™: The Skywalker Saga,EU
51,Sifu – Standard Edition,1711.6,师父,Nintendo Switch,7000,نعم,https://www.nintendo.com/eu/media/images/11_square_images/games_18/nintendo_switch_5/1x1_NSwitch_Sifu_image500w.jpg,https://www.nintendo.com/en-gb/Games/Nintendo-Switch-games/Sifu-2264655.html,,,"chinese, english, french, german, italian, japanese, korean, portuguese, russian, spanish",Sifu,EU
52,Mortal Kombat 1,1711.6,真人快打1,Nintendo Switch,9000,نعم,,https://www.nintendo.com/en-gb/Games/Nintendo-Switch-games/Mortal-Kombat-1-2393191.html,,,"chinese, english, french, german, italian, portuguese, russian, spanish",Mortal Kombat 1,EU
53,Sonic X Shadow Generations,1496,索尼克×暗影 世代,Nintendo Switch 2,12000,نعم,,https://www.nintendo.com/en-gb/Games/Nintendo-Switch-games/SONIC-X-SHADOW-GENERATIONS-2622600.html,,,"chinese, english, french, german, italian, japanese, korean, portuguese, russian, spanish",SONIC X SHADOW GENERATIONS,EU
54,Starsand Island,5808,星砂岛,Nintendo Switch 2,12000,نعم,,https://www.nintendo.com/en-gb/Games/Nintendo-Switch-2-games/Starsand-Island-3173808.html,,,"english, japanese",Starsand Island,EU
55,Fountains,2142.8,永泉传说,Nintendo Switch 2,7000,نعم,,https://www.nintendo.com/en-gb/Games/Nintendo-Switch-download-software/FOUNTAINS-3145896.html,,,"chinese, english, french, german, japanese, portuguese, russian, spanish",FOUNTAINS,EU
56,The Last Faith,1496,最后的信念,Nintendo Switch,5000,نعم,,https://www.nintendo.com/en-gb/Games/Nintendo-Switch-download-software/The-Last-Faith-2479907.html,,,"chinese, english, french, german, italian, japanese, korean, portuguese, russian, spanish",The Last Faith,EU
57,Idle Immortal – Deluxe Edition,2142.8,无休仙途,Nintendo Switch 2,7000,نعم,,https://www.nintendo.com/en-gb/Games/Nintendo-Switch-download-software/Idle-Immortal-3137362.html,,,"chinese, english, japanese",Idle Immortal,EU
58,JoJo's Bizarre Adventure: All-Star Battle R – Digital Ultimate Edition,1496,JOJO的奇妙冒险,Nintendo Switch,5000,نعم,https://www.nintendo.com/eu/media/images/05_packshots/games_13/nintendo_switch_8/PS_NSwitch_JojosBizarreAdventureAllStarBattleR_PEGI_image500w.jpg,https://www.nintendo.com/en-gb/Games/Nintendo-Switch-games/JoJo-s-Bizarre-Adventure-All-Star-Battle-R-2224154.html,,,"english, french, german, italian, spanish",JoJo's Bizarre Adventure: All-Star Battle R,EU
59,ASTRAL CHAIN,1496,异界锁链,Nintendo Switch,7000,نعم,,https://store.nintendo.com.hk/70010000022478,70010000022478,Nintendo,中文,异界锁链,HK
60,PAW Patrol World,2574,汪汪队立大功,Nintendo Switch,12000,نعم,,https://www.nintendo.com/en-gb/Games/Nintendo-Switch-games/PAW-Patrol-World-2425271.html,,,"chinese, dutch, english, french, german, italian, japanese, portuguese, spanish",PAW Patrol World,EU
61,Chained Together,1496,锁链相扣,Nintendo Switch 2,5000,نعم,,https://www.nintendo.com/en-gb/Games/Nintendo-Switch-download-software/Chained-Up-Together-2921571.html,,,english,Chained Up Together,EU
62,Donkey Kong Country: Tropical Freeze,2574,大金刚 森喜刚,Nintendo Switch,12000,نعم,https://www.nintendo.com/eu/media/images/05_packshots/games_13/wiiu_6/PS_WiiU_DonkeyKongCountryTropicalFreeze_NS_UKV_image500w.jpg,https://www.nintendo.com/en-gb/Games/Wii-U-games/Donkey-Kong-Country-Tropical-Freeze-765383.html,,,"english, french, german, italian, spanish",Donkey Kong Country: Tropical Freeze,EU
63,High on Life 2,1927.2,嗨嗨人生2,Nintendo Switch 2,7000,نعم,,https://www.nintendo.com/en-gb/Games/Nintendo-Switch-2-games/High-On-Life-2-3027965.html,,,"chinese, english, french, german, italian, portuguese, spanish",High On Life 2,EU
64,Kingdom Come: Deliverance – Royal Edition,1496,天国拯救 皇家版,Nintendo Switch 2,5000,نعم,,https://www.nintendo.com/en-gb/Games/Nintendo-Switch-games/Kingdom-Come-Deliverance-Royal-Edition-2524606.html,,,"chinese, english, french, german, italian, korean, polish, russian, spanish",Kingdom Come Deliverance – Royal Edition,EU
65,CRISIS CORE – FINAL FANTASY VII – REUNION,1496,最终幻想7 核心危机 重聚,Nintendo Switch,8000,نعم,https://www.nintendo.com/eu/media/images/05_packshots/games_13/nintendo_switch_8/PS_NSwitch_CrisisCoreFinalFantasyVIIReunion_Pegi_image500w.jpg,https://www.nintendo.com/en-gb/Games/Nintendo-Switch-games/CRISIS-CORE-FINAL-FANTASY-VII-REUNION-2265466.html,,,"chinese, english, french, german, italian, japanese, korean, spanish",CRISIS CORE –FINAL FANTASY VII– REUNION,EU
66,Fire Emblem: Fortune's Weave,7964,火焰纹章 万缕千丝,Nintendo Switch 2,16000,نعم,,https://www.nintendo.com/en-gb/Games/Nintendo-Switch-2-games/Fire-Emblem-Fortune-s-Weave-2915498.html,,,"chinese, english, french, german, italian, japanese, korean, spanish",Fire Emblem: Fortune's Weave ,EU
67,Cronos: The New Dawn,1496,时间旅者 重生曙光,Nintendo Switch 2,5000,نعم,,https://www.nintendo.com/en-gb/Games/Nintendo-Switch-2-games/Cronos-The-New-Dawn-2883430.html,,,"chinese, english, french, german, italian, japanese, korean, portuguese, russian, spanish",Cronos: The New Dawn,EU
68,Wolfenstein: Youngblood,1496,德军总部 新血脉,Nintendo Switch,8000,نعم,https://www.nintendo.com/eu/media/images/11_square_images/games_18/nintendo_switch_5/SQ_NSwitch_WolfensteinYoungblood_image500w.jpg,https://www.nintendo.com/en-gb/Games/Nintendo-Switch-games/Wolfenstein-Youngblood-Standard-Edition-1575858.html,,,"chinese, english, french, italian, korean, russian, spanish",Wolfenstein®: Youngblood™ Standard Edition,EU
69,ROMANCE OF THE THREE KINGDOMS 8 REMAKE,2358.4,三国志8 威力加强版,Nintendo Switch 2,8000,نعم,,https://www.nintendo.com/en-gb/Games/Nintendo-Switch-download-software/ROMANCE-OF-THE-THREE-KINGDOMS-8-REMAKE-2664882.html,,,english,ROMANCE OF THE THREE KINGDOMS 8 REMAKE,EU
70,L.A. Noire,1496,黑色洛城,Nintendo Switch,5000,نعم,https://www.nintendo.com/eu/media/images/05_packshots/games_13/nintendo_switch_8/PS_NSwitch_LANoire_UKonly_image500w.jpg,https://www.nintendo.com/en-gb/Games/Nintendo-Switch-games/L-A-Noire-1275924.html,,,"english, french, german, italian, russian, spanish",L.A. Noire,EU
71,Wo Long: Fallen Dynasty – Complete Edition,9042,卧龙 苍天陨落 完全版,Nintendo Switch 2,14000,نعم,,https://www.nintendo.com/en-gb/Games/Nintendo-Switch-2-games/Wo-Long-Fallen-Dynasty-Complete-Edition-3144155.html,,,"chinese, english, french, german, italian, japanese, korean, portuguese, russian, spanish",Wo Long: Fallen Dynasty Complete Edition,EU
72,Alan Wake Remastered,1496,心灵杀手 重制版,Nintendo Switch,5000,نعم,https://www.nintendo.com/eu/media/images/11_square_images/games_18/nintendo_switch_download_software/1x1_NSwitchDS_AlanWakeRemastered_image500w.jpg,https://www.nintendo.com/en-gb/Games/Nintendo-Switch-download-software/Alan-Wake-Remastered-2285278.html,,,"chinese, english, french, german, italian, japanese, korean, portuguese, russian, spanish",Alan Wake Remastered,EU
73,METAL GEAR SOLID: MASTER COLLECTION Vol.1,2358.4,合金装备 大师合集,Nintendo Switch,12000,نعم,,https://www.nintendo.com/en-gb/Games/Nintendo-Switch-games/METAL-GEAR-SOLID-MASTER-COLLECTION-Vol-1-2403805.html,,,"english, french, german, italian, japanese, spanish",METAL GEAR SOLID: MASTER COLLECTION Vol.1,EU
74,SHINOBI: Art of Vengeance – Deluxe Edition,1496,超级忍 反攻的斩击 豪华版,Nintendo Switch 2,12000,نعم,,https://www.nintendo.com/en-gb/Games/Nintendo-Switch-download-software/SHINOBI-Art-of-Vengeance-2852432.html,,,"chinese, english, french, german, italian, japanese, korean, portuguese, russian, spanish",SHINOBI: Art of Vengeance,EU
75,Heroine Anthem Zero 2: Scalescars Oath,2574,圣女之歌ZERO 2 鳞痕誓约,Nintendo Switch 2,8000,نعم,,https://www.nintendo.com/en-gb/Games/Nintendo-Switch-download-software/Heroine-Anthem-Zero-2-Scalescars-Oath-3060018.html,,,"chinese, english, japanese",Heroine Anthem Zero 2 : Scalescars Oath,EU
76,The Elder Scrolls V: Skyrim Anniversary Edition,1711.6,上古卷轴5 天际 周年纪念版,Nintendo Switch 2,9000,نعم,,https://www.nintendo.com/en-gb/Games/Nintendo-Switch-2-games/The-Elder-Scrolls-V-Skyrim-Anniversary-Edition-2983914.html,,,"chinese, english, french, german, italian, japanese, russian, spanish",The Elder Scrolls V: Skyrim Anniversary Edition,EU
77,Incantation,2142.8,咒,Nintendo Switch 2,7000,نعم,,https://www.nintendo.com/en-gb/Games/Nintendo-Switch-download-software/Incantation-3036070.html,,,"chinese, english, french, german, japanese, korean, portuguese, spanish",Incantation,EU
78,Momotaro Dentetsu 2,3652,桃太郎电铁2,Nintendo Switch 2,11000,نعم,,https://www.nintendo.com/en-gb/Games/Nintendo-Switch-download-software/Fairytale-Theatre-Momotaro-s-Adventure-2502293.html,,,"english, japanese",Fairytale Theatre-Momotaro's Adventure-,EU
79,OFC: Ultimate Fighting Club,1496,OFC 终极格斗俱乐部,Nintendo Switch,5000,نعم,,https://www.nintendo.com/en-gb/Games/Nintendo-Switch-download-software/OFC-Ultimate-Fighting-Club-2934301.html,,,english,OFC - Ultimate Fighting Club,EU
80,Trinity Fusion,1496,三位一体融合,Nintendo Switch,5000,نعم,,https://www.nintendo.com/en-gb/Games/Nintendo-Switch-download-software/Trinity-Fusion-2600132.html,,,"chinese, english, french, german, japanese, portuguese, spanish",Trinity Fusion,EU
81,Orbitals,4730,轨道双子星,Nintendo Switch 2,12000,نعم,https://www.nintendo.com/eu/media/images/11_square_images/games_18/wii_u_download_software_3/SQ_WiiUDS_ORBIT_image500w.jpg,https://www.nintendo.com/en-gb/Games/Wii-U-download-software/ORBIT-1215666.html,,,english,ORBIT,EU
82,Sonic Racing: CrossWorlds,1711.6,索尼克赛车 交叉世界,Nintendo Switch 2,9000,نعم,,https://www.nintendo.com/en-gb/Games/Nintendo-Switch-games/Sonic-Racing-CrossWorlds-2875478.html,,,"chinese, english, french, german, italian, japanese, korean, portuguese, russian, spanish",Sonic Racing: CrossWorlds,EU
83,Diablo III: Eternal Collection,1711.6,暗黑破坏神3 永恒之战版,Nintendo Switch,9000,نعم,https://www.nintendo.com/eu/media/images/05_packshots/games_13/nintendo_switch_8/PS_NSwitch_DiabloIIIEternalCollection_enGB_image500w.jpg,https://www.nintendo.com/en-gb/Games/Nintendo-Switch-games/Diablo-III-Eternal-Collection-1417875.html,,,"chinese, english, french, german, italian, japanese, korean, portuguese, russian, spanish",Diablo III: Eternal Collection,EU
84,BlazBlue Entropy Effect X,1496,苍翼 混沌效应X,Nintendo Switch 2,5000,نعم,,https://www.nintendo.com/en-gb/Games/Nintendo-Switch-download-software/Blazblue-Entropy-Effect-X-2960868.html,,,"chinese, english, french, german, japanese, portuguese, russian, spanish",Blazblue Entropy Effect X,EU
85,Prince of Persia: The Lost Crown,1496,波斯王子 失落的王冠,Nintendo Switch,8000,نعم,,https://www.nintendo.com/en-gb/Games/Nintendo-Switch-games/Prince-of-Persia-The-Lost-Crown-2398221.html,,,"chinese, english, french, german, japanese, korean, portuguese, russian, spanish",Prince of Persia™: The Lost Crown,EU
86,Donkey Kong Country Returns HD,1927.2,咚奇刚 回归 HD,Nintendo Switch,11000,نعم,,https://www.nintendo.com/en-gb/Games/Nintendo-Switch-games/Donkey-Kong-Country-Returns-HD-2590475.html,,,"chinese, dutch, english, french, german, italian, japanese, korean, spanish",Donkey Kong Country Returns HD,EU
87,Extremely Powerful Capybaras,1496,无敌水豚,Nintendo Switch 2,5000,نعم,,https://www.nintendo.com/en-gb/Games/Nintendo-Switch-download-software/Extremely-Powerful-Capybaras-2899095.html,,,"chinese, english, japanese, korean, portuguese",Extremely Powerful Capybaras,EU
88,Kirby's Return to Dream Land Deluxe,1711.6,星之卡比 Wii 豪华版,Nintendo Switch,9000,نعم,https://www.nintendo.com/eu/media/images/11_square_images/games_18/nintendo_switch_5/1x1_NSwitch_KirbysReturnToDreamLandDeluxe_image500w.jpg,https://www.nintendo.com/en-gb/Games/Nintendo-Switch-games/Kirby-s-Return-to-Dream-Land-Deluxe-2267334.html,,,"chinese, dutch, english, french, german, italian, japanese, korean, portuguese, spanish",Kirby's Return to Dream Land Deluxe,EU
89,Teenage Mutant Ninja Turtles: Shredder's Revenge,1496,忍者神龟 施莱德的复仇,Nintendo Switch,8000,نعم,https://www.nintendo.com/eu/media/images/11_square_images/games_18/nintendo_switch_download_software/SQ_NSwitchDS_TMNTShreddersRevenge_image500w.jpg,https://www.nintendo.com/en-gb/Games/Nintendo-Switch-download-software/Teenage-Mutant-Ninja-Turtles-Shredder-s-Revenge-1951281.html,,,"english, french, german, italian, japanese, portuguese, spanish",Teenage Mutant Ninja Turtles: Shredder's Revenge,EU
90,THE HOUSE OF THE DEAD 2: Remake,1496,死亡之屋2 重制版,Nintendo Switch 2,5000,نعم,,https://www.nintendo.com/en-gb/Games/Nintendo-Switch-download-software/THE-HOUSE-OF-THE-DEAD-2-Remake-2886637.html,,,"chinese, english, french, german, italian, japanese, portuguese, spanish",THE HOUSE OF THE DEAD 2: Remake,EU
91,STEINS;GATE ELITE,1711.6,命运石之门 精英,Nintendo Switch 2,6000,نعم,https://www.nintendo.com/eu/media/images/11_square_images/games_18/nintendo_switch_5/SQ_NSwitch_SteinsGateElite_image500w.jpg,https://www.nintendo.com/en-gb/Games/Nintendo-Switch-games/STEINS-GATE-ELITE-1515441.html,,,english,STEINS;GATE ELITE,EU
92,Double Dragon Revive,1496,双截龙 复兴,Nintendo Switch 2,12000,نعم,,https://www.nintendo.com/en-gb/Games/Nintendo-Switch-games/Double-Dragon-Revive-2934325.html,,,"chinese, english, french, german, italian, japanese, korean, portuguese, spanish",Double Dragon Revive,EU
93,Captain Tsubasa: Rise of New Champions,1496,队长小翼 新秀崛起,Nintendo Switch,5000,نعم,https://www.nintendo.com/eu/media/images/05_packshots/games_13/nintendo_switch_8/PS_NSwitch_CaptainTsubasaRiseOfNewChampions_PEGI_image500w.jpg,https://www.nintendo.com/en-gb/Games/Nintendo-Switch-games/Captain-Tsubasa-Rise-of-New-Champions-1818954.html,,,"english, french, german, italian, spanish",Captain Tsubasa: Rise of New Champions,EU
94,Metroid Prime Remastered,1496,密特罗德 究极 重制版,Nintendo Switch,8000,نعم,https://www.nintendo.com/eu/media/images/05_packshots/games_13/nintendo_switch_8/PS_NSwitch_MetroidPrimeRemastered_PEGI_image500w.png,https://www.nintendo.com/en-gb/Games/Nintendo-Switch-games/Metroid-Prime-Remastered-2341668.html,,,"chinese, dutch, english, french, german, italian, japanese, korean, spanish",Metroid Prime Remastered,EU
95,MOUSE: P.I. For Hire,1496,鼠探 私家侦探,Nintendo Switch 2,5000,نعم,,https://www.nintendo.com/en-gb/Games/Nintendo-Switch-2-games/MOUSE-P-I-For-Hire-3060226.html,,,"chinese, english, french, german, italian, japanese, korean, polish, portuguese, russian, spanish",MOUSE: P.I. For Hire,EU
96,MONSTER HUNTER RISE + Sunbreak Deluxe,1496,怪物猎人 崛起,Nintendo Switch,8000,نعم,https://www.nintendo.com/eu/media/images/05_packshots/games_13/nintendo_switch_8/PS_NSwitch_MonsterHunterRise_PEGI_image500w.jpg,https://www.nintendo.com/en-gb/Games/Nintendo-Switch-games/MONSTER-HUNTER-RISE-1843169.html,,,"chinese, english, french, german, italian, japanese, korean, portuguese, russian, spanish",MONSTER HUNTER RISE,EU
97,Capcom Fighting Collection 2,1496,卡普空格斗合集2,Nintendo Switch,8000,نعم,,https://www.nintendo.com/en-gb/Games/Nintendo-Switch-games/Capcom-Fighting-Collection-2-2747143.html,,,"chinese, english, french, german, italian, japanese, korean, portuguese, russian, spanish",Capcom Fighting Collection 2,EU
98,SpongeBob: Krusty Cook-Off,1711.6,海绵宝宝,Nintendo Switch,9000,نعم,https://www.nintendo.com/eu/media/images/11_square_images/games_18/nintendo_switch_download_software/SQ_NSwitchDS_SpongebobKrustyCookOff_EN_image500w.jpg,https://www.nintendo.com/en-gb/Games/Nintendo-Switch-download-software/SpongeBob-Krusty-Cook-Off-1968811.html,,,"chinese, english, french, german, italian, japanese, korean, portuguese, russian, spanish",SpongeBob: Krusty Cook-Off,EU
99,Borderlands 3: Ultimate Edition,2358.4,无主之地3,Nintendo Switch,12000,نعم,,https://www.nintendo.com/en-gb/Games/Nintendo-Switch-games/Borderlands-3-Ultimate-Edition-2445001.html,,,"chinese, english, french, german, italian, japanese, korean, portuguese, russian, spanish",Borderlands 3 Ultimate Edition,EU
100,Patapon 1+2 Replay,1496,啪嗒砰 1+2 重制版,Nintendo Switch 2,5000,نعم,,https://www.nintendo.com/en-gb/Games/Nintendo-Switch-games/PATAPON-1-2-REPLAY-2804105.html,,,"chinese, english, french, german, italian, japanese, korean, spanish",PATAPON 1+2 REPLAY,EU
101,Marvel Cosmic Invasion,1496,漫威宇宙入侵,Nintendo Switch 2,12000,نعم,,https://www.nintendo.com/en-gb/Games/Nintendo-Switch-download-software/MARVEL-Cosmic-Invasion-2945140.html,,,"english, french, german, italian, portuguese, russian, spanish",MARVEL Cosmic Invasion,EU
102,Drag x Drive,1496,拖曳突破,Nintendo Switch 2,5000,نعم,,https://www.nintendo.com/en-gb/Games/Nintendo-Switch-2-games/Drag-x-Drive-2785803.html,,,"chinese, dutch, english, french, german, italian, japanese, korean, portuguese, spanish",Drag x Drive,EU
103,Sid Meier's Civilization VII,1496,文明7,Nintendo Switch 2,12000,نعم,,https://www.nintendo.com/en-gb/Games/Nintendo-Switch-games/Sid-Meier-s-Civilization-VII-2637632.html,,,"chinese, english, french, german, italian, japanese, korean, portuguese, russian, spanish",Sid Meier's Civilization® VII,EU
104,Fashion Dreamer,1496,时尚造梦,Nintendo Switch,5000,نعم,,https://www.nintendo.com/en-gb/Games/Nintendo-Switch-games/Fashion-Dreamer-2339423.html,,,"chinese, english, french, german, italian, japanese, korean, spanish",Fashion Dreamer,EU
105,FATAL FRAME: Maiden of Black Water,1496,零 濡鸦之巫女,Nintendo Switch,5000,نعم,https://www.nintendo.com/eu/media/images/05_packshots/games_13/wiiu_6/PS_WiiU_ProjectZeroMaidenOfBlackWater_EU8_image500w.jpg,https://www.nintendo.com/en-gb/Games/Wii-U-games/Project-Zero-Maiden-of-Black-Water-1030005.html,,,"english, french, german",Project Zero: Maiden of Black Water,EU
106,Kunitsu-Gami: Path of the Goddess,1496,祇 女神之道,Nintendo Switch 2,5000,نعم,,https://www.nintendo.com/en-gb/Games/Nintendo-Switch-2-games/Kunitsu-Gami-Path-of-the-Goddess-2807503.html,,,"chinese, english, french, german, italian, japanese, korean, portuguese, russian, spanish",Kunitsu-Gami: Path of the Goddess,EU
107,DRAGON QUEST I & II HD-2D Remake,2574,勇者斗恶龙1·2 HD-2D版,Nintendo Switch 2,12000,نعم,,https://www.nintendo.com/en-gb/Games/Nintendo-Switch-games/DRAGON-QUEST-I-II-HD-2D-Remake-2909900.html,,,"chinese, english, french, german, italian, japanese, korean, spanish",DRAGON QUEST I & II HD-2D Remake,EU
108,ONE PIECE: PIRATE WARRIORS 3 – Deluxe Edition,1496,海贼无双3 豪华版,Nintendo Switch 2,12000,نعم,https://www.nintendo.com/eu/media/images/05_packshots/games_13/nintendo_switch_8/PS_NSwitch_OnePiecePirateWarriors3DeluxeEdition_PEGI_image500w.jpg,https://www.nintendo.com/en-gb/Games/Nintendo-Switch-games/ONE-PIECE-PIRATE-WARRIORS-3-Deluxe-Edition-1376229.html,,,"chinese, english, french, german, italian, spanish",ONE PIECE: PIRATE WARRIORS 3 - Deluxe Edition,EU
109,WILD HEARTS,1496,荒野之心,Nintendo Switch 2,5000,نعم,https://www.nintendo.com/eu/media/images/05_packshots/games_13/nintendo_switch_8/PS_NSwitch_TheWildAtHeart_PEGI_image500w.jpg,https://www.nintendo.com/en-gb/Games/Nintendo-Switch-games/The-Wild-at-Heart-2078814.html,,,"chinese, english, french, german, japanese, korean, portuguese, spanish",The Wild at Heart,EU
110,No Man's Sky,1711.6,无人深空,Nintendo Switch 2,7000,نعم,https://www.nintendo.com/eu/media/images/11_square_images/games_18/nintendo_switch_download_software/SQ_NSwitchDS_NoMansSky_image500w.jpg,https://www.nintendo.com/en-gb/Games/Nintendo-Switch-download-software/No-Man-s-Sky-2169216.html,,,"chinese, dutch, english, french, german, italian, japanese, korean, portuguese, russian, spanish",No Man's Sky,EU
111,Super Mario 3D All-Stars,1711.6,超级马力欧 3D全明星,Nintendo Switch,9000,نعم,https://www.nintendo.com/eu/media/images/05_packshots/games_13/nintendo_switch_8/PS_NSwitch_SuperMario3DAllstars_PEGI_image500w.jpg,https://www.nintendo.com/en-gb/Games/Nintendo-Switch-games/Super-Mario-3D-All-Stars-1832369.html,,,"english, french, german, japanese",Super Mario 3D All-Stars,EU
112,Metal Slug 1,1496,合金弹头1,Nintendo Switch,8000,نعم,https://www.nintendo.com/eu/media/images/migration/games_7/packshot/nintendo3ds_dls_1/landscape_3/MetalSlug_02_rdax_90x67_image500w.png,https://www.nintendo.com/en-gb/Games/Virtual-Console-Wii-/Metal-Slug-278161.html,,,,Metal Slug,EU
113,Captain Tsubasa: Rise of New Champions 2,7964,队长小翼2 世界群星,Nintendo Switch 2,14000,نعم,https://www.nintendo.com/eu/media/images/05_packshots/games_13/nintendo_switch_8/PS_NSwitch_CaptainTsubasaRiseOfNewChampions_PEGI_image500w.jpg,https://www.nintendo.com/en-gb/Games/Nintendo-Switch-games/Captain-Tsubasa-Rise-of-New-Champions-1818954.html,,,"english, french, german, italian, spanish",Captain Tsubasa: Rise of New Champions,EU
114,FATAL FRAME: Mask of the Lunar Eclipse,1496,零 月蚀的假面,Nintendo Switch,5000,نعم,https://www.nintendo.com/eu/media/images/11_square_images/games_18/nintendo_switch_download_software/1x1_NSwitchDS_ProjectZeroMaskOfTheLunarEclipse_image500w.jpg,https://www.nintendo.com/en-gb/Games/Nintendo-Switch-download-software/PROJECT-ZERO-Mask-of-the-Lunar-Eclipse-2264589.html,,,"english, french, german",PROJECT ZERO: Mask of the Lunar Eclipse,EU
115,Big Brain Academy: Brain vs. Brain,1927.2,灵活脑学校,Nintendo Switch,7000,نعم,https://www.nintendo.com/eu/media/images/11_square_images/games_18/nintendo_switch_5/SQ_NSwitch_BigBrainAcademyBrainVsBrain_enGB_image500w.jpg,https://www.nintendo.com/en-gb/Games/Nintendo-Switch-games/Big-Brain-Academy-Brain-vs-Brain-2034538.html,,,"chinese, dutch, english, french, german, italian, japanese, korean, russian, spanish",Big Brain Academy: Brain vs. Brain,EU
116,Fire Emblem Warriors: Three Hopes,1496,火焰纹章无双 风花雪月,Nintendo Switch,8000,نعم,https://www.nintendo.com/eu/media/images/11_square_images/games_18/nintendo_switch_5/1x1_NSwitch_FireEmblemWarriorsThreeHopes_image500w.jpg,https://www.nintendo.com/en-gb/Games/Nintendo-Switch-games/Fire-Emblem-Warriors-Three-Hopes-2169456.html,,,"chinese, english, french, german, italian, japanese, korean, spanish",Fire Emblem Warriors: Three Hopes,EU
117,Pokémon FireRed / LeafGreen,1496,精灵宝可梦 火红/叶绿,Nintendo Switch,8000,نعم,https://www.nintendo.com/eu/media/images/migration/games_7/packshot/gameboyadvance_1/other_5/pokmon_leafgreen_rdax_90x90_image500w.png,https://www.nintendo.com/en-gb/Games/Game-Boy-Advance/Pokemon-LeafGreen-267134.html,,,,Pokémon LeafGreen,EU
118,Assassin's Creed: The Rebel Collection,1711.6,刺客信条 叛变合集,Nintendo Switch,9000,نعم,https://www.nintendo.com/eu/media/images/05_packshots/games_13/nintendo_switch_8/PS_NSwitch_AssassinsCreedTheRebelCollection_PEGI_image500w.jpg,https://www.nintendo.com/en-gb/Games/Nintendo-Switch-games/Assassin-s-Creed-The-Rebel-Collection-1683980.html,,,"chinese, dutch, english, french, german, italian, japanese, korean, portuguese, russian, spanish",Assassin’s Creed®: The Rebel Collection,EU
119,LEGO City Undercover,1711.6,乐高都市 卧底风云,Nintendo Switch,9000,نعم,https://www.nintendo.com/eu/media/images/05_packshots/games_13/wiiu_6/PS_WiiU_LegoCityUnderCover_NS_UKV_image500w.jpg,https://www.nintendo.com/en-gb/Games/Wii-U-games/LEGO-CITY-Undercover-653779.html,,,"danish, dutch, english, french, german, italian, portuguese, russian, spanish",LEGO CITY Undercover,EU
120,World War Z,1496,僵尸世界大战,Nintendo Switch 2,5000,نعم,https://www.nintendo.com/eu/media/images/11_square_images/games_18/nintendo_switch_5/SQ_NSwitch_WorldWarZ_image500w.jpg,https://www.nintendo.com/en-gb/Games/Nintendo-Switch-games/World-War-Z-2037593.html,,,"chinese, english, french, german, italian, portuguese, russian, spanish",World War Z,EU
121,Stardew Valley,1496,星露谷物语,Nintendo Switch,8000,نعم,https://www.nintendo.com/eu/media/images/11_square_images/games_18/nintendo_switch_download_software/SQ_NSwitchDS_StardewValley_image500w.jpg,https://www.nintendo.com/en-gb/Games/Nintendo-Switch-download-software/Stardew-Valley-1287587.html,,,"chinese, english, french, german, italian, japanese, korean, portuguese, russian, spanish",Stardew Valley,EU
122,KUUKIYOMI 4,1496,大家一起读空气4,Nintendo Switch 2,5000,نعم,,https://www.nintendo.com/en-gb/Games/Nintendo-Switch-download-software/KUUKIYOMI-4-Consider-It-2700730.html,,,"chinese, english, japanese, korean",KUUKIYOMI 4: Consider It,EU
123,Kena: Bridge of Spirits,1496,柯娜 灵魂之桥,Nintendo Switch 2,5000,نعم,,https://www.nintendo.com/en-gb/Games/Nintendo-Switch-2-games/Kena-Bridge-of-Spirits-3054992.html,,,"chinese, english, french, german, italian, japanese, korean, polish, portuguese, russian, spanish",Kena: Bridge of Spirits,EU
124,Mina the Hollower,1496,米娜地鼠探险,Nintendo Switch 2,5000,نعم,,https://www.nintendo.com/en-gb/Games/Nintendo-Switch-download-software/Mina-the-Hollower-2887790.html,,,"chinese, english, french, german, italian, japanese, korean, portuguese, russian, spanish",Mina the Hollower,EU
125,Back to the Dawn,2358.4,动物迷城,Nintendo Switch 2,8000,نعم,,https://www.nintendo.com/en-gb/Games/Nintendo-Switch-download-software/Back-to-the-Dawn-3015376.html,,,"chinese, english, japanese, korean",Back to the Dawn,EU
126,Moving Out 2,1711.6,胡闹搬家2,Nintendo Switch,7000,نعم,,https://www.nintendo.com/en-gb/Games/Nintendo-Switch-download-software/Moving-Out-Moving-out-2-Bundle-2432682.html,,,"chinese, english, french, german, italian, japanese, korean, portuguese, russian, spanish",Moving Out & Moving out 2 Bundle,EU
127,Disney Tsum Tsum Festival,1496,迪士尼 Tsum Tsum 嘉年华,Nintendo Switch 2,12000,نعم,,https://store.nintendo.com.hk/70010000022756,70010000022756,BANDAI NAMCO,中文,Disney TSUM TSUM FESTIVAL,HK
128,Ball x Pit,1496,球池,Nintendo Switch 2,5000,نعم,,https://www.nintendo.com/en-gb/Games/Nintendo-Switch-download-software/BALL-x-PIT-2931076.html,,,"chinese, english, french, german, italian, japanese, korean, polish, portuguese, russian, spanish",BALL x PIT,EU
129,Clubhouse Games: 51 Worldwide Classics,1496,世界游戏大全51,Nintendo Switch,5000,نعم,,https://store.nintendo.com.hk/70010000029719,70010000029719,Nintendo,中文,世界游戏大全51,HK
130,Minecraft Dungeons: Ultimate Edition,1711.6,我的世界 地下城,Nintendo Switch,9000,نعم,https://www.nintendo.com/eu/media/images/05_packshots/games_13/nintendo_switch_8/PS_NSwitch_MinecraftDungeons_enGB_image500w.jpg,https://www.nintendo.com/en-gb/Games/Nintendo-Switch-games/Minecraft-Dungeons-1749059.html,,,"chinese, english, french, german, italian, japanese, korean, portuguese, russian, spanish",Minecraft Dungeons,EU
131,Kukoos: Lost Pets,1496,库酷族 遗失的宠物,Nintendo Switch,5000,نعم,https://www.nintendo.com/eu/media/images/11_square_images/games_18/nintendo_switch_5/1x1_NSwitch_KukoosLostPets_image500w.jpg,https://www.nintendo.com/en-gb/Games/Nintendo-Switch-games/Kukoos-Lost-Pets-2304894.html,,,"chinese, dutch, english, french, german, italian, japanese, korean, portuguese, russian, spanish",Kukoos: Lost Pets,EU
132,9 R.I.P.,4730,九人安息 [Switch],Nintendo Switch,12000,نعم,,https://www.nintendo.com/en-gb/Games/Nintendo-Switch-games/9-R-I-P-2651251.html,,,english,9 R.I.P.,EU
133,9 R.I.P.,5808,九人安息 [Switch 2],Nintendo Switch 2,12000,نعم,,https://www.nintendo.com/en-gb/Games/Nintendo-Switch-games/9-R-I-P-2651251.html,,,english,9 R.I.P.,EU
134,Railway Nippon! Real Pro,1927.2,铁路日本,Nintendo Switch 2,7000,لا — يابانية/صينية,https://www.nintendo.com/eu/media/images/11_square_images/games_18/nintendo_switch_download_software/SQ_NSwitchDS_NipponMarathon_image500w.jpg,https://www.nintendo.com/en-gb/Games/Nintendo-Switch-download-software/Nippon-Marathon-1487307.html,,,"chinese, english, japanese, korean",Nippon Marathon,EU
135,Human: Fall Flat,1496,人类 一败涂地,Nintendo Switch,7000,نعم,https://www.nintendo.com/eu/media/images/05_packshots/games_13/nintendo_switch_8/PS_NSwitch_HumanFallFlat_PEGI_image500w.jpg,https://www.nintendo.com/en-gb/Games/Nintendo-Switch-download-software/Human-Fall-Flat-1313380.html,,,"chinese, english, french, german, japanese, korean, russian, spanish",Human: Fall Flat,EU
136,Rabbids: Party of Legends,1496,疯狂兔子 传奇派对,Nintendo Switch,5000,نعم,https://www.nintendo.com/eu/media/images/11_square_images/games_18/nintendo_switch_5/1x1_NSwitch_RabbidsPartyOfLegends_EN_image500w.jpg,https://www.nintendo.com/en-gb/Games/Nintendo-Switch-games/Rabbids-Party-of-Legends-2212470.html,,,"chinese, dutch, english, french, german, italian, japanese, korean, portuguese, russian, spanish",Rabbids: Party of Legends,EU
137,Assassin's Creed III Remastered,1927.2,刺客信条3 重制版,Nintendo Switch,11000,نعم,https://www.nintendo.com/eu/media/images/05_packshots/games_13/nintendo_switch_8/PS_NSwitch_AssassinsCreedIIIDefinitiveEdition_enGB_image500w.jpg,https://www.nintendo.com/en-gb/Games/Nintendo-Switch-games/Assassin-s-Creed-III-Remastered-1514676.html,,,"chinese, dutch, english, french, german, italian, japanese, korean, portuguese, russian, spanish",Assassin's Creed® III Remastered,EU
138,GUNDAM BREAKER 4,1927.2,高达破坏者4,Nintendo Switch,11000,نعم,,https://www.nintendo.com/en-gb/Games/Nintendo-Switch-download-software/GUNDAM-BREAKER-4-2523325.html,,,"english, french, german, italian, japanese, portuguese, spanish",GUNDAM BREAKER 4,EU
139,Fire Emblem Engage,1711.6,火焰纹章 契约勇士,Nintendo Switch,9000,نعم,https://www.nintendo.com/eu/media/images/11_square_images/games_18/nintendo_switch_5/1x1_NSwitch_FireEmblemEngage_EU_image500w.jpg,https://www.nintendo.com/en-gb/Games/Nintendo-Switch-games/Fire-Emblem-Engage-2267157.html,,,"chinese, english, french, german, italian, japanese, korean, spanish",Fire Emblem Engage,EU
140,South of Midnight – Weaver's Edition,1496,午夜以南,Nintendo Switch 2,5000,نعم,,https://www.nintendo.com/en-gb/Games/Nintendo-Switch-2-games/South-of-Midnight-Weaver-s-Edition-3044225.html,,,"chinese, dutch, english, french, german, italian, japanese, korean, polish, portuguese, russian, spanish",South of Midnight Weaver's Edition,EU
141,F1 Manager 24,1496,F1车队经理24,Nintendo Switch,5000,نعم,,https://www.nintendo.com/en-gb/Games/Nintendo-Switch-download-software/F1-Manager-2024-2618856.html,,,"chinese, dutch, english, french, german, italian, japanese, portuguese, russian, spanish",F1® Manager 2024,EU
142,DYNAMIC CHORD,4730,动态和弦,Nintendo Switch 2,12000,نعم,,https://www.nintendo.com/en-gb/Games/Nintendo-Switch-games/Fairy-Fencer-F-Refrain-Chord-2357968.html,,,english,Fairy Fencer F: Refrain Chord,EU
143,NARUTO SHIPPUDEN: Ultimate Ninja STORM 4 ROAD TO BORUTO,1711.6,火影忍者 究极风暴4 博人传,Nintendo Switch,9000,نعم,https://www.nintendo.com/eu/media/images/05_packshots/games_13/nintendo_switch_8/PS_NSwitch_NarutoShippudenUltimateNinjaStorm4RoadToBoruto_PEGI_image500w.jpg,https://www.nintendo.com/en-gb/Games/Nintendo-Switch-games/NARUTO-SHIPPUDEN-Ultimate-Ninja-STORM-4-ROAD-TO-BORUTO-1728717.html,,,"english, french, german, italian, russian, spanish",NARUTO SHIPPUDEN™: Ultimate Ninja® STORM 4 ROAD TO BORUTO,EU
144,Super Bunny Man,1496,超级兔子人,Nintendo Switch,5000,نعم,,https://www.nintendo.com/en-gb/Games/Nintendo-Switch-download-software/Super-Bunny-Man-2690738.html,,,"chinese, english, french, german, italian, japanese, korean, portuguese, russian, spanish",Super Bunny Man,EU
145,Kirby Star Allies,1927.2,星之卡比 新星同盟,Nintendo Switch,11000,نعم,,https://store.nintendo.com.hk/70010000009382,70010000009382,Nintendo,中文,星之卡比 新星同盟,HK
146,Warriors: Abyss,1496,无双深渊,Nintendo Switch,5000,نعم,,https://www.nintendo.com/en-gb/Games/Nintendo-Switch-download-software/WARRIORS-Abyss-2750369.html,,,"chinese, english, french, german, italian, korean, spanish",WARRIORS: Abyss,EU
147,DIABOLIK LOVERS: Lunatic Parade,4730,魔鬼恋人 狂乱命运,Nintendo Switch 2,12000,لا — يابانية/صينية,,https://www.nintendo.com/en-gb/Games/Nintendo-Switch-download-software/Nightmare-The-Lunatic-2968740.html,,,"english, french, german, italian, portuguese, russian, spanish",Nightmare: The Lunatic,EU
148,Pokkén Tournament DX,1496,口袋铁拳 宝可梦,Nintendo Switch,5000,نعم,https://www.nintendo.com/eu/media/images/11_square_images/games_18/nintendo_switch_5/SQ_NSwitch_PokkenTournamentDX_image500w.jpg,https://www.nintendo.com/en-gb/Games/Nintendo-Switch-games/Pokken-Tournament-DX-1231536.html,,,"english, french, german, italian, japanese, spanish",Pokkén Tournament DX,EU
149,Hatsune Miku: Project DIVA MEGA39's,1711.6,初音未来 歌姬计划 MEGA39's,Nintendo Switch,9000,نعم,https://www.nintendo.com/eu/media/images/11_square_images/games_18/nintendo_switch_download_software/SQ_NSwitchDS_HatsuneMikuProjectDivaMegaMix_image500w.jpg,https://www.nintendo.com/en-gb/Games/Nintendo-Switch-download-software/Hatsune-Miku-Project-DIVA-Mega-Mix-1766653.html,,,english,Hatsune Miku: Project DIVA Mega Mix,EU
150,The Legend of Heroes: Trails beyond the Horizon,2574,英雄传说 超越天际的轨迹,Nintendo Switch 2,12000,نعم,,https://www.nintendo.com/en-gb/Games/Nintendo-Switch-2-games/The-Legend-of-Heroes-Trails-beyond-the-Horizon-2992855.html,,,english,The Legend of Heroes: Trails beyond the Horizon,EU
151,DAEMON X MACHINA: Titanic Scion,1496,机甲战魔 神话之篇,Nintendo Switch 2,5000,نعم,,https://www.nintendo.com/en-gb/Games/Nintendo-Switch-2-games/Daemon-X-Machina-Titanic-Scion-2849025.html,,,"chinese, english, french, german, italian, japanese, korean, spanish",Daemon X Machina: Titanic Scion,EU
152,Contra: Operation Galuga,1496,魂斗罗 加鲁加行动,Nintendo Switch,8000,نعم,,https://www.nintendo.com/en-gb/Games/Nintendo-Switch-download-software/Contra-Operation-Galuga-2440196.html,,,"chinese, english, french, german, italian, japanese, korean, portuguese, russian, spanish",Contra: Operation Galuga,EU
153,Have a Nice Death,1496,祝你好死,Nintendo Switch,5000,نعم,https://www.nintendo.com/eu/media/images/11_square_images/games_18/nintendo_switch_download_software/1x1_NSwitchDS_HaveANiceDeath_image500w.jpg,https://www.nintendo.com/en-gb/Games/Nintendo-Switch-download-software/Have-A-Nice-Death-2293833.html,,,"chinese, english, french, german, italian, japanese, korean, portuguese, russian, spanish",Have A Nice Death,EU
154,Chained Together,1496,链在一起攀登,Nintendo Switch,5000,نعم,,https://www.nintendo.com/en-gb/Games/Nintendo-Switch-download-software/Chained-Up-Together-2921571.html,,,english,Chained Up Together,EU
155,Attack on Titan 2,1927.2,进击的巨人2,Nintendo Switch,11000,نعم,https://www.nintendo.com/eu/media/images/03_teaser_module_1_square/games_3/nintendo_3ds_download_software_4/TM_3DSDS_TitanAttacks_image500w.jpg,https://www.nintendo.com/en-gb/Games/Nintendo-3DS-download-software/Titan-Attacks--960210.html,,,"english, french, german, spanish",Titan Attacks!,EU
156,Zombie Army 4: Dead War,1711.6,僵尸部队4,Nintendo Switch,7000,نعم,https://www.nintendo.com/eu/media/images/05_packshots/games_13/nintendo_switch_8/PS_NSwitch_ZombieArmy4DeadWar_PEGI_image500w.jpg,https://www.nintendo.com/en-gb/Games/Nintendo-Switch-games/Zombie-Army-4-Dead-War-2170731.html,,,"chinese, english, french, german, italian, japanese, korean, russian, spanish",Zombie Army 4: Dead War,EU
157,SAMURAI SHODOWN,1496,侍魂 晓,Nintendo Switch,8000,نعم,,https://store.nintendo.com.hk/70010000023476,70010000023476,SNK,中文,SAMURAI SHODOWN,HK
158,Fitness Boxing feat. HATSUNE MIKU,1496,健身拳击 初音未来,Nintendo Switch,8000,نعم,,https://www.nintendo.com/en-gb/Games/Nintendo-Switch-games/Fitness-Boxing-feat-HATSUNE-MIKU-2618708.html,,,"chinese, english, french, german, italian, korean, spanish",Fitness Boxing feat. HATSUNE MIKU,EU
159,SNK VS. CAPCOM: SVC CHAOS,1496,拳皇vs街霸,Nintendo Switch,8000,نعم,,https://www.nintendo.com/en-gb/Games/Nintendo-Switch-download-software/SNK-VS-CAPCOM-SVC-CHAOS-2618016.html,,,"english, japanese, portuguese, spanish",SNK VS. CAPCOM SVC CHAOS,EU
160,WRC 9,1711.6,世界拉力锦标赛9,Nintendo Switch,6000,نعم,https://www.nintendo.com/eu/media/images/05_packshots/games_13/nintendo_switch_8/PS_NSwitch_Wrc9FiaWorldRallyChampionship_PEGI_image500w.jpg,https://www.nintendo.com/en-gb/Games/Nintendo-Switch-games/WRC-9-FIA-World-Rally-Championship-1933584.html,,,"chinese, english, french, german, italian, korean, portuguese, russian, spanish",WRC 9 FIA World Rally Championship,EU
161,Olympic Games Tokyo 2020 – The Official Video Game,1496,2020东京奥运,Nintendo Switch,5000,نعم,https://www.nintendo.com/eu/media/images/migration/games_7/packshot/nintendods_1/square_5/MaS_DS_pack_UKV_s_image500w.png,https://www.nintendo.com/en-gb/Games/Nintendo-DS/Mario-Sonic-at-the-Olympic-Games-271606.html,,,,Mario & Sonic at the Olympic Games,EU
162,SAMURAI WARRIORS 5,1496,战国无双5,Nintendo Switch,8000,نعم,https://www.nintendo.com/eu/media/images/05_packshots/games_13/nintendo_switch_8/PS_NSwitch_SamuraiWarrirors5_PEGI_image500w.jpg,https://www.nintendo.com/en-gb/Games/Nintendo-Switch-games/SAMURAI-WARRIORS-5-1923278.html,,,"english, french, german",SAMURAI WARRIORS 5,EU
163,OCTOPATH TRAVELER II,1496,八方旅人2,Nintendo Switch,8000,نعم,,https://www.nintendo.com/en-gb/Games/Nintendo-Switch-download-software/OCTOPATH-TRAVELER-OCTOPATH-TRAVELER-II-Bundle-2584314.html,,,"chinese, english, french, german, italian, japanese, korean, spanish",OCTOPATH TRAVELER + OCTOPATH TRAVELER II Bundle,EU
164,The Bridge Curse 2: The Extrication,1496,女鬼桥2 释魂路,Nintendo Switch,5000,نعم,,https://www.nintendo.com/en-gb/Games/Nintendo-Switch-games/The-Bridge-Curse-2-The-Extrication-2651368.html,,,"chinese, english, german, japanese, korean, portuguese, russian, spanish",The Bridge Curse 2: The Extrication,EU
165,My Friend Peppa Pig,1496,我的好友小猪佩奇,Nintendo Switch,5000,نعم,https://www.nintendo.com/eu/media/images/05_packshots/games_13/nintendo_switch_8/PS_NSwitch_MyFriendPeppaPig_PEGI_EN_image500w.jpg,https://www.nintendo.com/en-gb/Games/Nintendo-Switch-games/My-Friend-Peppa-Pig-2042869.html,,,"chinese, dutch, english, french, german, italian, japanese, portuguese, russian, spanish",My Friend Peppa Pig,EU
166,PARANORMASIGHT: The Seven Mysteries of Honjo,1496,灵视异闻 本所七大不可思议,Nintendo Switch,5000,نعم,,https://www.nintendo.com/en-gb/Games/Nintendo-Switch-download-software/PARANORMASIGHT-The-Seven-Mysteries-of-Honjo-2340650.html,,,"chinese, english, japanese",PARANORMASIGHT: The Seven Mysteries of Honjo,EU
167,Mortal Shell: Complete Edition,1496,致命躯壳,Nintendo Switch,5000,نعم,https://www.nintendo.com/eu/media/images/11_square_images/games_18/nintendo_switch_download_software/1x1_NSwitchDS_MortalShellCompleteEdition_image500w.jpg,https://www.nintendo.com/en-gb/Games/Nintendo-Switch-download-software/Mortal-Shell-Complete-Edition-2319674.html,,,"chinese, english, french, german, italian, japanese, korean, portuguese, russian, spanish",Mortal Shell: Complete Edition,EU
168,DORAEMON STORY OF SEASONS,1496,哆啦A梦 牧场物语,Nintendo Switch,8000,نعم,https://www.nintendo.com/eu/media/images/05_packshots/games_13/nintendo_switch_8/PS_NSwitch_DoraemonStoryOfSeasons_image500w.jpg,https://www.nintendo.com/en-gb/Games/Nintendo-Switch-games/Doraemon-Story-of-Seasons-1654203.html,,,"english, french, german, italian, spanish",Doraemon Story of Seasons,EU
169,Police Simulator: Patrol Officers,1496,警察模拟器,Nintendo Switch,5000,نعم,,https://www.nintendo.com/en-gb/Games/Nintendo-Switch-2-games/Police-Simulator-Patrol-Officers-3074995.html,,,"chinese, english, french, german, italian, japanese, korean, polish, portuguese, russian, spanish",Police Simulator: Patrol Officers ,EU
170,Creaks,1496,嘎吱作响,Nintendo Switch,5000,نعم,https://www.nintendo.com/eu/media/images/05_packshots/games_13/nintendo_switch_8/PS_NSwitch_Creaks_PEGI_image500w.jpg,https://www.nintendo.com/en-gb/Games/Nintendo-Switch-download-software/Creaks-1812815.html,,,"chinese, dutch, english, french, german, italian, japanese, korean, portuguese, russian, spanish",Creaks,EU
171,"Pokémon: Let's Go, Eevee!",1711.6,精灵宝可梦 伊布,Nintendo Switch,9000,نعم,https://www.nintendo.com/eu/media/images/05_packshots/games_13/nintendo_switch_8/PS_NSwitch_PokemonLetsGoEevee_enGB_image500w.jpg,https://www.nintendo.com/en-gb/Games/Nintendo-Switch-games/Pokemon-Let-s-Go-Eevee--1382835.html,,,"chinese, english, french, german, italian, japanese, korean, spanish","Pokémon: Let's Go, Eevee!",EU
172,Alien: Rogue Incursion – Evolved Edition,1496,异形 侠盗入侵,Nintendo Switch 2,5000,نعم,,https://www.nintendo.com/en-gb/Games/Nintendo-Switch-2-games/Alien-Rogue-Incursion-Evolved-Edition-3077148.html,,,"chinese, english, french, german, italian, japanese, korean, portuguese, russian, spanish",Alien: Rogue Incursion Evolved Edition,EU
173,Need for Speed: Hot Pursuit Remastered,1496,极品飞车 热力追踪 重制版,Nintendo Switch,8000,نعم,https://www.nintendo.com/eu/media/images/11_square_images/games_18/nintendo_switch_5/SQ_NSwitch_NeedForSpeedHotPursuitRemastered_image500w.jpg,https://www.nintendo.com/en-gb/Games/Nintendo-Switch-games/Need-for-Speed-Hot-Pursuit-Remastered-1853288.html,,,"chinese, dutch, english, french, german, italian, japanese, russian, spanish",Need for Speed™ Hot Pursuit Remastered,EU
174,Outlast 2,1711.6,逃生2,Nintendo Switch,7000,نعم,https://www.nintendo.com/eu/media/images/11_square_images/games_18/nintendo_switch_download_software/SQ_NSwitchDS_Outlast2_image500w.jpg,https://www.nintendo.com/en-gb/Games/Nintendo-Switch-download-software/Outlast-2-1346493.html,,,"chinese, english, french, german, italian, japanese, portuguese, russian, spanish",Outlast 2,EU
175,Witch on the Holy Night,1711.6,魔法使之夜,Nintendo Switch 2,6000,نعم,https://www.nintendo.com/eu/media/images/11_square_images/games_18/nintendo_switch_download_software/1x1_NSwitchDS_WitchOnTheHolyNight_image500w.jpg,https://www.nintendo.com/en-gb/Games/Nintendo-Switch-download-software/Witch-on-the-Holy-Night-2294230.html,,,"chinese, english, japanese",Witch on the Holy Night,EU
176,Darkwood,1496,黑暗森林,Nintendo Switch,5000,نعم,https://www.nintendo.com/eu/media/images/11_square_images/games_18/nintendo_switch_download_software/SQ_NSwitchDS_Darkwood_image500w.jpg,https://www.nintendo.com/en-gb/Games/Nintendo-Switch-download-software/Darkwood-1553983.html,,,"english, german, italian, portuguese, russian, spanish",Darkwood,EU
177,DRAGON QUEST XI S: Echoes of an Elusive Age – Definitive Edition,1496,勇者斗恶龙11S,Nintendo Switch,8000,نعم,,https://www.nintendo.com/en-gb/Games/Nintendo-Switch-2-games/DRAGON-QUEST-XI-S-Echoes-of-an-Elusive-Age-Definitive-Edition-3108411.html,,,"chinese, english, french, german, italian, korean, spanish",DRAGON QUEST XI S: Echoes of an Elusive Age - Definitive Edition,EU
178,Balatro,1496,巴拉特罗,Nintendo Switch,7000,نعم,,https://www.nintendo.com/en-gb/Games/Nintendo-Switch-download-software/Balatro-2522567.html,,,"chinese, dutch, english, french, german, italian, japanese, portuguese, spanish",Balatro,EU
179,Culdcept Begins,3005.2,创世之书 起源,Nintendo Switch 2,9000,نعم,,https://www.nintendo.com/en-gb/Games/Nintendo-Switch-games/Culdcept-BEGINS-3116881.html,,,"chinese, english, japanese, korean",Culdcept BEGINS,EU
180,Pokémon Sword / Shield,1711.6,宝可梦剑盾 [1:27],Nintendo Switch,9000,نعم,https://www.nintendo.com/eu/media/images/05_packshots/games_13/nintendo_switch_8/PS_NSwitch_PokemonShield_PEGI_enGB_image500w.jpg,https://www.nintendo.com/en-gb/Games/Nintendo-Switch-games/Pokemon-Shield-1522110.html,,,"chinese, english, french, german, italian, japanese, korean, spanish",Pokémon Shield,EU
181,Dead Cells: Medley of Pain,1496,死亡细胞,Nintendo Switch,8000,نعم,https://www.nintendo.com/eu/media/images/05_packshots/games_13/nintendo_switch_8/PS_NSwitch_DeadCells_PEGI_image500w.jpg,https://www.nintendo.com/en-gb/Games/Nintendo-Switch-download-software/Dead-Cells-1333359.html,,,"chinese, english, french, german, italian, japanese, korean, portuguese, russian, spanish",Dead Cells,EU
182,Overcooked! 2,1496,胡闹厨房2,Nintendo Switch,7000,نعم,https://www.nintendo.com/eu/media/images/11_square_images/games_18/nintendo_switch_5/SQ_NSwitch_Overcooked2_image500w.jpg,https://www.nintendo.com/en-gb/Games/Nintendo-Switch-games/Overcooked-2-1388792.html,,,"chinese, english, french, german, italian, japanese, korean, russian, spanish",Overcooked! 2,EU
183,eBASEBALL Powerful Pro Baseball 2026-2027,2574,实况力量棒球2026-2027,Nintendo Switch 2,8000,نعم,https://www.nintendo.com/eu/media/images/03_teaser_module_1_square/games_3/virtual_console_wii_u_2/TM_WiiUVC_Baseball_image500w.png,https://www.nintendo.com/en-gb/Games/NES/Baseball-820164.html,,,english,Baseball,EU
184,HITMAN: Absolution,1496,杀手 赦免,Nintendo Switch 2,5000,نعم,,https://www.nintendo.com/en-gb/Games/Nintendo-Switch-download-software/Hitman-Absolution-2957885.html,,,"english, french, german, italian, japanese, russian, spanish",Hitman: Absolution,EU
185,The Rogue Prince of Persia,1927.2,波斯的叛逆王子,Nintendo Switch 2,11000,نعم,,https://www.nintendo.com/en-gb/Games/Nintendo-Switch-download-software/The-Rogue-Prince-of-Persia--2983572.html,,,"chinese, english, french, german, italian, japanese, korean, portuguese, russian, spanish",The Rogue Prince of Persia™,EU
186,Catherine: Full Body,1496,凯瑟琳Full Body,Nintendo Switch,5000,نعم,https://www.nintendo.com/eu/media/images/11_square_images/games_18/nintendo_switch_5/SQ_NSwitch_CatherineFullBody_image500w.jpg,https://www.nintendo.com/en-gb/Games/Nintendo-Switch-games/Catherine-Full-Body-1747973.html,,,"english, french, german, italian, spanish",Catherine: Full Body,EU
187,My Little Puppy,2358.4,我的小柯基,Nintendo Switch 2,8000,نعم,,https://www.nintendo.com/en-gb/Games/Nintendo-Switch-download-software/My-Little-Puppy-3092283.html,,,"chinese, english, french, german, italian, japanese, korean, polish, portuguese, russian, spanish",My Little Puppy,EU
188,Cult of the Lamb,1711.6,咩咩启示录,Nintendo Switch,7000,نعم,https://www.nintendo.com/eu/media/images/11_square_images/games_18/nintendo_switch_download_software/1x1_NSwitchDS_CultOfTheLamb_image500w.jpg,https://www.nintendo.com/en-gb/Games/Nintendo-Switch-download-software/Cult-of-the-Lamb-2210770.html,,,"chinese, dutch, english, french, german, italian, japanese, korean, portuguese, russian, spanish",Cult of the Lamb,EU
189,THE HOUSE OF THE DEAD: Remake,1496,死亡之屋 重制版,Nintendo Switch,5000,نعم,https://www.nintendo.com/eu/media/images/11_square_images/games_18/nintendo_switch_download_software/SQ_NSwitchDS_TheHouseOfTheDeadRemake_image500w.jpg,https://www.nintendo.com/en-gb/Games/Nintendo-Switch-download-software/THE-HOUSE-OF-THE-DEAD-Remake-1951422.html,,,"chinese, english, french, german, italian, japanese, russian, spanish",THE HOUSE OF THE DEAD: Remake,EU
190,Unicorn Overlord,1496,圣兽之王,Nintendo Switch,7000,نعم,,https://www.nintendo.com/en-gb/Games/Nintendo-Switch-games/Unicorn-Overlord-2440130.html,,,"english, french, german, italian, spanish",Unicorn Overlord,EU
191,Captain Toad: Treasure Tracker,1927.2,前进！奇诺比奥队长,Nintendo Switch,7000,نعم,https://www.nintendo.com/eu/media/images/05_packshots/games_13/nintendo_3ds_6/PS_3DS_CaptainToadTreasureTracker_UKV_image500w.jpg,https://www.nintendo.com/en-gb/Games/Nintendo-3DS-games/Captain-Toad-Treasure-Tracker-1348072.html,,,"dutch, english, french, german, italian, spanish",Captain Toad: Treasure Tracker,EU
192,The Exit 8,1496,8号出口,Nintendo Switch 2,5000,نعم,,https://www.nintendo.com/en-gb/Games/Nintendo-Switch-download-software/The-Exit-8-2559897.html,,,"chinese, english, french, german, italian, japanese, korean, portuguese, spanish",The Exit 8,EU
193,FAIRY TAIL,1496,妖精的尾巴,Nintendo Switch,5000,نعم,,https://store.nintendo.com.hk/70010000022096,70010000022096,KOEI TECMO GAMES,中文,FAIRY TAIL,HK
194,SWORD ART ONLINE Fractured Daydream – Deluxe Edition,1496,刀剑神域 碎梦边境,Nintendo Switch,8000,نعم,,https://www.nintendo.com/en-gb/Games/Nintendo-Switch-games/SWORD-ART-ONLINE-Fractured-Daydream-2523593.html,,,"english, french, german, italian, japanese, russian, spanish",SWORD ART ONLINE Fractured Daydream,EU
195,Baki Hanma: Blood Arena,1496,范马刃牙 血之竞技场,Nintendo Switch 2,5000,نعم,,https://www.nintendo.com/en-gb/Games/Nintendo-Switch-download-software/Baki-Hanma-Blood-Arena-2890092.html,,,"english, french, german, italian, portuguese, spanish",Baki Hanma: Blood Arena,EU
196,DRAGON QUEST III HD-2D Remake,1496,勇者斗恶龙3 HD-2D 重制版,Nintendo Switch 2,12000,نعم,,https://www.nintendo.com/en-gb/Games/Nintendo-Switch-games/DRAGON-QUEST-III-HD-2D-Remake-2639673.html,,,"chinese, english, french, german, italian, japanese, korean, spanish",DRAGON QUEST III HD-2D Remake,EU
197,Rune Factory: Guardians of Azuma,1496,符文工房 龙之天地,Nintendo Switch 2,7000,نعم,,https://www.nintendo.com/en-gb/Games/Nintendo-Switch-games/Rune-Factory-Guardians-of-Azuma-2807490.html,,,"chinese, english, french, german, japanese, korean, spanish",Rune Factory: Guardians of Azuma,EU
198,Shin Megami Tensei V,1496,真女神转生V,Nintendo Switch,8000,نعم,https://www.nintendo.com/eu/media/images/11_square_images/games_18/nintendo_switch_5/SQ_NSwitch_ShinMegamiTenseiV_image500w.jpg,https://www.nintendo.com/en-gb/Games/Nintendo-Switch-games/Shin-Megami-Tensei-V-1987419.html,,,"english, french, german, italian, spanish",Shin Megami Tensei V,EU
199,Love Is All Around,1496,完蛋！我被美女包围了,Nintendo Switch,5000,نعم,,https://www.nintendo.com/en-gb/Games/Nintendo-Switch-download-software/Love-is-all-around-2624961.html,,,"chinese, english, japanese, korean",Love is all around,EU
200,Fueled Up,1496,油尽航行,Nintendo Switch,5000,نعم,,https://www.nintendo.com/en-gb/Games/Nintendo-Switch-download-software/Fueled-Up-2606780.html,,,"chinese, english, french, german, japanese, spanish",Fueled Up,EU
201,The Elder Scrolls V: Skyrim,1496,上古卷轴5,Nintendo Switch 2,12000,نعم,"https://assets.nintendo.com/image/upload/c_fill,w_1200/q_auto:best/f_auto/dpr_2.0/store/software/switch/70010000001369/3a41386d4b0999365727a21cc5c13853cfc244abca39b689bb79a339601e48c3",https://skyrim.nintendo.com/,,Bethesda,中文,The Elder Scrolls V: Skyrim,HK
202,Sherlock Holmes: Crimes & Punishments,1496,福尔摩斯 罪与罚,Nintendo Switch 2,7000,نعم,https://www.nintendo.com/eu/media/images/11_square_images/games_18/nintendo_switch_download_software/SQ_NSwitchDS_SherlockHolmesCrimesAndPunishments_image500w.jpg,https://www.nintendo.com/en-gb/Games/Nintendo-Switch-download-software/Sherlock-Holmes-Crimes-and-Punishments-2156090.html,,,"chinese, english, french, german, italian, japanese, korean, russian, spanish",Sherlock Holmes: Crimes and Punishments,EU
203,Madou Monogatari: Fia and the Wondrous Academy,2574,魔导物语 魔法与奇妙的学校,Nintendo Switch 2,8000,نعم,,https://www.nintendo.com/en-gb/Games/Nintendo-Switch-games/MADO-MONOGATARI-Fia-and-the-Wondrous-Academy-2879193.html,,,"english, french",MADO MONOGATARI: Fia and the Wondrous Academy,EU
204,Valkyria Chronicles 4,2358.4,战场女武神4,Nintendo Switch,8000,نعم,https://www.nintendo.com/eu/media/images/11_square_images/games_18/nintendo_switch_download_software/1x1_ValkyriaChroniclesAndValkyriaChronicles4Bundle_image500w.jpg,https://www.nintendo.com/en-gb/Games/Nintendo-Switch-download-software/Valkyria-Chronicles-Valkyria-Chronicles-4-Bundle-2255621.html,,,"english, french, german, italian, spanish",Valkyria Chronicles + Valkyria Chronicles 4 Bundle,EU
205,Agatha Christie: Death on the Nile,1496,阿加莎 尼罗河上的惨案,Nintendo Switch 2,7000,نعم,,https://www.nintendo.com/en-gb/Games/Nintendo-Switch-games/Agatha-Christie-Death-on-the-Nile-2880810.html,,,"chinese, english, french, german, italian, spanish",Agatha Christie - Death on the Nile,EU
206,WARRIORS OROCHI 3 Ultimate,1496,无双大蛇3 究极,Nintendo Switch,8000,نعم,https://www.nintendo.com/eu/media/images/05_packshots/games_13/wiiu_6/PS_WiiU_WarriorsOrochi3Hyper_enGB_image500w.png,https://www.nintendo.com/en-gb/Games/Wii-U-games/Warriors-Orochi-3-Hyper-687186.html,,,english,Warriors Orochi 3 Hyper,EU
207,The Legend of Heroes: Trails through Daybreak,1711.6,英雄传说 黎之轨迹,Nintendo Switch,9000,نعم,,https://www.nintendo.com/en-gb/Games/Nintendo-Switch-games/The-Legend-of-Heroes-Trails-through-Daybreak-2569207.html,,,english,The Legend of Heroes: Trails through Daybreak,EU
208,Atelier Ryza 3: Alchemist of the End & the Secret Key,1711.6,莱莎的炼金工房3,Nintendo Switch,9000,نعم,https://www.nintendo.com/eu/media/images/11_square_images/games_18/nintendo_switch_5/1x1_NSwitch_AtelierRyza3AlchemistOfTheEndandTheSecretKey_image500w.jpg,https://www.nintendo.com/en-gb/Games/Nintendo-Switch-games/Atelier-Ryza-3-Alchemist-of-the-End-the-Secret-Key-2265346.html,,,english,Atelier Ryza 3: Alchemist of the End & the Secret Key,EU
209,Taiko no Tatsujin: Rhythm Festival,1496,太鼓达人 咚咚雷音祭,Nintendo Switch,8000,نعم,https://www.nintendo.com/eu/media/images/11_square_images/games_18/nintendo_switch_5/SQ_NSwitch_TaikoNoTutsjinRhytmnFesitval_image500w.jpg,https://www.nintendo.com/en-gb/Games/Nintendo-Switch-games/Taiko-no-Tatsujin-Rhythm-Festival-2170788.html,,,"english, french, german, italian, spanish",Taiko no Tatsujin: Rhythm Festival,EU
210,PriPara: All Idol Perfect Stage!,4730,Pripara,Nintendo Switch,12000,نعم,https://www.nintendo.com/eu/media/images/03_teaser_module_1_square/games_3/nintendo_4/TM_N64_PerfectDark_V1_image500w.png,https://www.nintendo.com/en-gb/Games/Game-Boy-Color/Perfect-Dark-266043.html,,,"english, french, german, italian, spanish",Perfect Dark,EU
211,Bendy: Lone Wolf,1496,班迪 孤狼,Nintendo Switch 2,7000,نعم,,https://www.nintendo.com/en-gb/Games/Nintendo-Switch-download-software/Bendy-Lone-Wolf-2877189.html,,,"chinese, english, french, german, italian, japanese, portuguese, russian, spanish",Bendy: Lone Wolf,EU
212,Splatoon 2,1496,喷射战士2,Nintendo Switch,8000,نعم,,https://store.nintendo.com.hk/70010000009641,70010000009641,Nintendo,,Splatoon2 (日文版),HK
213,Kirby Fighters 2,1496,卡比斗士2,Nintendo Switch,8000,نعم,https://www.nintendo.com/eu/media/images/11_square_images/games_18/nintendo_switch_download_software/SQ_NSwitchDS_KirbyFighters2_image500w.jpg,https://www.nintendo.com/en-gb/Games/Nintendo-Switch-download-software/Kirby-Fighters-2-1839925.html,,,"chinese, dutch, english, french, german, italian, japanese, korean, spanish",Kirby Fighters 2,EU
214,Grounded,1711.6,禁闭求生,Nintendo Switch,6000,نعم,,https://www.nintendo.com/en-gb/Games/Nintendo-Switch-download-software/Grounded-2528415.html,,,"chinese, english, french, german, italian, japanese, korean, portuguese, russian, spanish",Grounded,EU
215,War Mongrels,1496,被遗忘的我们,Nintendo Switch 2,5000,نعم,,https://www.nintendo.com/en-gb/Games/Nintendo-Switch-download-software/War-Mongrels-2882860.html,,,"chinese, english, french, german, italian, japanese, korean, portuguese, russian, spanish",War Mongrels,EU
216,Tomb Raider IV·V·VI Remastered,1496,古墓丽影4·5·6 重制版,Nintendo Switch,8000,نعم,,https://www.nintendo.com/en-gb/Games/Nintendo-Switch-download-software/Tomb-Raider-I-III-Remastered-2441188.html,,,"dutch, english, french, german, italian, portuguese, russian, spanish",Tomb Raider I-III Remastered,EU
217,Ultra Street Fighter II: The Final Challengers,1496,终极街头霸王2 终极挑战者,Nintendo Switch,8000,نعم,,https://store.nintendo.com.hk/70010000009102,70010000009102,CAPCOM,中文,ULTRA STREET FIGHTER® II The Final Challengers,HK
218,Fitness Boxing Fist of the North Star,1496,健身拳击 北斗神拳,Nintendo Switch,5000,نعم,https://www.nintendo.com/eu/media/images/11_square_images/games_18/nintendo_switch_download_software/1x1_NSwitchDS_FitnessBoxingFistOfTheNorthStar_image500w.jpg,https://www.nintendo.com/en-gb/Games/Nintendo-Switch-download-software/Fitness-Boxing-Fist-of-the-North-Star-2265908.html,,,"chinese, english, french, german, italian, japanese, korean, spanish",Fitness Boxing Fist of the North Star,EU
219,Dying Light: Platinum Edition,1711.6,消逝的光芒 白金版,Nintendo Switch,6000,نعم,,https://www.nintendo.com/en-gb/Games/Nintendo-Switch-download-software/Light-Die-to-Survive-2665787.html,,,"chinese, english, french, german, japanese, portuguese, russian, spanish",Light - Die to Survive,EU
220,OCTOPATH TRAVELER 0 – Digital Deluxe Edition,1927.2,歧路旅人0,Nintendo Switch 2,11000,نعم,,https://www.nintendo.com/en-gb/Games/Nintendo-Switch-games/OCTOPATH-TRAVELER-0-2914712.html,,,"english, japanese",OCTOPATH TRAVELER 0,EU
221,SnowRunner,1711.6,雪地奔驰,Nintendo Switch 2,7000,نعم,https://www.nintendo.com/eu/media/images/05_packshots/games_13/nintendo_switch_8/PS_NSwitch_Snowrunner_PEGI_image500w.jpg,https://www.nintendo.com/en-gb/Games/Nintendo-Switch-games/SnowRunner-1961729.html,,,"chinese, english, french, german, italian, korean, portuguese, russian, spanish",SnowRunner,EU
222,BRIGANDINE ABYSS,7532.8,幻想大陆战记 深渊,Nintendo Switch 2,15000,نعم,,https://www.nintendo.com/en-gb/Games/Nintendo-Switch-2-games/BRIGANDINE-ABYSS-3137766.html,,,"chinese, english, french, german, japanese",BRIGANDINE ABYSS,EU
223,Moeyo! Otome Doushi ~Kayu Koigatari~,7964,燃烧吧！乙女道士 ～华游恋语～,Nintendo Switch 2,14000,نعم,,https://www.nintendo.com/en-gb/Games/Nintendo-Switch-games/Otome-Daoshi-Fighting-For-Love-3032851.html,,,english,Otome Daoshi -Fighting For Love-,EU
224,Zettai Kaikyuu Gakuen ~Eden with Roses and Phantasm~,5376.8,绝对阶级学园,Nintendo Switch 2,12000,نعم,,https://www.nintendo.com/en-gb/Games/Nintendo-Switch-download-software/Eden-Genesis-2614811.html,,,"english, spanish",Eden Genesis,EU
225,Sangoku Rensenki ~Otome no Heihou!~,5808,三国恋战记 少女的兵法,Nintendo Switch 2,12000,نعم,,https://www.nintendo.com/en-gb/Games/Nintendo-Switch-games/Otome-Daoshi-Fighting-For-Love-3032851.html,,,english,Otome Daoshi -Fighting For Love-,EU
226,Sonic Frontiers,1496,索尼克 未知边境,Nintendo Switch,8000,نعم,https://www.nintendo.com/eu/media/images/11_square_images/games_18/nintendo_switch_download_software/1x1_NSwitchDS_SonicFrontiers_image500w.jpg,https://www.nintendo.com/en-gb/Games/Nintendo-Switch-download-software/Sonic-Frontiers-2233221.html,,,"english, french, german, italian, japanese, portuguese, russian, spanish",Sonic Frontiers,EU
227,The Binding of Isaac: Repentance,1496,以撒的结合 忏悔,Nintendo Switch,7000,نعم,https://www.nintendo.com/eu/media/images/03_teaser_module_1_square/games_3/wiiu_download_software_1/TM_WiiUDS_TheBindingOfIsaacRebirth_image500w.jpg,https://www.nintendo.com/en-gb/Games/New-Nintendo-3DS-Download-Software/The-Binding-of-Isaac-Rebirth-1063203.html,,,english,The Binding of Isaac: Rebirth,EU
228,Tennis World Tour 2,1711.6,世界网球巡回赛2,Nintendo Switch,6000,نعم,https://www.nintendo.com/eu/media/images/05_packshots/games_13/nintendo_switch_8/PS_NSwitch_TennisWorldTour2_PEGI_image500w.png,https://www.nintendo.com/en-gb/Games/Nintendo-Switch-games/Tennis-World-Tour-2-1859011.html,,,"chinese, english, french, german, italian, korean, portuguese, russian, spanish",Tennis World Tour 2,EU
229,Lumentale: Memories of the Key,1496,流明物语,Nintendo Switch 2,5000,نعم,,https://www.nintendo.com/en-gb/Games/Nintendo-Switch-download-software/LumenTale-Memories-of-Trey-3082767.html,,,"chinese, english, french, german, italian, japanese, portuguese, spanish",LumenTale: Memories of Trey,EU
230,Plants vs. Zombies: Battle for Neighborville – Complete Edition,1496,植物大战僵尸 和睦小镇保卫战,Nintendo Switch,5000,نعم,https://www.nintendo.com/eu/media/images/11_square_images/games_18/nintendo_switch_5/SQ_NSwitch_PlantsVsZombiesBattleForNeighborvilleCompleteEdition_image500w.jpg,https://www.nintendo.com/en-gb/Games/Nintendo-Switch-games/Plants-vs-Zombies-Battle-for-Neighborville-Complete-Edition-1923918.html,,,"chinese, dutch, english, french, german, italian, japanese, korean, portuguese, russian, spanish",Plants vs. Zombies: Battle for Neighborville™ Complete Edition,EU
231,THE KING OF FIGHTERS '97,1496,拳皇97,Nintendo Switch,8000,نعم,https://www.nintendo.com/eu/media/images/05_packshots/games_13/virtual_console_wii_3/PS_WiiVC_TheKingOfFighters97_image500w.png,https://www.nintendo.com/en-gb/Games/Virtual-Console-Wii-/THE-KING-OF-FIGHTERS-97-279833.html,,,,THE KING OF FIGHTERS '97,EU
232,JUMP FORCE – Deluxe Edition,1496,JUMP FORCE,Nintendo Switch,5000,نعم,https://www.nintendo.com/eu/media/images/11_square_images/games_18/nintendo_switch_download_software/SQ_NSwitchDS_DistraintDeluxeEdition_image500w.jpg,https://www.nintendo.com/en-gb/Games/Nintendo-Switch-download-software/DISTRAINT-Deluxe-Edition-1636059.html,,,"chinese, english, french, german, italian, korean, portuguese, russian, spanish",DISTRAINT: Deluxe Edition,EU
233,PAC-MAN WORLD 2 RE-PAC,1496,吃豆人 世界2 重制版,Nintendo Switch 2,12000,نعم,https://www.nintendo.com/eu/media/images/05_packshots/games_13/nintendo_switch_8/PS_NSwitch_PacManWorldRePac_PEGI_image500w.jpg,https://www.nintendo.com/en-gb/Games/Nintendo-Switch-games/PAC-MAN-WORLD-Re-PAC-2233046.html,,,"english, french, german, italian, russian, spanish",PAC-MAN WORLD Re-PAC,EU
234,GigaBash,1496,巨击大乱斗,Nintendo Switch,5000,نعم,,https://www.nintendo.com/en-gb/Games/Nintendo-Switch-download-software/GigaBash-2377190.html,,,"chinese, english, french, german, italian, japanese, korean, portuguese, russian, spanish",GigaBash,EU
235,Sky Force Reloaded,1496,傲气雄鹰 重装上阵,Nintendo Switch,5000,نعم,https://www.nintendo.com/eu/media/images/11_square_images/games_18/nintendo_switch_download_software/SQ_NSwitchDS_SkyForceReloaded_image500w.jpg,https://www.nintendo.com/en-gb/Games/Nintendo-Switch-download-software/Sky-Force-Reloaded-1334143.html,,,"chinese, english, french, german, italian, japanese, korean, portuguese, russian, spanish",Sky Force Reloaded,EU
236,Crash Team Racing Nitro-Fueled – Nitros Oxide Edition,2574,古惑狼赛车,Nintendo Switch 2,8000,نعم,https://www.nintendo.com/eu/media/images/11_square_images/games_18/nintendo_switch_5/SQ_NSwitch_CrashTeamRacingNitroFueled_image500w.jpg,https://www.nintendo.com/en-gb/Games/Nintendo-Switch-download-software/Crash-Team-Racing-Nitro-Fueled-1494955.html,,,"english, french, german, italian, portuguese, spanish",Crash™ Team Racing Nitro-Fueled,EU
237,Kirby's Dream Buffet,1496,卡比的美食节,Nintendo Switch,8000,نعم,https://www.nintendo.com/eu/media/images/11_square_images/games_18/nintendo_switch_download_software/1x1_NSwitchDS_KirbysDreamBuffet_image500w.jpg,https://www.nintendo.com/en-gb/Games/Nintendo-Switch-download-software/Kirby-s-Dream-Buffet-2238462.html,,,"chinese, dutch, english, french, german, italian, japanese, korean, spanish",Kirby's Dream Buffet,EU
238,Sea of Stars,1496,星之海,Nintendo Switch,7000,نعم,https://www.nintendo.com/eu/media/images/11_square_images/games_18/nintendo_switch_5/SQ_NSwitch_SeaOfStars_image500w.jpg,https://www.nintendo.com/en-gb/Games/Nintendo-Switch-games/Sea-of-Stars-2090490.html,,,"chinese, english, french, german, italian, japanese, korean, portuguese, russian, spanish",Sea of Stars,EU
239,Unheard,2358.4,疑案追声,Nintendo Switch 2,8000,نعم,,https://www.nintendo.com/en-gb/Games/Nintendo-Switch-download-software/Unheard-Voices-of-Crime-Edition-2356649.html,,,"chinese, english, japanese",Unheard - Voices of Crime Edition,EU
240,How 2 Escape: Lost Submarine,1496,双人大逃脱 失落的潜艇,Nintendo Switch 2,5000,نعم,,https://www.nintendo.com/en-gb/Games/Nintendo-Switch-download-software/How-2-Escape-Lost-Submarine-2828620.html,,,"english, french, german, italian, portuguese, spanish",How 2 Escape: Lost Submarine,EU
241,MONOPOLY,1496,地产大亨,Nintendo Switch,8000,نعم,https://www.nintendo.com/eu/media/images/migration/games_7/packshot/wii_15/portrait_5/PS_Monopoly_Streets_enGB_rdax_90x127_image500w.png,https://www.nintendo.com/en-gb/Games/Wii/MONOPOLY-Streets-282068.html,,,,MONOPOLY Streets,EU
242,DreadOut 2,1496,小镇惊魂2,Nintendo Switch,5000,نعم,,https://www.nintendo.com/en-gb/Games/Nintendo-Switch-download-software/DreadOut-2-2502394.html,,,"chinese, english, french, german, italian, japanese, russian, spanish",DreadOut 2,EU
243,LoveR Kiss,1927.2,LoveR Kiss 无尽回忆,Nintendo Switch 2,7000,نعم,https://www.nintendo.com/eu/media/images/11_square_images/games_18/nintendo_switch_download_software/SQ_NSwitchDS_OfficeLovers_image500w.jpg,https://www.nintendo.com/en-gb/Games/Nintendo-Switch-download-software/Office-Lovers-1837956.html,,,"chinese, english, japanese",Office Lovers,EU
244,Brothers: A Tale of Two Sons,1496,兄弟 双子传说,Nintendo Switch,5000,نعم,https://www.nintendo.com/eu/media/images/05_packshots/games_13/nintendo_switch_8/PS_NSwitch_BrothersATaleOfTwoSons_PEGI_image500w.jpg,https://www.nintendo.com/en-gb/Games/Nintendo-Switch-download-software/Brothers-A-Tale-of-Two-Sons-1562794.html,,,"chinese, english, french, german, italian, japanese, portuguese, russian, spanish",Brothers: A Tale of Two Sons,EU
245,Richman 11,1496,大富翁11,Nintendo Switch,7000,نعم,https://www.nintendo.com/eu/media/images/11_square_images/games_18/nintendo_switch_download_software/1x1_NSwitchDS_RichMan11_image500w.jpg,https://www.nintendo.com/en-gb/Games/Nintendo-Switch-download-software/RichMan-11-2285819.html,,,"chinese, english, japanese",RichMan 11,EU
246,Jurassic World Evolution: Complete Edition,1496,侏罗纪世界 进化,Nintendo Switch,5000,نعم,https://www.nintendo.com/eu/media/images/11_square_images/games_18/nintendo_switch_download_software/SQ_NSwitchDS_JurassicWorldEvolutionCompleteEdition_image500w.jpg,https://www.nintendo.com/en-gb/Games/Nintendo-Switch-download-software/Jurassic-World-Evolution-Complete-Edition-1835412.html,,,"chinese, english, french, german, italian, japanese, korean, portuguese, russian, spanish",Jurassic World Evolution: Complete Edition,EU
247,Xuan-Yuan Sword 7,1496,轩辕剑7,Nintendo Switch,5000,نعم,,https://www.nintendo.com/en-gb/Games/Nintendo-Switch-download-software/Xuan-Yuan-Sword-7-2555857.html,,,"chinese, english, french, german, japanese, russian, spanish",Xuan Yuan Sword 7,EU
248,Pokémon Brilliant Diamond,1496,宝可梦 晶灿钻石,Nintendo Switch,8000,نعم,,https://store.nintendo.com.hk/70010000039953,70010000039953,Nintendo,中文,宝可梦 晶灿钻石,HK
249,Lou's Lagoon,3220.8,林波悠游,Nintendo Switch 2,9000,نعم,,https://www.nintendo.com/en-gb/Games/Nintendo-Switch-download-software/Lou-s-Lagoon-3141712.html,,,"chinese, english, french, german, italian, japanese, polish, russian, spanish",Lou's Lagoon,EU
250,PAW Patrol: Grand Prix,2358.4,汪汪队立大功 冠军赛,Nintendo Switch 2,12000,نعم,https://www.nintendo.com/eu/media/images/11_square_images/games_18/nintendo_switch_5/1x1_NSwitch_PawPatrolGrandPrix_enGB_image500w.jpg,https://www.nintendo.com/en-gb/Games/Nintendo-Switch-games/PAW-Patrol-Grand-Prix-2259914.html,,,"chinese, dutch, english, french, german, italian, japanese, korean, portuguese, spanish",PAW Patrol: Grand Prix,EU
251,Crysis Remastered Trilogy,2358.4,孤岛危机 重制三部曲,Nintendo Switch,8000,نعم,https://www.nintendo.com/eu/media/images/11_square_images/games_18/nintendo_switch_download_software/SQ_NSwitchDS_CrysisTrilogy_image500w.jpg,https://www.nintendo.com/en-gb/Games/Nintendo-Switch-download-software/Crysis-Remastered-Trilogy-2063941.html,,,"chinese, english, french, german, italian, japanese, russian, spanish",Crysis Remastered Trilogy,EU
252,Tokyo Xanadu eX+,1496,东京幻都eX+,Nintendo Switch,5000,نعم,,https://www.nintendo.com/en-gb/Games/Nintendo-Switch-games/Tokyo-Xanadu-eX-2588413.html,,,english,Tokyo Xanadu eX+,EU
253,Disco Elysium: The Final Cut,1496,极乐迪斯科,Nintendo Switch,7000,نعم,https://www.nintendo.com/eu/media/images/11_square_images/games_18/nintendo_switch_5/SQ_NSwitch_DiscoElysiumTheFinalCut_image500w.jpg,https://www.nintendo.com/en-gb/Games/Nintendo-Switch-games/Disco-Elysium-The-Final-Cut-2045652.html,,,"chinese, english, french, german, korean, portuguese, russian, spanish",Disco Elysium - The Final Cut,EU
254,Neon Inferno,1496,霓虹地狱,Nintendo Switch 2,5000,نعم,,https://www.nintendo.com/en-gb/Games/Nintendo-Switch-download-software/Neon-Inferno-2959047.html,,,"chinese, english, french, german, italian, japanese, korean, portuguese, russian, spanish",Neon Inferno,EU
255,The Sinking City,1496,沉默之城,Nintendo Switch,5000,نعم,https://www.nintendo.com/eu/media/images/11_square_images/games_18/nintendo_switch_download_software/SQ_NSwitchDS_TheSinkingCity_image500w.jpg,https://www.nintendo.com/en-gb/Games/Nintendo-Switch-download-software/The-Sinking-City-1624991.html,,,"chinese, english, french, german, italian, japanese, korean, portuguese, russian, spanish",The Sinking City,EU
256,ASTLIBRA Revision,1496,神之天平,Nintendo Switch,5000,نعم,,https://www.nintendo.com/en-gb/Games/Nintendo-Switch-download-software/ASTLIBRA-Revision-2454821.html,,,"chinese, english, japanese, korean",ASTLIBRA Revision,EU
257,IKARUGA,1496,斑鸠,Nintendo Switch,5000,نعم,https://www.nintendo.com/eu/media/images/migration/games_7/packshot/gamecube_6/other_6/gc_default_en_rdax_90x127_image500w.png,https://www.nintendo.com/en-gb/Games/Nintendo-GameCube/Ikaruga-268170.html,,,,Ikaruga,EU
258,Smalland: Survive the Wilds,1496,小岛 荒野生存,Nintendo Switch 2,5000,نعم,,https://www.nintendo.com/en-gb/Games/Nintendo-Switch-2-games/Smalland-Survive-the-Wilds-3093356.html,,,"chinese, english, french, german, japanese, korean, portuguese, russian, spanish",Smalland: Survive the Wilds,EU
259,Critter Café,1496,小动物咖啡,Nintendo Switch,5000,نعم,,https://www.nintendo.com/en-gb/Games/Nintendo-Switch-download-software/Critter-Cafe-2699800.html,,,"chinese, english, french, german, italian, japanese, korean, portuguese, russian, spanish",Critter Café,EU
260,Mixtape,1496,混音带,Nintendo Switch 2,5000,نعم,,https://www.nintendo.com/en-gb/Games/Nintendo-Switch-2-games/Mixtape-3074957.html,,,"chinese, english, french, german, italian, japanese, korean, polish, portuguese, russian, spanish",Mixtape,EU
261,Little Friends: Puppy Island,1496,小小伙伴 狗狗岛,Nintendo Switch,5000,نعم,,https://www.nintendo.com/en-gb/Games/Nintendo-Switch-games/Little-Friends-Puppy-Island-2390470.html,,,"chinese, english, french, german, italian, japanese, korean, portuguese, spanish",Little Friends: Puppy Island,EU
262,Sniper Elite 4,1496,狙击精英4,Nintendo Switch,7000,نعم,,https://store.nintendo.com.hk/70010000033621,70010000033621,RebellionInteract,中文,Sniper Elite 4,HK
263,Yuppie Psycho: Executive Edition,1496,雅皮士精神病院,Nintendo Switch,5000,نعم,https://www.nintendo.com/eu/media/images/11_square_images/games_18/nintendo_switch_download_software/SQ_NSwitchDS_YuppiePsychoExecutiveEdition_image500w.jpg,https://www.nintendo.com/en-gb/Games/Nintendo-Switch-download-software/Yuppie-Psycho-Executive-Edition-1853832.html,,,"chinese, english, french, german, italian, japanese, korean, portuguese, russian, spanish",Yuppie Psycho: Executive Edition,EU
264,Moonlight Peaks,3220.8,月光岭物语,Nintendo Switch 2,9000,نعم,,https://www.nintendo.com/en-gb/Games/Nintendo-Switch-download-software/Moonlight-Peaks-3115565.html,,,"chinese, english, german, japanese, korean",Moonlight Peaks,EU
265,Pokémon Scarlet / Violet,1496,宝可梦朱紫,Nintendo Switch,8000,نعم,https://www.nintendo.com/eu/media/images/11_square_images/games_18/nintendo_switch_5/1x1_NSwitch_PokemonScarletViolet_Violet_enGB_image500w.jpg,https://www.nintendo.com/en-gb/Games/Nintendo-Switch-games/Pokemon-Violet-2180576.html,,,"chinese, english, french, german, italian, japanese, korean, spanish",Pokémon Violet,EU
266,Subnautica,1496,深海迷航,Nintendo Switch,7000,نعم,https://www.nintendo.com/eu/media/images/11_square_images/games_18/nintendo_switch_5/SQ_NSwitch_Subnautica_image500w.jpg,https://www.nintendo.com/en-gb/Games/Nintendo-Switch-games/Subnautica-1822516.html,,,"chinese, english, french, german, italian, japanese, korean, polish, portuguese, russian, spanish",Subnautica,EU
267,Mortal Kombat: Legacy Kollection,1496,真人快打 遗产合集,Nintendo Switch 2,12000,نعم,,https://www.nintendo.com/en-gb/Games/Nintendo-Switch-2-games/Mortal-Kombat-Legacy-Kollection-2925743.html,,,"english, french, german, italian, portuguese, spanish",Mortal Kombat: Legacy Kollection,EU
268,Teenage Mutant Ninja Turtles: Splintered Fate,1496,忍者神龟 分裂命运,Nintendo Switch,8000,نعم,,https://www.nintendo.com/en-gb/Games/Nintendo-Switch-download-software/Teenage-Mutant-Ninja-Turtles-Splintered-Fate-2557953.html,,,"chinese, dutch, english, french, german, italian, japanese, korean, portuguese, russian, spanish",Teenage Mutant Ninja Turtles: Splintered Fate,EU
269,Chicken Run: Eggstraction,1496,小鸡快跑 蛋动行动,Nintendo Switch 2,5000,نعم,,https://www.nintendo.com/en-gb/Games/Nintendo-Switch-games/Chicken-Run-Eggstraction-2918518.html,,,"chinese, english, french, german, italian, japanese, korean, portuguese, spanish",Chicken Run: Eggstraction,EU
270,Door Kickers: Action Squad,1496,破门而入 行动小队,Nintendo Switch 2,5000,نعم,https://www.nintendo.com/eu/media/images/11_square_images/games_18/nintendo_switch_5/SQ_NSwitch_DoorKickersActionSquad_image500w.jpg,https://www.nintendo.com/en-gb/Games/Nintendo-Switch-games/Door-Kickers-Action-Squad-1664852.html,,,"chinese, english, french, german, italian, japanese, korean, portuguese, russian, spanish",Door Kickers: Action Squad,EU
271,METAL GEAR SOLID: MASTER COLLECTION Vol.2,6886,合金装备 大师合集 Vol.2,Nintendo Switch 2,16000,نعم,,https://www.nintendo.com/en-gb/Games/Nintendo-Switch-download-software/METAL-GEAR-SOLID-MASTER-COLLECTION-Vol-2-3027903.html,,,"english, french, german, italian, japanese, spanish",METAL GEAR SOLID: MASTER COLLECTION Vol.2,EU
272,Biped 2,1711.6,知只大冒险2 双足机器人2,Nintendo Switch 2,6000,نعم,,https://www.nintendo.com/en-gb/Games/Nintendo-Switch-download-software/Biped-2-2950357.html,,,"chinese, english, french, german, italian, japanese, korean, portuguese, russian, spanish",Biped 2,EU
273,DRAGON BALL XENOVERSE 2,1496,龙珠超宇宙2,Nintendo Switch,8000,نعم,https://www.nintendo.com/eu/media/images/05_packshots/games_13/nintendo_switch_8/PS_NSwitch_DragonBallXenoverse2_image500w.jpg,https://www.nintendo.com/en-gb/Games/Nintendo-Switch-games/DRAGON-BALL-XENOVERSE-2-for-Nintendo-Switch-1273493.html,,,"chinese, english, french, german, italian, japanese, korean, portuguese, russian, spanish",DRAGON BALL XENOVERSE 2 for Nintendo Switch,EU
274,Total Chaos,1496,完全混乱,Nintendo Switch 2,5000,نعم,,https://www.nintendo.com/en-gb/Games/Nintendo-Switch-2-games/Total-Chaos-3077674.html,,,"chinese, english, french, german, italian, japanese, korean, polish, portuguese, russian, spanish",Total Chaos,EU
275,Railway Nippon! Memorial,1927.2,铁路日本 纪念,Nintendo Switch,7000,نعم,https://www.nintendo.com/eu/media/images/11_square_images/games_18/nintendo_switch_download_software/SQ_NSwitchDS_NipponMarathon_image500w.jpg,https://www.nintendo.com/en-gb/Games/Nintendo-Switch-download-software/Nippon-Marathon-1487307.html,,,"chinese, english, japanese, korean",Nippon Marathon,EU
276,THE GAME OF LIFE for Nintendo Switch,1496,人生游戏,Nintendo Switch 2,5000,نعم,,https://www.nintendo.com/en-gb/Games/Nintendo-Switch-download-software/Game-Boy-Nintendo-Classics-2339836.html,,,"dutch, english, french, german, italian, korean, portuguese, russian, spanish",Game Boy – Nintendo Classics,EU
277,Mario & Luigi: Brothership,1496,马力欧与路易吉RPG 兄弟齐航,Nintendo Switch,8000,نعم,,https://www.nintendo.com/en-gb/Games/Nintendo-Switch-games/Mario-Luigi-Brothership-2590264.html,,,"chinese, dutch, english, french, german, italian, japanese, korean, portuguese, spanish",Mario & Luigi: Brothership,EU
278,Stick Fight: The Game,1496,火柴人格斗,Nintendo Switch,7000,نعم,https://www.nintendo.com/eu/media/images/11_square_images/games_18/nintendo_switch_download_software/SQ_NSwitchDS_StickFightTheGame_image500w.jpg,https://www.nintendo.com/en-gb/Games/Nintendo-Switch-download-software/Stick-Fight-The-Game-1941380.html,,,english,Stick Fight: The Game,EU
279,PICO PARK 2,1496,萌猫公园2,Nintendo Switch,7000,نعم,,https://www.nintendo.com/en-gb/Games/Nintendo-Switch-download-software/PICO-PARK-2-2639640.html,,,"chinese, english, french, german, italian, japanese, korean, spanish",PICO PARK 2,EU
280,Spiritfarer: Farewell Edition,1496,灵魂旅人,Nintendo Switch,7000,نعم,https://www.nintendo.com/eu/media/images/05_packshots/games_13/nintendo_switch_8/PS_NSwitch_Spiritfarer_PEGI_image500w.jpg,https://www.nintendo.com/en-gb/Games/Nintendo-Switch-download-software/Spiritfarer-Farewell-Edition-1822685.html,,,"chinese, english, french, german, italian, japanese, korean, portuguese, russian, spanish",Spiritfarer: Farewell Edition,EU
281,All Hands on Deck,1496,左左和右右,Nintendo Switch 2,5000,نعم,,https://www.nintendo.com/en-gb/Games/Nintendo-Switch-download-software/All-Hands-on-Deck-2954542.html,,,"chinese, dutch, english, french, german, japanese, korean, portuguese, russian, spanish",All Hands on Deck,EU
282,Ori and the Will of the Wisps,1711.6,奥日2 精灵与萤火意志,Nintendo Switch,7000,نعم,https://www.nintendo.com/eu/media/images/11_square_images/games_18/nintendo_switch_5/SQ_NSwitch_OriAndTheWillOfTheWisps_image500w.jpg,https://www.nintendo.com/en-gb/Games/Nintendo-Switch-games/Ori-and-the-Will-of-the-Wisps-1842518.html,,,"chinese, dutch, english, french, german, italian, japanese, korean, portuguese, russian, spanish",Ori and the Will of the Wisps,EU
283,Aerofly FS,1496,模拟航空飞行,Nintendo Switch,5000,نعم,,https://www.nintendo.com/en-gb/Games/Nintendo-Switch-download-software/Aerofly-FS-Flight-Simulator-2699403.html,,,"chinese, english, french, german, italian, japanese, korean, portuguese, spanish",Aerofly FS Flight Simulator,EU
284,Mandragora: Whispers of the Witch Tree,1496,秘影曼德拉草,Nintendo Switch 2,5000,نعم,,https://www.nintendo.com/en-gb/Games/Nintendo-Switch-download-software/Mandragora-Whispers-of-the-Witch-Tree-2905845.html,,,"english, french, german, italian, portuguese, russian, spanish",Mandragora: Whispers of the Witch Tree,EU
285,Road 96,1496,九十六号公路,Nintendo Switch,5000,نعم,https://www.nintendo.com/eu/media/images/11_square_images/games_18/nintendo_switch_download_software/SQ_NSwitchDS_Road96_image500w.jpg,https://www.nintendo.com/en-gb/Games/Nintendo-Switch-download-software/Road-96-1950879.html,,,"chinese, english, french, german, italian, japanese, portuguese, russian, spanish",Road 96,EU
286,DIABOLIK LOVERS CHAOS LINEAGE,4730,魔鬼恋人 混乱族谱,Nintendo Switch 2,12000,نعم,https://www.nintendo.com/eu/media/images/11_square_images/games_18/nintendo_switch_download_software/SQ_NSwitchDS_OfficeLovers_image500w.jpg,https://www.nintendo.com/en-gb/Games/Nintendo-Switch-download-software/Office-Lovers-1837956.html,,,"chinese, english, japanese",Office Lovers,EU
287,Survival Kids,1496,孤岛冒险,Nintendo Switch 2,5000,نعم,,https://www.nintendo.com/en-gb/Games/Nintendo-Switch-2-games/Survival-Kids-2807680.html,,,"chinese, english, french, german, italian, japanese, korean, portuguese, spanish",Survival Kids,EU
288,FAST Fusion,1496,极速融合,Nintendo Switch 2,5000,نعم,,https://www.nintendo.com/en-gb/Games/Nintendo-Switch-2-games/Fast-Fusion-2807412.html,,,"english, french, german, japanese",Fast Fusion,EU
289,The Friends of Ringo Ishikawa,1496,石河伦吾的朋友们,Nintendo Switch,5000,نعم,https://www.nintendo.com/eu/media/images/11_square_images/games_18/nintendo_switch_download_software/SQ_NSwitchDS_TheFriendsOfRingoIshikawa_image500w.jpg,https://www.nintendo.com/en-gb/Games/Nintendo-Switch-download-software/The-friends-of-Ringo-Ishikawa-1537111.html,,,"chinese, english, french, japanese, korean, russian, spanish",The friends of Ringo Ishikawa,EU
290,PowerWash Simulator 2,1496,高压清洗模拟器2,Nintendo Switch 2,7000,نعم,,https://www.nintendo.com/en-gb/Games/Nintendo-Switch-2-games/PowerWash-Simulator-2-2937931.html,,,"chinese, english, french, german, italian, japanese, korean, portuguese, russian, spanish",PowerWash Simulator 2,EU
291,Absolute Fear -AOONI-,1496,最恐 青鬼,Nintendo Switch,5000,نعم,https://www.nintendo.com/eu/media/images/11_square_images/games_18/nintendo_switch_download_software/SQ_NSwitchDS_AbsoluteDrift_image500w.jpg,https://www.nintendo.com/en-gb/Games/Nintendo-Switch-download-software/Absolute-Drift-1878618.html,,,"english, french, german, italian, portuguese, russian, spanish",Absolute Drift,EU
292,The Prince of Tennis: Sweet School Festival ♡-40 and more... – Nintendo Switch 2 Edition,13354,网球王子 学园祭的王子们,Nintendo Switch 2,20000,نعم,,https://www.nintendo.com/en-gb/Games/Nintendo-Switch-download-software/The-Prince-of-Tennis-Sweet-School-Festival-40-and-more--3078771.html,,,japanese,The Prince of Tennis Sweet School Festival ~♡-40 and more...~,EU
293,Utakata no Uchronia,5808,璃梦泡影之世外浮城,Nintendo Switch,12000,لا — يابانية/صينية,,,,,,,
294,Piofiore: Episodio1926,2574,虔诚之花的晚钟 -Episodio1926-,Nintendo Switch,8000,نعم,https://www.nintendo.com/eu/media/images/11_square_images/games_18/nintendo_switch_5/1x1_NSwitch_PiofioreEpisodio1926_image500w.jpg,https://www.nintendo.com/en-gb/Games/Nintendo-Switch-games/Piofiore-Episodio-1926-2256954.html,,,english,Piofiore: Episodio 1926,EU
295,Blasphemous II,1711.6,渎神2,Nintendo Switch,7000,نعم,https://www.nintendo.com/eu/media/images/05_packshots/games_13/nintendo_switch_8/PS_NSwitch_Blasphemous_PEGI_image500w.jpg,https://www.nintendo.com/en-gb/Games/Nintendo-Switch-download-software/Blasphemous-1629870.html,,,"chinese, english, french, german, italian, japanese, korean, portuguese, russian, spanish",Blasphemous,EU
296,Lumo 2,1496,卢莫2,Nintendo Switch 2,5000,نعم,,https://www.nintendo.com/en-gb/Games/Nintendo-Switch-games/Lumo-2-2897116.html,,,"chinese, english, french, german, japanese, korean, portuguese, spanish",Lumo 2,EU
297,Sonic Superstars,1711.6,索尼克超级巨星,Nintendo Switch,9000,نعم,,https://www.nintendo.com/en-gb/Games/Nintendo-Switch-games/Sonic-Superstars-2401782.html,,,"english, french, german, italian, japanese, portuguese, russian, spanish",Sonic Superstars,EU
298,Grim Trials,3220.8,少女死神,Nintendo Switch 2,9000,نعم,,https://www.nintendo.com/en-gb/Games/Nintendo-Switch-download-software/Grim-Trials-3147403.html,,,"chinese, english, french, german, italian, japanese, portuguese, spanish",Grim Trials,EU
299,LEGO Harry Potter Collection,1496,乐高 哈利波特合集,Nintendo Switch,8000,نعم,,https://store.nintendo.com.hk/70010000013535,70010000013535,WB Games,,LEGO® Harry Potter™ Collection,HK
300,Leafy Corner,1927.2,绿植小筑,Nintendo Switch 2,7000,نعم,,https://www.nintendo.com/en-gb/Games/Nintendo-Switch-download-software/Leafy-Corner-3126188.html,,,"chinese, english, french, german, japanese, polish, portuguese, spanish",Leafy Corner,EU
301,DIABOLIK LOVERS,3220.8,魔鬼恋人 [2:00],Nintendo Switch,9000,لا — يابانية/صينية,https://www.nintendo.com/eu/media/images/11_square_images/games_18/nintendo_switch_download_software/SQ_NSwitchDS_OfficeLovers_image500w.jpg,https://www.nintendo.com/en-gb/Games/Nintendo-Switch-download-software/Office-Lovers-1837956.html,,,"chinese, english, japanese",Office Lovers,EU
302,Slay the Spire,1496,尖塔奇兵,Nintendo Switch,7000,نعم,https://www.nintendo.com/eu/media/images/11_square_images/games_18/nintendo_switch_download_software/SQ_NSwitchDS_SlayTheSpire_image500w.jpg,https://www.nintendo.com/en-gb/Games/Nintendo-Switch-download-software/Slay-the-Spire-1423987.html,,,"chinese, dutch, english, french, german, italian, japanese, korean, portuguese, russian, spanish",Slay the Spire,EU
303,Mega Man Battle Network Legacy Collection,1496,洛克人EXE 合集,Nintendo Switch,8000,نعم,https://www.nintendo.com/eu/media/images/11_square_images/games_18/nintendo_switch_5/1x1_NSwitch_MegaManBattleNetworkLegacyCollection_image500w.jpg,https://www.nintendo.com/en-gb/Games/Nintendo-Switch-games/Mega-Man-Battle-Network-Legacy-Collection-2232720.html,,,"chinese, english, japanese",Mega Man Battle Network Legacy Collection,EU
304,Airport Hero,1927.2,我是航空管制官,Nintendo Switch 2,7000,نعم,https://www.nintendo.com/eu/media/images/05_packshots/games_13/nintendo_switch_8/PS_NSwitch_FirefightersAirportHeroes_PEGI_image500w.png,https://www.nintendo.com/en-gb/Games/Nintendo-Switch-games/Firefighters-Airport-Heroes-1797816.html,,,"english, french, german, spanish",Firefighters - Airport Heroes,EU
305,Ys VIII: Lacrimosa of DANA,1496,伊苏8 达娜的安魂曲,Nintendo Switch,5000,نعم,https://www.nintendo.com/eu/media/images/05_packshots/games_13/nintendo_switch_8/PS_NSwitch_YsVlllLacrimosaOfDana_PEGI_image500w.jpg,https://www.nintendo.com/en-gb/Games/Nintendo-Switch-games/Ys-VIII-Lacrimosa-of-DANA-1325712.html,,,"english, french",Ys VIII: Lacrimosa of DANA,EU
306,Streets of Rage 4,1496,怒之铁拳4,Nintendo Switch,8000,نعم,https://www.nintendo.com/eu/media/images/11_square_images/games_18/nintendo_switch_download_software/SQ_NSwitchDS_StreetsOfRage4_image500w.jpg,https://www.nintendo.com/en-gb/Games/Nintendo-Switch-download-software/Streets-of-Rage-4-1695263.html,,,"english, french, german, italian, portuguese, russian, spanish",Streets of Rage 4,EU
307,Coffee Talk Tokyo,1496,咖啡心语 东京,Nintendo Switch 2,5000,نعم,,https://www.nintendo.com/en-gb/Games/Nintendo-Switch-download-software/Coffee-Talk-Tokyo-3100358.html,,,"chinese, english, french, german, japanese, korean, portuguese, russian, spanish",Coffee Talk Tokyo,EU
308,Company of Heroes Collection,1496,英雄连合集,Nintendo Switch,5000,نعم,,https://www.nintendo.com/en-gb/Games/Nintendo-Switch-download-software/Company-of-Heroes-Collection-2452013.html,,,"chinese, english, french, german, italian, japanese, korean, russian, spanish",Company of Heroes Collection,EU
309,Super Bomberman R,1496,炸弹人R,Nintendo Switch,8000,نعم,,https://store.nintendo.com.hk/70010000012526,70010000012526,KONAMI,中文,Super Bomberman R (English/Chinese/Korean/Japanese Ver.) ,HK
310,Ghostrunner,1496,幽灵行者,Nintendo Switch,5000,نعم,,https://store.nintendo.com.hk/70010000035464,70010000035464,H2 INTERACTIVE,中文,Ghostrunner,HK
311,KAMLA,1496,卡姆拉,Nintendo Switch 2,5000,نعم,,https://www.nintendo.com/en-gb/Games/Nintendo-Switch-download-software/Kamla-2934313.html,,,"chinese, english, french, german, japanese, portuguese, russian, spanish",Kamla,EU
312,Obakeidoro 2,1496,妖怪捉迷藏2,Nintendo Switch 2,5000,نعم,https://www.nintendo.com/eu/media/images/11_square_images/games_18/nintendo_switch_download_software/SQ_NSwitchDS_Obakeidoro_image500w.jpg,https://www.nintendo.com/en-gb/Games/Nintendo-Switch-download-software/OBAKEIDORO--1629896.html,,,"chinese, english, french, japanese",OBAKEIDORO!,EU
313,WarioWare: Get It Together!,1496,分享同乐！瓦利欧制造,Nintendo Switch,8000,نعم,https://www.nintendo.com/eu/media/images/11_square_images/games_18/nintendo_switch_5/SQ_NSwitch_WarioWareGetItTogether_image500w.jpg,https://www.nintendo.com/en-gb/Games/Nintendo-Switch-games/WarioWare-Get-It-Together--1987424.html,,,"chinese, dutch, english, french, german, italian, japanese, korean, russian, spanish",WarioWare: Get It Together!,EU
314,The Hungry Lamb: Traveling in the Late Ming Dynasty,1711.6,饿殍 明末千里行,Nintendo Switch,6000,نعم,https://www.nintendo.com/eu/media/images/11_square_images/games_18/nintendo_switch_download_software/SQ_NSwitchDS_SlingMing_image500w.jpg,https://www.nintendo.com/en-gb/Games/Nintendo-Switch-download-software/Sling-Ming-1359483.html,,,"english, french, german, italian, portuguese, spanish",Sling Ming,EU
315,Tamagotchi Plaza,1711.6,拓麻歌子 中心城,Nintendo Switch 2,6000,نعم,,https://www.nintendo.com/en-gb/Games/Nintendo-Switch-games/Tamagotchi-Plaza-2797653.html,,,"english, french, german, italian, spanish",Tamagotchi Plaza,EU
316,Realm of Ink,1496,墨之境界,Nintendo Switch 2,5000,نعم,https://www.nintendo.com/eu/media/images/11_square_images/games_18/nintendo_switch_download_software/SQ_NSwitchDS_RealmRoyale_image500w.jpg,https://www.nintendo.com/en-gb/Games/Nintendo-Switch-download-software/Realm-Royale-1567347.html,,,"english, french, german, japanese, portuguese, russian, spanish",Realm Royale,EU
317,MIO: Memories in Orbit,1496,轨道记忆,Nintendo Switch 2,5000,نعم,,https://www.nintendo.com/en-gb/Games/Nintendo-Switch-download-software/MIO-Memories-in-Orbit-3002070.html,,,"chinese, english, french, german, italian, japanese, korean, polish, portuguese, russian, spanish",MIO: Memories in Orbit,EU
318,Boxes: Lost Fragments,1496,盒子 失落的碎片,Nintendo Switch 2,5000,نعم,,https://www.nintendo.com/en-gb/Games/Nintendo-Switch-download-software/Boxes-Lost-Fragments-2925719.html,,,"chinese, english, french, german, italian, japanese, korean, portuguese, russian, spanish",Boxes: Lost Fragments,EU
319,Demeo x Dungeons & Dragons: Battlemarked,2574,德米欧 龙与地下城 战斗印记,Nintendo Switch 2,8000,نعم,,https://www.nintendo.com/en-gb/Games/Nintendo-Switch-2-games/Demeo-x-Dungeons-Dragons-Battlemarked-3113875.html,,,"chinese, english, french, german, italian, japanese, korean, portuguese, spanish",Demeo x Dungeons & Dragons: Battlemarked,EU
320,Dispatch – Nintendo Switch 2 Edition,1496,派遣,Nintendo Switch 2,5000,نعم,,https://www.nintendo.com/en-gb/Games/Nintendo-Switch-download-software/Dispatch-2991429.html,,,"chinese, english, french, german, italian, japanese, korean, polish, portuguese, russian, spanish",Dispatch,EU
321,Tsukihime -A piece of blue glass moon-,1496,月姬 月之欠片,Nintendo Switch,5000,نعم,,https://www.nintendo.com/en-gb/Games/Nintendo-Switch-download-software/TSUKIHIME-A-piece-of-blue-glass-moon-2596061.html,,,"chinese, english, japanese",TSUKIHIME -A piece of blue glass moon-,EU
322,GRID Autosport,1496,超级房车赛,Nintendo Switch,5000,نعم,https://www.nintendo.com/eu/media/images/11_square_images/games_18/nintendo_switch_download_software/SQ_NSwitchDS_GridAutosport_image500w.jpg,https://www.nintendo.com/en-gb/Games/Nintendo-Switch-download-software/GRID-Autosport-1633061.html,,,"chinese, english, french, german, italian, japanese, korean, portuguese, russian, spanish",GRID™ Autosport,EU
323,Fate/stay night REMASTERED,1496,命运之夜 重制版,Nintendo Switch,5000,نعم,,https://www.nintendo.com/en-gb/Games/Nintendo-Switch-download-software/Fate-stay-night-REMASTERED-2631820.html,,,"chinese, english, japanese",Fate/stay night REMASTERED,EU
324,Nari Kids Park: Ultraman R/B,6886,儿童乐园 奥特曼 R/B,Nintendo Switch,16000,نعم,,https://www.nintendo.com/en-gb/Games/Nintendo-Switch-download-software/D-U-M-B-E-R-Ducks-3110679.html,,,english,D.U.M.B.E.R. Ducks,EU
325,Suikoden I & II HD Remaster,1496,幻想水浒传1&2 HD重制版 [Switch],Nintendo Switch,8000,نعم,,https://www.nintendo.com/en-gb/Games/Nintendo-Switch-games/Suikoden-I-II-HD-Remaster-Gate-Rune-and-Dunan-Unification-Wars-2640266.html,,,"chinese, english, french, german, italian, japanese, spanish",Suikoden I&II HD Remaster Gate Rune and Dunan Unification Wars,EU
326,DYNASTY WARRIORS 8 Empires – Deluxe Edition,1711.6,真三国无双8 帝国,Nintendo Switch,9000,نعم,https://www.nintendo.com/eu/media/images/05_packshots/games_13/nintendo_switch_8/PS_NSwitch_DynastyWarriors9Empires_PEGI_image500w.jpg,https://www.nintendo.com/en-gb/Games/Nintendo-Switch-games/Dynasty-Warriors-9-Empires-2102848.html,,,"english, french, german, italian, spanish",Dynasty Warriors 9 Empires,EU
327,LEGO Horizon Adventures,1496,乐高 地平线,Nintendo Switch,8000,نعم,,https://www.nintendo.com/en-gb/Games/Nintendo-Switch-games/LEGO-Horizon-Adventures--2670620.html,,,"chinese, dutch, english, french, german, italian, japanese, korean, portuguese, russian, spanish",LEGO® Horizon Adventures™,EU
328,ROMANCE OF THE THREE KINGDOMS XIV,1927.2,三国志14,Nintendo Switch,7000,نعم,https://www.nintendo.com/eu/media/images/11_square_images/games_18/nintendo_switch_download_software/SQ_NSwitchDS_RomanceOfTheThreeKingdomsXIVDiplomacyAndStrategyExpansionPackBundle_image500w.jpg,https://www.nintendo.com/en-gb/Games/Nintendo-Switch-download-software/ROMANCE-OF-THE-THREE-KINGDOMS-XIV-Diplomacy-and-Strategy-Expansion-Pack-Bundle-1917576.html,,,english,ROMANCE OF THE THREE KINGDOMS XIV: Diplomacy and Strategy Expansion Pack Bundle,EU
329,TAISHO x ALICE,7964,大正×对称爱丽丝,Nintendo Switch 2,14000,نعم,https://www.nintendo.com/eu/media/images/11_square_images/games_18/nintendo_switch_download_software/1x1_NSwitchDS_TaishoXAliceAllInOne_image500w.jpg,https://www.nintendo.com/en-gb/Games/Nintendo-Switch-download-software/TAISHO-x-ALICE-ALL-IN-ONE-2198639.html,,,japanese,TAISHO x ALICE ALL IN ONE,EU
330,Super Robot Wars Y,1496,超级机器人大战Y,Nintendo Switch 2,5000,نعم,,https://www.nintendo.com/en-gb/Games/Nintendo-Switch-download-software/SUPER-ROBOT-WARS-Y-2875169.html,,,"chinese, english, japanese, korean",SUPER ROBOT WARS Y,EU
331,Skate Story,1496,滑板故事,Nintendo Switch 2,5000,نعم,,https://www.nintendo.com/en-gb/Games/Nintendo-Switch-2-games/Skate-Story-2958015.html,,,"chinese, english, french, german, japanese, korean, portuguese, russian, spanish",Skate Story,EU
332,"Little Kitty, Big City",1496,小猫咪大城,Nintendo Switch,5000,نعم,,https://www.nintendo.com/en-gb/Games/Nintendo-Switch-download-software/Little-Kitty-Big-City-2372180.html,,,"chinese, english, french, german, italian, japanese, korean, portuguese, russian, spanish","Little Kitty, Big City",EU
333,My Teen Romantic Comedy SNAFU,1496,我的青春恋爱物语果然有问题,Nintendo Switch,5000,نعم,,https://www.nintendo.com/en-gb/Games/Nintendo-Switch-download-software/Ghost-Teen-Escape-from-Limbo-2577131.html,,,"chinese, english, french, german, italian, japanese, korean, portuguese, spanish",Ghost Teen Escape from Limbo,EU
334,Kyoto Xanadu,3652,京都迷城 樱花幻舞,Nintendo Switch 2,9000,نعم,,https://www.nintendo.com/en-gb/Games/Nintendo-Switch-games/Kyoto-Xanadu-3017622.html,,,"english, japanese",Kyoto Xanadu,EU
335,STAR OCEAN THE SECOND STORY R,1496,星之海洋 第二个故事R,Nintendo Switch 2,12000,نعم,,https://www.nintendo.com/en-gb/Games/Nintendo-Switch-games/STAR-OCEAN-THE-SECOND-STORY-R-2401247.html,,,"english, japanese",STAR OCEAN THE SECOND STORY R,EU
336,Inazuma Eleven: Victory Road,1496,闪电十一人 英雄们的胜利之路,Nintendo Switch 2,12000,نعم,,https://www.nintendo.com/en-gb/Games/Nintendo-Switch-download-software/INAZUMA-ELEVEN-Victory-Road-2950387.html,,,"chinese, english, french, german, italian, japanese, portuguese, spanish",INAZUMA ELEVEN: Victory Road,EU
337,No More Heroes 3,1496,英雄不再3,Nintendo Switch,5000,نعم,https://www.nintendo.com/eu/media/images/11_square_images/games_18/nintendo_switch_5/SQ_NSwitch_NoMoreHeroesIII_image500w.jpg,https://www.nintendo.com/en-gb/Games/Nintendo-Switch-games/No-More-Heroes-3-1575103.html,,,"chinese, dutch, english, french, german, italian, japanese, korean, spanish",No More Heroes 3,EU
338,A-Train: All Aboard! Tourism,1927.2,A列车 开始吧 观光开发计划,Nintendo Switch 2,7000,نعم,https://www.nintendo.com/eu/media/images/11_square_images/games_18/nintendo_switch_download_software/SQ_NSwitchDS_ATrainAllAboardTourism_image500w.jpg,https://www.nintendo.com/en-gb/Games/Nintendo-Switch-download-software/A-Train-All-Aboard-Tourism-1932860.html,,,"chinese, english, japanese, korean",A-Train: All Aboard! Tourism,EU
339,Dead Reset,1496,死亡重置,Nintendo Switch 2,5000,نعم,,https://www.nintendo.com/en-gb/Games/Nintendo-Switch-download-software/Dead-Reset-2910612.html,,,"chinese, english, french, german, polish, portuguese, russian, spanish",Dead Reset,EU
340,Railway Nippon! Rosen Tabi: Hakone Tozan Railway EX,1711.6,铁道日本 箱根登山铁道EX,Nintendo Switch,6000,نعم,https://www.nintendo.com/eu/media/images/11_square_images/games_18/nintendo_switch_download_software/SQ_NSwitchDS_SealElectricRailway_image500w.jpg,https://www.nintendo.com/en-gb/Games/Nintendo-Switch-download-software/Seal-Electric-Railway-1906919.html,,,"english, japanese",Seal Electric Railway,EU
341,13 Sentinels: Aegis Rim,1496,十三机兵防卫圈,Nintendo Switch,7000,نعم,https://www.nintendo.com/eu/media/images/05_packshots/games_13/nintendo_switch_8/PS_NSwitch_13SentinelsAegisRim_image500w.jpg,https://www.nintendo.com/en-gb/Games/Nintendo-Switch-games/13-Sentinels-Aegis-Rim-2173867.html,,,"english, french, german, italian, spanish",13 Sentinels: Aegis Rim,EU
342,Celeste,1496,蔚蓝,Nintendo Switch,8000,نعم,https://www.nintendo.com/eu/media/images/11_square_images/games_18/nintendo_switch_download_software/SQ_NSwitchDS_Celeste_image500w.jpg,https://www.nintendo.com/en-gb/Games/Nintendo-Switch-download-software/Celeste-1207064.html,,,"chinese, english, french, german, italian, japanese, korean, portuguese, russian, spanish",Celeste,EU
343,Cities: Skylines – Nintendo Switch Edition,1496,城市天际线,Nintendo Switch,7000,نعم,https://www.nintendo.com/eu/media/images/11_square_images/games_18/nintendo_switch_download_software/SQ_NSwitchDS_CitySkylinesNintendoSwitchEdition_image500w.jpg,https://www.nintendo.com/en-gb/Games/Nintendo-Switch-download-software/Cities-Skylines-Nintendo-Switch-Edition-1438748.html,,,"chinese, english, french, german, japanese, korean, portuguese, russian, spanish",Cities: Skylines - Nintendo Switch™ Edition,EU
344,Ganbare Goemon Collection,1927.2,加油五右卫门 大集合,Nintendo Switch 2,11000,نعم,https://www.nintendo.com/eu/media/images/11_square_images/games_18/nintendo_switch_download_software/SQ_NSwitchDS_GanbareSuperStrikers_image500w.jpg,https://www.nintendo.com/en-gb/Games/Nintendo-Switch-download-software/Ganbare-Super-Strikers-1721460.html,,,"english, french, german, italian, japanese, russian, spanish",Ganbare! Super Strikers,EU
345,Virtua Fighter 5 R.E.V.O.,1496,Virtua Fighter 5 世界赛台,Nintendo Switch 2,5000,نعم,,https://www.nintendo.com/en-gb/Games/Nintendo-Switch-2-games/Virtua-Fighter-5-R-E-V-O-World-Stage-3017179.html,,,"chinese, english, french, german, italian, japanese, korean, portuguese, spanish",Virtua Fighter 5 R.E.V.O. World Stage,EU
346,DNF Duel,1496,DNF Duel,Nintendo Switch,5000,نعم,,https://www.nintendo.com/en-gb/Games/Nintendo-Switch-games/DNF-Duel-Who-s-Next-2367453.html,,,"chinese, english, german, japanese, korean, spanish",DNF Duel: Who's Next,EU
347,The Battle Cats Unite!,1496,两人一起！猫咪大战争,Nintendo Switch,5000,نعم,,https://www.nintendo.com/en-gb/Games/Nintendo-Switch-download-software/The-Battle-Cats-Unite--2596763.html,,,english,The Battle Cats Unite!,EU
348,WRC 10,1496,世界拉力锦标赛10,Nintendo Switch,5000,نعم,https://www.nintendo.com/eu/media/images/05_packshots/games_13/nintendo_switch_8/PS_NSwitch_Wrc10FiaWorldRallyChampionship_PEGI_image500w.jpg,https://www.nintendo.com/en-gb/Games/Nintendo-Switch-games/WRC-10-FIA-World-Rally-Championship-2180125.html,,,"chinese, english, french, german, italian, korean, portuguese, russian, spanish",WRC 10 FIA World Rally Championship,EU
349,Escape the Backrooms,1496,逃离后室,Nintendo Switch 2,5000,نعم,,https://www.nintendo.com/en-gb/Games/Nintendo-Switch-2-games/Escape-the-Backrooms-3135534.html,,,"chinese, english, french, german, japanese, korean, polish, portuguese, russian, spanish",Escape the Backrooms,EU
350,Ants: Empire Colony,1496,蚂蚁帝国,Nintendo Switch 2,5000,نعم,,https://www.nintendo.com/en-gb/Games/Nintendo-Switch-download-software/Ants-Empire-Colony-2884528.html,,,english,Ants Empire Colony,EU
351,Apollo Justice: Ace Attorney Trilogy,1496,逆转裁判456 王泥喜精选集,Nintendo Switch,8000,نعم,,https://www.nintendo.com/en-gb/Games/Nintendo-Switch-download-software/Apollo-Justice-Ace-Attorney-Trilogy-2489387.html,,,"chinese, english, french, german, japanese, korean",Apollo Justice: Ace Attorney Trilogy,EU
352,LEGO Party!,1496,乐高派对,Nintendo Switch 2,12000,نعم,,https://www.nintendo.com/en-gb/Games/Nintendo-Switch-download-software/LEGO-Party--2892554.html,,,"chinese, dutch, english, french, german, italian, japanese, korean, spanish",LEGO® Party!,EU
353,ACE COMBAT 7: Skies Unknown – Deluxe Edition,1496,皇牌空战7,Nintendo Switch,5000,نعم,,https://www.nintendo.com/en-gb/Games/Nintendo-Switch-games/ACE-COMBAT-7-SKIES-UNKNOWN-DELUXE-EDITION-2608140.html,,,"english, french, german, italian, portuguese, russian, spanish",ACE COMBAT™7: SKIES UNKNOWN DELUXE EDITION,EU
354,Hello Kitty Island Adventure,1496,Hello Kitty 岛屿冒险,Nintendo Switch,8000,نعم,,https://www.nintendo.com/en-gb/Games/Nintendo-Switch-download-software/Hello-Kitty-Island-Adventure-2720061.html,,,"chinese, dutch, english, french, german, italian, japanese, korean, portuguese, russian, spanish",Hello Kitty Island Adventure,EU
355,SPY×FAMILY: Operation Diary,1496,间谍过家家,Nintendo Switch,5000,نعم,,https://www.nintendo.com/en-gb/Games/Nintendo-Switch-games/SPY-ANYA-Operation-Memories-2594440.html,,,"english, french, german, italian, spanish",SPY×ANYA: Operation Memories,EU
356,MONOPOLY Star Wars: Heroes vs Villains,3652,地产大亨 星球大战,Nintendo Switch 2,13000,نعم,,https://www.nintendo.com/en-gb/Games/Nintendo-Switch-2-games/Monopoly-Star-Wars-Heroes-vs-Villains-3091256.html,,,"chinese, dutch, english, french, german, italian, japanese, korean, polish, portuguese, russian, spanish",Monopoly: Star Wars™ Heroes vs. Villains,EU
357,Yo-kai Watch 4,1496,妖怪手表4,Nintendo Switch,8000,نعم,https://www.nintendo.com/eu/media/images/05_packshots/games_13/nintendo_3ds_6/PS_3DS_YoKaiWatch2_PsychicSpecters_UKV_image500w.jpg,https://www.nintendo.com/en-gb/Games/Nintendo-3DS-games/YO-KAI-WATCH-2-Psychic-Specters-1243556.html,,,"dutch, english, french, german, italian, russian, spanish",YO-KAI WATCH® 2: Psychic Specters,EU
358,Diablo II: Resurrected,2358.4,暗黑破坏神2 重制版,Nintendo Switch,12000,نعم,https://www.nintendo.com/eu/media/images/11_square_images/games_18/nintendo_switch_download_software/SQ_NSwitchDS_DiabloIIResurrected_image500w.jpg,https://www.nintendo.com/en-gb/Games/Nintendo-Switch-download-software/Diablo-II-Resurrected-Infernal-Edition-2042555.html,,,"chinese, english, french, german, italian, japanese, korean, portuguese, russian, spanish",Diablo II: Resurrected – Infernal Edition,EU
359,SUPER BOMBERMAN COLLECTION,1496,超级炸弹人合集,Nintendo Switch 2,12000,نعم,,https://www.nintendo.com/en-gb/Games/Nintendo-Switch-download-software/SUPER-BOMBERMAN-COLLECTION-3016670.html,,,"chinese, english, french, german, italian, japanese, korean, portuguese, spanish",SUPER BOMBERMAN COLLECTION,EU
360,Formula Legends,1496,方程式赛车传奇,Nintendo Switch 2,5000,نعم,,https://www.nintendo.com/en-gb/Games/Nintendo-Switch-download-software/Formula-Legends-2897671.html,,,"chinese, dutch, english, french, german, italian, japanese, korean, portuguese, spanish",Formula Legends,EU
361,Immortals Fenyx Rising,1496,芬尼克斯传说,Nintendo Switch,5000,نعم,https://www.nintendo.com/eu/media/images/11_square_images/games_18/nintendo_switch_5/SQ_NSwitch_ImmortalisFenixRising_image500w.jpg,https://www.nintendo.com/en-gb/Games/Nintendo-Switch-games/IMMORTALS-FENYX-RISING-1864799.html,,,"dutch, english, french, german, italian, portuguese, russian, spanish",IMMORTALS FENYX RISING,EU
362,Devil May Cry,1496,鬼泣,Nintendo Switch,8000,نعم,,https://store.nintendo.com.hk/70010000017203,70010000017203,CAPCOM,中文,Devil May Cry,HK
363,Duskfade,1496,长日将尽,Nintendo Switch 2,5000,نعم,,https://www.nintendo.com/en-gb/Games/Nintendo-Switch-2-games/Duskfade-3127139.html,,,"chinese, english, french, german, italian, japanese, portuguese, spanish",Duskfade,EU
364,Transformers: Galactic Trials,1496,变形金刚 银河试炼,Nintendo Switch,5000,نعم,,https://www.nintendo.com/en-gb/Games/Nintendo-Switch-games/TRANSFORMERS-Galactic-Trials-2628874.html,,,"chinese, dutch, english, french, german, italian, japanese, portuguese, spanish",TRANSFORMERS: Galactic Trials,EU
365,Neverwinter Nights 2: Enhanced Edition,1496,龙与地下城 无冬之夜2,Nintendo Switch 2,5000,نعم,https://www.nintendo.com/eu/media/images/05_packshots/games_13/nintendo_switch_8/PS_NSwitch_NeverwinterNightsEnhancedEdition_PEGI_image500w.jpg,https://www.nintendo.com/en-gb/Games/Nintendo-Switch-games/Neverwinter-Nights-Enhanced-Edition-1691174.html,,,english,Neverwinter Nights: Enhanced Edition,EU
366,Choo-Choo Charles,1496,查尔斯小火车,Nintendo Switch,5000,نعم,,https://www.nintendo.com/en-gb/Games/Nintendo-Switch-download-software/Choo-Choo-Charles-2503956.html,,,"chinese, dutch, english, french, german, italian, japanese, korean, portuguese, russian, spanish",Choo-Choo Charles,EU
367,GRIME: Definitive Edition,1496,尘埃异变,Nintendo Switch,5000,نعم,,https://www.nintendo.com/en-gb/Games/Nintendo-Switch-download-software/GRIME-Definitive-Edition-2505591.html,,,"chinese, english, french, german, italian, japanese, korean, portuguese, russian, spanish",GRIME Definitive Edition,EU
368,DOOM Eternal,2574,DOOM 永恒,Nintendo Switch,12000,نعم,,https://store.nintendo.com.hk/70070000011182,70070000011182,Bethesda,中文,DOOM® Eternal,HK
369,Goat Simulator 3,1496,山羊模拟器3,Nintendo Switch,7000,نعم,,https://www.nintendo.com/en-gb/Games/Nintendo-Switch-download-software/Goat-Simulator-3-2639808.html,,,"chinese, english, french, german, italian, japanese, korean, portuguese, russian, spanish",Goat Simulator 3,EU
370,Ace Attorney Investigations Collection,1711.6,逆转检察官1&2,Nintendo Switch,9000,نعم,,https://www.nintendo.com/en-gb/Games/Nintendo-Switch-download-software/Ace-Attorney-Investigations-Collection-2589276.html,,,"chinese, english, french, german, japanese, korean",Ace Attorney Investigations Collection,EU
371,Tokyo Mirage Sessions ♯FE Encore,1496,幻影异闻录♯FE Encore,Nintendo Switch,5000,نعم,,https://store.nintendo.com.hk/70010000027332,70010000027332,Nintendo,中文,幻影异闻录♯FE Encore,HK
372,Jack Jeanne,1496,杰克珍妮,Nintendo Switch,5000,نعم,,https://www.nintendo.com/en-gb/Games/Nintendo-Switch-games/Jack-Jeanne-2385316.html,,,english,Jack Jeanne,EU
373,Sword Art Online: Fatal Bullet – Complete Edition,1496,刀剑神域 夺命凶弹,Nintendo Switch,8000,نعم,https://www.nintendo.com/eu/media/images/05_packshots/games_13/nintendo_switch_8/PS_NSwitch_SwordArtOnlineFatalBulletCompleteEdition_image500w.jpg,https://www.nintendo.com/en-gb/Games/Nintendo-Switch-games/SWORD-ART-ONLINE-FATAL-BULLET-Complete-Edition-1616386.html,,,"english, french, german, italian, portuguese, russian, spanish",SWORD ART ONLINE: FATAL BULLET Complete Edition,EU
374,Suika Game,1496,西瓜游戏,Nintendo Switch,5000,نعم,,https://www.nintendo.com/en-gb/Games/Nintendo-Switch-download-software/Suika-Game-2468543.html,,,"chinese, english, french, japanese, korean, spanish",Suika Game,EU
375,The Bridge Curse: Road to Salvation,1496,女鬼桥 开魂路,Nintendo Switch,5000,نعم,,https://www.nintendo.com/en-gb/Games/Nintendo-Switch-download-software/The-Bridge-Curse-Road-to-Salvation-2431994.html,,,"chinese, english, french, german, japanese, korean, portuguese, spanish",The Bridge Curse: Road to Salvation,EU
376,Kamen Rider: Memory of Heroez,1496,假面骑士 英雄记忆,Nintendo Switch,8000,نعم,https://www.nintendo.com/eu/media/images/11_square_images/games_18/virtual_console_nintendo_3ds_8/SQ_3DSVC_MachRider_image500w.jpg,https://www.nintendo.com/en-gb/Games/NES/Mach-Rider-277908.html,,,english,Mach Rider,EU
377,SpongeBob SquarePants: The Cosmic Shake,2574,海绵宝宝 宇宙摇摆,Nintendo Switch,12000,نعم,https://www.nintendo.com/eu/media/images/11_square_images/games_18/nintendo_switch_5/1x1_NSwitch_SpongeBobSquarePantsTheCosmicShake_image500w.jpg,https://www.nintendo.com/en-gb/Games/Nintendo-Switch-games/SpongeBob-SquarePants-The-Cosmic-Shake-2265446.html,,,"chinese, english, french, german, italian, japanese, korean, portuguese, russian, spanish",SpongeBob SquarePants: The Cosmic Shake,EU
378,Hello Kitty and Friends: Happiness Parade,1496,Hello Kitty 幸福游行,Nintendo Switch,8000,نعم,,https://www.nintendo.com/en-gb/Games/Nintendo-Switch-download-software/HELLO-KITTY-AND-FRIENDS-HAPPINESS-PARADE-2368019.html,,,"chinese, dutch, english, french, german, italian, japanese, korean, portuguese, russian, spanish",HELLO KITTY AND FRIENDS HAPPINESS PARADE,EU
379,Cars 3: Driven to Win,1496,赛车总动员3,Nintendo Switch,5000,نعم,https://www.nintendo.com/eu/media/images/05_packshots/games_13/wiiu_6/PS_WiiU_Cars3DrivenToWin_enGB_image500w.jpg,https://www.nintendo.com/en-gb/Games/Wii-U-games/Cars-3-Driven-to-Win-1227943.html,,,"dutch, english, french, german, italian, russian, spanish",Cars 3: Driven to Win,EU
380,Kamen Rider: Climax Scramble,1496,假面骑士 巅峰战斗,Nintendo Switch,8000,نعم,,https://www.nintendo.com/en-gb/Games/Nintendo-Switch-2-games/TOKYO-SCRAMBLE-3016780.html,,,"chinese, english, french, german, italian, japanese, korean, portuguese, russian, spanish",TOKYO SCRAMBLE,EU
381,Trombone Champ,1496,长号冠军,Nintendo Switch,5000,نعم,,https://www.nintendo.com/en-gb/Games/Nintendo-Switch-download-software/Trombone-Champ-2437061.html,,,"chinese, english, french, german, italian, japanese, korean, portuguese, spanish",Trombone Champ,EU
382,Lost Twins II,1927.2,双子迷途2,Nintendo Switch 2,7000,نعم,,https://www.nintendo.com/en-gb/Games/Nintendo-Switch-download-software/Lost-Twins-2-3055149.html,,,english,Lost Twins 2,EU
383,Fitness Boxing,1496,有氧拳击,Nintendo Switch,5000,نعم,,https://store.nintendo.com.hk/70010000009563,70010000009563,Nintendo,中文,Fitness Boxing,HK
384,Bum Simulator,1496,流浪汉模拟器,Nintendo Switch,5000,نعم,,https://www.nintendo.com/en-gb/Games/Nintendo-Switch-download-software/Bum-Simulator-2606753.html,,,"chinese, english, french, german, italian, japanese, korean, polish, portuguese, russian, spanish",Bum Simulator,EU
385,BLUE REFLECTION: Second Light,1496,蔚蓝反射 帝,Nintendo Switch,5000,نعم,https://www.nintendo.com/eu/media/images/05_packshots/games_13/nintendo_switch_8/PS_NSwitch_BlueReflectionSecondLight_PEGI_image500w.jpg,https://www.nintendo.com/en-gb/Games/Nintendo-Switch-games/BLUE-REFLECTION-Second-Light-2051773.html,,,english,BLUE REFLECTION: Second Light,EU
386,Aarik and the Ruined Kingdom,1496,阿里克 与废墟王国,Nintendo Switch 2,5000,نعم,,https://www.nintendo.com/en-gb/Games/Nintendo-Switch-download-software/Aarik-And-The-Ruined-Kingdom-3017008.html,,,"chinese, english, french, german, italian, japanese, korean, polish, portuguese, russian, spanish",Aarik And The Ruined Kingdom,EU
387,Disney Music Parade: Encore,1496,迪士尼音乐游行,Nintendo Switch,8000,نعم,,https://www.nintendo.com/en-gb/Games/Nintendo-Switch-download-software/R-TYPE-DX-Music-Encore-3079929.html,,,"chinese, english, french, german, japanese, korean, portuguese, russian, spanish",R-TYPE DX: Music Encore,EU
388,Hatsune Miku Logic Paint S,1496,初音未来 逻辑涂鸦,Nintendo Switch 2,12000,نعم,https://www.nintendo.com/eu/media/images/11_square_images/games_18/nintendo_switch_download_software/SQ_NSwitchDS_HatsuneMikuLogicPaintS_image500w.jpg,https://www.nintendo.com/en-gb/Games/Nintendo-Switch-download-software/Hatsune-Miku-Logic-Paint-S-1942381.html,,,"english, japanese",Hatsune Miku Logic Paint S,EU
389,Mortal Kombat 11 Ultimate,1711.6,真人快打11,Nintendo Switch 2,9000,نعم,,https://store.nintendo.com.hk/70010000018077,70010000018077,WB Games,中文,真人快打11,HK
390,We Were Here Together,1496,我们在一起,Nintendo Switch 2,5000,نعم,https://www.nintendo.com/eu/media/images/11_square_images/games_18/nintendo_switch_download_software/SQ_NSwitchDS_Together_image500w.jpg,https://www.nintendo.com/en-gb/Games/Nintendo-Switch-download-software/Together-1986713.html,,,"english, french, german, russian, spanish",Together,EU
391,Bara to Tsubaki,1496,蔷薇与椿 绚烂版,Nintendo Switch,5000,نعم,,https://www.nintendo.com/en-gb/Games/Nintendo-Switch-download-software/Burning-Secrets-A-Bara-Visual-Novel-2476499.html,,,"chinese, english, portuguese",Burning Secrets - A Bara Visual Novel,EU
392,Sonic X Shadow Generations,1496,索尼克 × 夏特 世代,Nintendo Switch,8000,نعم,,https://www.nintendo.com/en-gb/Games/Nintendo-Switch-games/SONIC-X-SHADOW-GENERATIONS-2622600.html,,,"chinese, english, french, german, italian, japanese, korean, portuguese, russian, spanish",SONIC X SHADOW GENERATIONS,EU
393,Model Debut 4,2574,模特儿出道4,Nintendo Switch 2,8000,نعم,,https://www.nintendo.com/en-gb/Games/Nintendo-Switch-download-software/Model-Debut4-2985520.html,,,english,Model Debut4,EU
394,This War of Mine: Complete Edition,1496,这是我的战争,Nintendo Switch,5000,نعم,https://www.nintendo.com/eu/media/images/05_packshots/games_13/nintendo_switch_8/PS_NSwitch_ThisWarOfMineCompleteEdition_PEGI_image500w.jpg,https://www.nintendo.com/en-gb/Games/Nintendo-Switch-download-software/This-War-of-Mine-Complete-Edition-1423798.html,,,"chinese, english, french, german, italian, japanese, korean, polish, portuguese, russian, spanish",This War of Mine: Complete Edition,EU
395,Mega Man Star Force Legacy Collection,1496,流星洛克人 合集,Nintendo Switch 2,12000,نعم,,https://www.nintendo.com/en-gb/Games/Nintendo-Switch-download-software/Mega-Man-Star-Force-Legacy-Collection-2991423.html,,,"chinese, english, japanese",Mega Man Star Force Legacy Collection,EU
396,Ultra Kaiju Monster Rancher,1496,超人怪兽农场,Nintendo Switch,5000,نعم,https://www.nintendo.com/eu/media/images/11_square_images/games_18/nintendo_switch_download_software/SQ_NSwitchDS_MonsterRancher1And2DX_image500w.jpg,https://www.nintendo.com/en-gb/Games/Nintendo-Switch-download-software/Monster-Rancher-1-2-DX-2081818.html,,,english,Monster Rancher 1 & 2 DX,EU
397,AMNESIA,3652,失忆症,Nintendo Switch,11000,نعم,https://www.nintendo.com/eu/media/images/11_square_images/games_18/nintendo_switch_download_software/SQ_NSwitchDS_AmnesiaCollection_image500w.jpg,https://www.nintendo.com/en-gb/Games/Nintendo-Switch-download-software/Amnesia-Collection-1640594.html,,,"english, german, italian, portuguese, russian, spanish",Amnesia: Collection,EU
398,Mighty Morphin Power Rangers: Rita's Rewind,1496,恐龙战队,Nintendo Switch,5000,نعم,,https://www.nintendo.com/en-gb/Games/Nintendo-Switch-download-software/Mighty-Morphin-Power-Rangers-Rita-s-Rewind-2710198.html,,,"english, french, german, italian, spanish",Mighty Morphin Power Rangers: Rita's Rewind,EU
399,Devil May Cry 2,1496,鬼泣2,Nintendo Switch,8000,نعم,,https://store.nintendo.com.hk/70010000017204,70010000017204,CAPCOM,中文,Devil May Cry 2,HK
400,My Friend Pedro,1496,我的朋友佩德罗,Nintendo Switch,5000,نعم,https://www.nintendo.com/eu/media/images/11_square_images/games_18/nintendo_switch_download_software/SQ_NSwitchDS_MyFriendPedro_image500w.jpg,https://www.nintendo.com/en-gb/Games/Nintendo-Switch-download-software/My-Friend-Pedro-1532970.html,,,"chinese, english, french, german, japanese, korean, portuguese, russian, spanish",My Friend Pedro,EU
401,The Legend of Heroes: Trails through Daybreak II,1496,英雄传说 黎之轨迹II,Nintendo Switch,8000,نعم,,https://www.nintendo.com/en-gb/Games/Nintendo-Switch-games/The-Legend-of-Heroes-Trails-through-Daybreak-II-2745150.html,,,english,The Legend of Heroes: Trails through Daybreak II,EU
402,Taiko no Tatsujin: Drum 'n' Fun!,1496,太鼓达人 Switch版,Nintendo Switch,8000,نعم,https://www.nintendo.com/eu/media/images/05_packshots/games_13/nintendo_switch_8/PS_NSwitch_TaikoNoTatsujinDrumnFun_image500w.jpg,https://www.nintendo.com/en-gb/Games/Nintendo-Switch-games/Taiko-no-Tatsujin-Drum-n-Fun--1455739.html,,,"english, french, german, italian, spanish",Taiko no Tatsujin: Drum'n'Fun!,EU
403,Implosion: Never Lose Hope,1496,聚爆,Nintendo Switch,5000,نعم,https://www.nintendo.com/eu/media/images/11_square_images/games_18/nintendo_switch_download_software/SQ_NSwitchDS_Implosion_image500w.jpg,https://www.nintendo.com/en-gb/Games/Nintendo-Switch-download-software/IMPLOSION-1241801.html,,,"chinese, english, french, german, japanese, korean, portuguese, russian, spanish",IMPLOSION,EU
404,INDIKA,1496,印蒂卡,Nintendo Switch 2,5000,نعم,,https://www.nintendo.com/en-gb/Games/Nintendo-Switch-games/INDIKA-2943310.html,,,"chinese, english, french, german, japanese, polish, portuguese, russian, spanish",INDIKA,EU
405,Castle of Heart: Retold,1496,心之城堡 重述版,Nintendo Switch 2,5000,نعم,,https://www.nintendo.com/en-gb/Games/Nintendo-Switch-download-software/Castle-of-Heart-Retold-2909495.html,,,"chinese, english, french, german, italian, japanese, korean, portuguese, spanish",Castle of Heart: Retold,EU
406,SD GUNDAM BATTLE ALLIANCE,2574,SD高达 激斗同盟,Nintendo Switch,12000,نعم,https://www.nintendo.com/eu/media/images/11_square_images/games_18/nintendo_switch_download_software/SQ_NSwitchDS_SdGundamBattleAlliance_image500w.jpg,https://www.nintendo.com/en-gb/Games/Nintendo-Switch-download-software/SD-Gundam-Battle-Alliance-2171240.html,,,"english, french, german, italian, japanese, portuguese, spanish",SD Gundam Battle Alliance,EU
407,Drova – Forsaken Kin,1496,困兽之国,Nintendo Switch 2,5000,نعم,,https://www.nintendo.com/en-gb/Games/Nintendo-Switch-download-software/Drova-Forsaken-Kin-2670448.html,,,"chinese, english, french, german, korean",Drova - Forsaken Kin,EU
408,DAEMON X MACHINA,1496,机甲战魔,Nintendo Switch,5000,نعم,,https://store.nintendo.com.hk/70010000021605,70010000021605,Marvelous,中文,DAEMON X MACHINA（机甲战魔）,HK
409,Ace Angler: Fishing Spirits,1496,王牌钓手 欢乐水族馆,Nintendo Switch,5000,نعم,https://www.nintendo.com/eu/media/images/11_square_images/games_18/nintendo_3ds_download_software_8/SQ_3DSDS_PhoenixWrightAceAttorneySpiritOfJustice_image500w.jpg,https://www.nintendo.com/en-gb/Games/Nintendo-3DS-download-software/Phoenix-Wright-Ace-Attorney-Spirit-of-Justice-1134176.html,,,english,Phoenix Wright: Ace Attorney – Spirit of Justice,EU
410,Minecraft Legends,1496,我的世界 传奇,Nintendo Switch,8000,نعم,https://www.nintendo.com/eu/media/images/11_square_images/games_18/nintendo_switch_5/1x1_NSwitch_MinecraftLegends_image500w.jpg,https://www.nintendo.com/en-gb/Games/Nintendo-Switch-games/Minecraft-Legends-2233613.html,,,"chinese, dutch, english, french, german, italian, japanese, korean, portuguese, russian, spanish",Minecraft Legends,EU
411,Pure Pool,1496,纯正台球,Nintendo Switch 2,5000,نعم,https://www.nintendo.com/eu/media/images/11_square_images/games_18/nintendo_switch_download_software/SQ_NSwitchDS_PurePool_image500w.jpg,https://www.nintendo.com/en-gb/Games/Nintendo-Switch-download-software/Pure-Pool-1869516.html,,,"dutch, english, french, german, italian, portuguese, russian, spanish",Pure Pool,EU
412,Backroom Escape: Labyrinth Horror,1496,迷宫恐怖,Nintendo Switch,5000,نعم,,https://www.nintendo.com/en-gb/Games/Nintendo-Switch-download-software/Backroom-Escape-Labyrinth-Horror-2604027.html,,,"chinese, english, japanese, korean",Backroom Escape: Labyrinth Horror,EU
413,CLOCK ZERO ~Shuuen no Ichibyou~,3652,CLOCK ZERO 终焉的一秒,Nintendo Switch,9000,نعم,https://www.nintendo.com/eu/media/images/11_square_images/games_18/super_nintendo_4/SQ_SNES_FZero_image500w.jpg,https://www.nintendo.com/en-gb/Games/Super-Nintendo/F-ZERO-277171.html,,,english,F-ZERO,EU
414,Dead Cells: The Fatal Seed,1496,死亡细胞 致命之种,Nintendo Switch,8000,نعم,https://www.nintendo.com/eu/media/images/05_packshots/games_13/nintendo_switch_8/PS_NSwitch_DeadCells_PEGI_image500w.jpg,https://www.nintendo.com/en-gb/Games/Nintendo-Switch-download-software/Dead-Cells-1333359.html,,,"chinese, english, french, german, italian, japanese, korean, portuguese, russian, spanish",Dead Cells,EU
415,Underling Uprising,1496,底层反抗,Nintendo Switch 2,5000,نعم,,https://www.nintendo.com/en-gb/Games/Nintendo-Switch-download-software/Underling-Uprising-3092259.html,,,"chinese, english, french, german, japanese, portuguese, russian, spanish",Underling Uprising,EU
416,Stitch.,1496,刺绣,Nintendo Switch 2,5000,نعم,,https://www.nintendo.com/en-gb/Games/Nintendo-Switch-download-software/stitch-2556627.html,,,"chinese, dutch, english, french, german, italian, japanese, korean, portuguese, russian, spanish",stitch.,EU
417,Unruly Heroes,1496,非常英雄,Nintendo Switch,5000,نعم,https://www.nintendo.com/eu/media/images/11_square_images/games_18/nintendo_switch_download_software/SQ_NSwitchDS_UnrulyHeroes_image500w.jpg,https://www.nintendo.com/en-gb/Games/Nintendo-Switch-download-software/Unruly-Heroes-1500347.html,,,"chinese, english, french, german, italian, japanese, korean, portuguese, russian, spanish",Unruly Heroes,EU
418,Ori and the Blind Forest: Definitive Edition,1711.6,奥日 精灵与萤火意志,Nintendo Switch,7000,نعم,https://www.nintendo.com/eu/media/images/05_packshots/games_13/nintendo_switch_8/PS_NSwitch_OriAndTheBlindForest_PEGI_image500w.jpg,https://www.nintendo.com/en-gb/Games/Nintendo-Switch-download-software/Ori-and-the-Blind-Forest-Definitive-Edition-1621526.html,,,"chinese, english, french, german, italian, japanese, portuguese, russian, spanish",Ori and the Blind Forest: Definitive Edition,EU
419,Shard Squad,1496,晶灵小队,Nintendo Switch 2,5000,نعم,,https://www.nintendo.com/en-gb/Games/Nintendo-Switch-download-software/Shard-Squad-3133777.html,,,"chinese, english, french, german, japanese, korean, portuguese, russian, spanish",Shard Squad,EU
420,Puyo Puyo Tetris 2,1496,魔法气泡 特趣思俄罗斯方块2,Nintendo Switch,8000,نعم,https://www.nintendo.com/eu/media/images/05_packshots/games_13/nintendo_switch_8/PS_NSwitch_PuyoPuyoTetris2_PEGI_image500w.jpg,https://www.nintendo.com/en-gb/Games/Nintendo-Switch-games/Puyo-Puyo-Tetris-2-1832846.html,,,"english, french, german, italian, spanish",Puyo Puyo Tetris 2,EU
421,Night Swarm,1496,黑夜刀锋 幸存者,Nintendo Switch 2,5000,نعم,,https://www.nintendo.com/en-gb/Games/Nintendo-Switch-download-software/Night-Swarm-3100816.html,,,"chinese, english, french, german, italian, japanese, korean, polish, portuguese, russian, spanish",Night Swarm,EU
422,Hunt the Night,1496,狩夜人,Nintendo Switch 2,5000,نعم,,https://www.nintendo.com/en-gb/Games/Nintendo-Switch-download-software/Hunt-the-Night-3026392.html,,,"chinese, english, french, german, japanese, korean, polish, portuguese, russian, spanish",Hunt the Night,EU
423,Totally Accurate Battle Simulator,1496,全面战争模拟器,Nintendo Switch,5000,نعم,https://www.nintendo.com/eu/media/images/11_square_images/games_18/nintendo_switch_download_software/1x1_NSwitchDS_TotallyAccurateBattleSimulator_image500w.jpg,https://www.nintendo.com/en-gb/Games/Nintendo-Switch-download-software/Totally-Accurate-Battle-Simulator-2210655.html,,,"chinese, english, french, german, italian, japanese, portuguese, russian, spanish",Totally Accurate Battle Simulator,EU
424,Tools Up!,1496,分手装修,Nintendo Switch,5000,نعم,https://www.nintendo.com/eu/media/images/11_square_images/games_18/nintendo_switch_download_software/SQ_NSwitchDS_ToolsUp_image500w.jpg,https://www.nintendo.com/en-gb/Games/Nintendo-Switch-download-software/Tools-Up--1689878.html,,,"chinese, english, french, german, italian, japanese, korean, portuguese, russian, spanish",Tools Up!,EU
425,Natsume's Book of Friends,1496,夏目友人帐 叶月之记,Nintendo Switch 2,5000,نعم,,https://www.nintendo.com/en-gb/Games/Nintendo-Switch-download-software/-Natsume-s-Book-of-Friends-Hazuki-no-Shirushi--2823799.html,,,"chinese, japanese",夏目友人帳 ～葉月の記～ (Natsume's Book of Friends: Hazuki no Shirushi) ,EU
426,Richman 4 fun,1496,大富翁4 fun,Nintendo Switch 2,7000,نعم,,https://www.nintendo.com/en-gb/Games/Nintendo-Switch-download-software/RichMan-4-Fun-2411057.html,,,"chinese, english, japanese",RichMan 4 Fun,EU
427,Don't Starve Together,1711.6,饥荒,Nintendo Switch,6000,نعم,https://www.nintendo.com/eu/media/images/11_square_images/games_18/nintendo_switch_download_software/SQ_NSwitchDS_DontStarveTogether_image500w.jpg,https://www.nintendo.com/en-gb/Games/Nintendo-Switch-download-software/Don-t-Starve-Together-2090479.html,,,"chinese, english, french, german, italian, japanese, korean, portuguese, russian, spanish",Don't Starve Together,EU
428,Tale of Immortal,1496,鬼谷八荒,Nintendo Switch,5000,نعم,,https://www.nintendo.com/en-gb/Games/Nintendo-Switch-download-software/Tale-of-Immortal-2509020.html,,,"chinese, english",Tale of Immortal,EU
429,That Time I Got Reincarnated as a Slime,1496,关于我转生变成史莱姆这档事,Nintendo Switch,5000,نعم,,https://www.nintendo.com/en-gb/Games/Nintendo-Switch-download-software/That-Time-I-Got-Reincarnated-as-a-Slime-ISEKAI-Chronicles-2601365.html,,,"english, french, german",That Time I Got Reincarnated as a Slime ISEKAI Chronicles,EU
430,UNDERTALE,1496,传说之下,Nintendo Switch,8000,نعم,https://www.nintendo.com/eu/media/images/11_square_images/games_18/nintendo_switch_download_software/SQ_NSwitchDS_Undertale_image500w.jpg,https://www.nintendo.com/en-gb/Games/Nintendo-Switch-download-software/UNDERTALE-1347694.html,,,"english, japanese",UNDERTALE,EU
431,Romancing SaGa 2: Revenge of the Seven – Nintendo Switch 2 Edition,1711.6,浪漫沙加2 七英雄的复仇,Nintendo Switch 2,9000,نعم,,https://www.nintendo.com/en-gb/Games/Nintendo-Switch-games/Romancing-Saga-2-Revenge-of-the-Seven-2625922.html,,,"english, french, german, japanese, spanish",Romancing Saga 2: Revenge of the Seven,EU
432,Death end re;Quest,1496,死亡终局 轮回试炼,Nintendo Switch,5000,نعم,https://www.nintendo.com/eu/media/images/11_square_images/games_18/nintendo_switch_download_software/SQ_NSwitchDS_DeathEndReQuest_image500w.jpg,https://www.nintendo.com/en-gb/Games/Nintendo-Switch-download-software/Death-end-re-Quest-1955559.html,,,english,Death end re;Quest,EU
433,Fitness Boxing 2: Rhythm & Exercise,1496,有氧拳击2,Nintendo Switch,5000,نعم,,https://store.nintendo.com.hk/70010000035240,70010000035240,Nintendo,中文,Fitness Boxing 2: Rhythm & Exercise,HK
434,Sky of Destruction,1496,毁灭的天空,Nintendo Switch 2,5000,نعم,,https://www.nintendo.com/en-gb/Games/Nintendo-Switch-download-software/Sky-of-Destruction-2900620.html,,,"chinese, english, french, german, italian, japanese, korean, portuguese, russian, spanish",Sky of Destruction,EU
435,SpongeBob SquarePants: The Patrick Star Game,1496,海绵宝宝 派大星,Nintendo Switch,8000,نعم,,https://www.nintendo.com/en-gb/Games/Nintendo-Switch-games/SpongeBob-SquarePants-The-Patrick-Star-Game-2639618.html,,,"chinese, dutch, english, french, german, italian, japanese, korean, portuguese, spanish",SpongeBob SquarePants™: The Patrick Star Game,EU
436,Dark Auction,1496,暗黑拍卖,Nintendo Switch 2,5000,نعم,,https://www.nintendo.com/en-gb/Games/Nintendo-Switch-download-software/Dark-Auction-3015350.html,,,"chinese, english, japanese",Dark Auction,EU
437,Bubble Bobble: Sugar Dungeons,1496,泡泡龙 糖果地牢,Nintendo Switch 2,5000,نعم,,https://www.nintendo.com/en-gb/Games/Nintendo-Switch-download-software/BUBBLE-BOBBLE-Sugar-Dungeons-2950370.html,,,"chinese, english, japanese, korean",BUBBLE BOBBLE Sugar Dungeons,EU
438,Yooka-Laylee,1711.6,尤卡与莱莉,Nintendo Switch 2,6000,نعم,https://www.nintendo.com/eu/media/images/11_square_images/games_18/nintendo_switch_5/SQ_NSwitch_YookaLaylee_image500w.jpg,https://www.nintendo.com/en-gb/Games/Nintendo-Switch-download-software/Yooka-Laylee-1205456.html,,,"chinese, english, french, german, italian, japanese, korean, russian, spanish",Yooka-Laylee,EU
439,KAGE: Shadow of the Ninja,1496,绝影战士 赤,Nintendo Switch,5000,نعم,https://www.nintendo.com/eu/media/images/03_teaser_module_1_square/games_3/virtual_console_wii_1/TM_WiiVC_ShadowOfTheNinja_image500w.png,https://www.nintendo.com/en-gb/Games/NES/Shadow-of-the-Ninja--278865.html,,,english,Shadow of the Ninja™,EU
440,Atelier Yumia: The Alchemist of Memories & the Envisioned Land,1711.6,优米雅的炼金工房,Nintendo Switch 2,9000,نعم,,https://www.nintendo.com/en-gb/Games/Nintendo-Switch-download-software/Atelier-Yumia-The-Alchemist-of-Memories-the-Envisioned-Land-2753664.html,,,"english, french, german, japanese, russian, spanish",Atelier Yumia: The Alchemist of Memories & the Envisioned Land,EU
441,Ashen,1496,灰烬,Nintendo Switch,5000,نعم,https://www.nintendo.com/eu/media/images/11_square_images/games_18/nintendo_switch_download_software/SQ_NSwitchDS_Ashen_image500w.jpg,https://www.nintendo.com/en-gb/Games/Nintendo-Switch-download-software/Ashen-1700009.html,,,"chinese, english, french, german, italian, japanese, korean, portuguese, russian, spanish",Ashen,EU
442,Kunio-kun: The World Classics Collection,1496,国夫君 世界经典游戏合集,Nintendo Switch 2,5000,نعم,,https://store.nintendo.com.hk/70010000010041,70010000010041,H2 INTERACTIVE,中文,Kunio Kun: The World Classics Collection,HK
443,Gear.Club Unlimited 2 – Ultimate Edition,1711.6,极速俱乐部2,Nintendo Switch,6000,نعم,https://www.nintendo.com/eu/media/images/05_packshots/games_13/nintendo_switch_8/PS_NSwitch_GearClubUnlimited_PEGI_image500w.jpg,https://www.nintendo.com/en-gb/Games/Nintendo-Switch-games/Gear-Club-Unlimited-1309645.html,,,"english, french, german, italian, russian, spanish",Gear.Club Unlimited,EU
444,Ultimate Chicken Horse,1496,超级鸡马,Nintendo Switch,7000,نعم,https://www.nintendo.com/eu/media/images/11_square_images/games_18/nintendo_switch_download_software/SQ_NSwitchDS_UltimateChickenHorse_image500w.jpg,https://www.nintendo.com/en-gb/Games/Nintendo-Switch-download-software/Ultimate-Chicken-Horse-1442452.html,,,"chinese, english, french, german, italian, japanese, korean, portuguese, russian, spanish",Ultimate Chicken Horse,EU
445,Ghost Trick: Phantom Detective,1496,幽灵诡计,Nintendo Switch,5000,نعم,https://www.nintendo.com/eu/media/images/migration/games_7/packshot/nintendods_1/square_5/PS_GhostTrickPhantomDetective_v02_enGB_rdax_90x81_image500w.png,https://www.nintendo.com/en-gb/Games/Nintendo-DS/Ghost-Trick-Phantom-Detective-270880.html,,,,Ghost Trick: Phantom Detective,EU
446,Agatha Christie: Murder on the Orient Express,1496,阿加莎克里斯蒂 东方快车谋杀案,Nintendo Switch,7000,نعم,,https://www.nintendo.com/en-gb/Games/Nintendo-Switch-games/Agatha-Christie-Murder-on-the-Orient-Express-2448599.html,,,"chinese, english, french, german, italian, korean, portuguese, russian, spanish",Agatha Christie - Murder on the Orient Express,EU
447,Warm Snow,1496,暖雪,Nintendo Switch,5000,نعم,,https://www.nintendo.com/en-gb/Games/Nintendo-Switch-download-software/Warm-Snow-2456072.html,,,"chinese, english, french, german, italian, japanese, korean, portuguese, russian, spanish", Warm Snow,EU
448,BLUE REFLECTION,5808,蓝色反射 幻舞少女之剑,Nintendo Switch 2,12000,نعم,,https://www.nintendo.com/en-gb/Games/Nintendo-Switch-download-software/BLUE-REFLECTION-Quartet-3125871.html,,,"english, japanese",BLUE REFLECTION Quartet,EU
449,RollerCoaster Tycoon Classic,1496,过山车大亨,Nintendo Switch,5000,نعم,,https://www.nintendo.com/en-gb/Games/Nintendo-Switch-download-software/RollerCoaster-Tycoon-Classic-2702780.html,,,"english, french, german, italian, spanish",RollerCoaster Tycoon® Classic,EU
450,Railway Nippon! Real Pro - Express Edition,3652,铁道日本 RealPro特快专通,Nintendo Switch 2,9000,لا — يابانية/صينية,https://www.nintendo.com/eu/media/images/11_square_images/games_18/nintendo_switch_download_software/SQ_NSwitchDS_NipponMarathon_image500w.jpg,https://www.nintendo.com/en-gb/Games/Nintendo-Switch-download-software/Nippon-Marathon-1487307.html,,,"chinese, english, japanese, korean",Nippon Marathon,EU
451,Densha de GO!!,1496,电车炫客,Nintendo Switch 2,5000,نعم,https://www.nintendo.com/eu/media/images/migration/games_7/packshot/wii_15/portrait_5/PS_Wii_deBlob_PEGI_rdax_90x127_image500w.png,https://www.nintendo.com/en-gb/Games/Wii/De-Blob-280902.html,,,,De Blob,EU
452,MONSTER HUNTER STORIES,1496,怪物猎人物语,Nintendo Switch,8000,نعم,,https://www.nintendo.com/en-gb/Games/Nintendo-Switch-download-software/Monster-Hunter-Stories-2520791.html,,,"chinese, english, french, german, italian, japanese, korean, portuguese, russian, spanish",Monster Hunter Stories,EU
453,Atelier Resleriana: The Red Alchemist & the White Guardian,2574,蕾斯莱莉娜的炼金工房,Nintendo Switch 2,12000,نعم,,https://www.nintendo.com/en-gb/Games/Nintendo-Switch-download-software/Atelier-Resleriana-The-Red-Alchemist-the-White-Guardian-2905015.html,,,"english, japanese",Atelier Resleriana: The Red Alchemist & the White Guardian,EU
454,Barbie Dreamhouse Adventures,2142.8,芭比梦幻屋,Nintendo Switch,7000,نعم,,https://www.nintendo.com/en-gb/Games/Nintendo-Switch-games/Barbie-DreamHouse-Adventures-2449710.html,,,"chinese, english, french, german, italian, japanese, portuguese, russian, spanish",Barbie™ DreamHouse Adventures,EU
455,Super Bomberman R 2,1711.6,超级炸弹人2,Nintendo Switch,9000,نعم,https://www.nintendo.com/eu/media/images/11_square_images/games_18/nintendo_switch_5/1x1_NSwitch_SuperBombermanR2_image500w.jpg,https://www.nintendo.com/en-gb/Games/Nintendo-Switch-games/SUPER-BOMBERMAN-R-2-2233188.html,,,"chinese, dutch, english, french, german, italian, japanese, korean, portuguese, russian, spanish",SUPER BOMBERMAN R 2,EU
456,Game Builder Garage,1496,附带导航！一起来做游戏吧,Nintendo Switch,5000,نعم,https://www.nintendo.com/eu/media/images/05_packshots/games_13/nintendo_switch_8/PS_NSwitch_GameBuilderGarage_enGB_image500w.jpg,https://www.nintendo.com/en-gb/Games/Nintendo-Switch-download-software/Game-Builder-Garage-1964648.html,,,"chinese, dutch, english, french, german, italian, japanese, korean, spanish",Game Builder Garage,EU
457,Densha de GO!! Hashirou Yamanote Sen,1496,电车GO 山手线,Nintendo Switch,5000,نعم,https://www.nintendo.com/eu/media/images/03_teaser_module_1_square/games_3/wiiu_download_software_1/TM_WiiUDS_WoodenSenSey_image500w.png,https://www.nintendo.com/en-gb/Games/Wii-U-download-software/Wooden-Sen-SeY-904150.html,,,"english, french, german, italian, portuguese, spanish",Wooden Sen'SeY,EU
458,The Witch's Bakery,3220.8,魔女的面包店,Nintendo Switch 2,9000,نعم,,https://www.nintendo.com/en-gb/Games/Nintendo-Switch-games/The-Witch-s-Bakery-3128981.html,,,"chinese, english, french, german, italian, japanese, portuguese, spanish",The Witch's Bakery,EU
459,What Remains of Edith Finch,1496,艾迪芬奇的记忆,Nintendo Switch,5000,نعم,https://www.nintendo.com/eu/media/images/11_square_images/games_18/nintendo_switch_download_software/SQ_NSwitchDS_WhatRemainsOfEdithFinch_image500w.jpg,https://www.nintendo.com/en-gb/Games/Nintendo-Switch-download-software/What-Remains-of-Edith-Finch-1589999.html,,,"chinese, english, french, german, italian, japanese, korean, portuguese, russian, spanish",What Remains of Edith Finch,EU
460,Oil Refinery Simulation,1496,炼油厂 模拟,Nintendo Switch 2,5000,نعم,,https://www.nintendo.com/en-gb/Games/Nintendo-Switch-download-software/Oil-Refinery-The-Simulation-2920089.html,,,"chinese, dutch, english, french, german, italian, japanese, portuguese, russian, spanish",Oil Refinery - The Simulation,EU
461,Winning Post 10 2026,3652,赛马大亨10 2026,Nintendo Switch 2,9000,نعم,,https://www.nintendo.com/en-gb/Games/Nintendo-Switch-download-software/10-Seconds-to-Win--2504280.html,,,"english, portuguese",10 Seconds to Win!,EU
462,Bright Memory: Infinite – Gold Edition,1496,光明记忆 无限,Nintendo Switch,5000,نعم,https://www.nintendo.com/eu/media/images/11_square_images/games_18/nintendo_switch_download_software/1x1_NSwitchDS_BrightMemoryInfiniteGoldEdition_image500w.jpg,https://www.nintendo.com/en-gb/Games/Nintendo-Switch-download-software/Bright-Memory-Infinite-Gold-Edition-2238298.html,,,"chinese, english, french, german, italian, japanese, korean, portuguese, russian, spanish",Bright Memory: Infinite Gold Edition,EU
463,Disney Dreamlight Valley,1496,迪士尼梦幻谷,Nintendo Switch,8000,نعم,https://www.nintendo.com/eu/media/images/11_square_images/games_18/nintendo_switch_download_software/1x1_NSwitchDS_DisneyDreamlightValley_Winter_image500w.jpg,https://www.nintendo.com/en-gb/Games/Nintendo-Switch-download-software/Disney-Dreamlight-Valley-2232608.html,,,"chinese, english, french, german, italian, japanese, spanish",Disney Dreamlight Valley,EU
464,Rilakkuma: Ouchi de Relax,5808,轻松熊来我家,Nintendo Switch 2,12000,نعم,https://www.nintendo.com/eu/media/images/migration/games_7/packshot/wii_15/portrait_5/PS_Wii_deBlob_PEGI_rdax_90x127_image500w.png,https://www.nintendo.com/en-gb/Games/Wii/De-Blob-280902.html,,,,De Blob,EU
465,Degrees of Separation,1496,维度分隔,Nintendo Switch,5000,نعم,https://www.nintendo.com/eu/media/images/11_square_images/games_18/nintendo_switch_download_software/SQ_NSwitchDS_DegreesofSeparation_image500w.jpg,https://www.nintendo.com/en-gb/Games/Nintendo-Switch-download-software/Degrees-of-Separation-1514190.html,,,"english, french, german, italian, portuguese, spanish",Degrees of Separation,EU
466,MasterChef: Learn to Cook!,1496,厨艺大师 学做菜,Nintendo Switch,5000,نعم,,https://www.nintendo.com/en-gb/Games/Nintendo-Switch-download-software/MasterChef-Learn-to-Cook--2686141.html,,,"chinese, dutch, english, french, german, italian, japanese, korean, portuguese, russian, spanish",MasterChef: Learn to Cook!,EU
467,Shin chan: Me and the Professor on Summer Vacation,1496,蜡笔小新 我与博士的暑假,Nintendo Switch,5000,نعم,https://www.nintendo.com/eu/media/images/11_square_images/games_18/nintendo_switch_download_software/1x1_NSwitchDS_ShinChanMeAndTheProfessorOnSummerVacation_enGB_image500w.jpg,https://www.nintendo.com/en-gb/Games/Nintendo-Switch-download-software/Shin-chan-Me-and-the-Professor-on-Summer-Vacation-The-Endless-Seven-Day-Journey-2250164.html,,,"english, german, portuguese, spanish",Shin chan: Me and the Professor on Summer Vacation -The Endless Seven-Day Journey-,EU
468,Remnant: From the Ashes,1496,遗迹 灰烬重生,Nintendo Switch,5000,نعم,,https://www.nintendo.com/en-gb/Games/Nintendo-Switch-games/Remnant-From-the-Ashes-2338729.html,,,"chinese, english, french, german, italian, japanese, korean, portuguese, russian, spanish",Remnant: From the Ashes,EU
469,MONSTER HUNTER XX,1496,怪物猎人XX,Nintendo Switch,8000,نعم,https://www.nintendo.com/eu/media/images/05_packshots/games_13/wii_6/PS_Wii_MonsterHunterTri_enGB_image500w.png,https://www.nintendo.com/en-gb/Games/Wii/Monster-Hunter-Tri-282090.html,,,"english, french, german, italian, spanish",Monster Hunter Tri,EU
470,Angels of Death,1496,杀戮天使,Nintendo Switch,5000,نعم,https://www.nintendo.com/eu/media/images/11_square_images/games_18/nintendo_switch_download_software/SQ_NSwitchDS_AngelsOfDeath_image500w.jpg,https://www.nintendo.com/en-gb/Games/Nintendo-Switch-download-software/Angels-of-Death-1392439.html,,,"chinese, english, japanese, korean, russian",Angels of Death,EU
471,MEGATON MUSASHI W: WIRED,1496,百万吨级武藏 W,Nintendo Switch,5000,نعم,,https://www.nintendo.com/en-gb/Games/Nintendo-Switch-download-software/MEGATON-MUSASHI-W-WIRED-Standard-Edition-2557518.html,,,"chinese, english, french, german, italian, japanese, spanish",MEGATON MUSASHI W: WIRED Standard Edition,EU
472,Pokémon Friends,1496,宝可梦朋友,Nintendo Switch 2,12000,نعم,,https://www.nintendo.com/en-gb/Games/Nintendo-Switch-download-software/Pokemon-Friends-2872653.html,,,"chinese, english, french, german, italian, japanese, korean, spanish",Pokémon Friends,EU
473,Samurai Warriors: Spirit of Sanada,1496,战国无双 真田丸,Nintendo Switch,8000,نعم,,https://www.nintendo.com/en-gb/Games/Nintendo-Switch-download-software/Samurai-Warrior-2338987.html,,,english,Samurai Warrior,EU
474,Sonic Mania,1496,索尼克 狂热,Nintendo Switch,8000,نعم,,https://store.nintendo.com.hk/70010000012912,70010000012912,SEGA,中文,SONIC MANIA,HK
475,S.T.A.L.K.E.R.: Legends of the Zone Trilogy,1496,潜行者 封锁区传奇三部曲,Nintendo Switch,5000,نعم,,https://www.nintendo.com/en-gb/Games/Nintendo-Switch-download-software/S-T-A-L-K-E-R-Legends-of-the-Zone-Trilogy-2688994.html,,,"chinese, english, french, german, italian, japanese, korean, russian, spanish",S.T.A.L.K.E.R.: Legends of the Zone Trilogy,EU
476,Once Upon a Puppet,1496,木偶往事,Nintendo Switch 2,5000,نعم,,https://www.nintendo.com/en-gb/Games/Nintendo-Switch-download-software/Once-Upon-a-Puppet-2840374.html,,,"chinese, english, french, german, italian, japanese, korean, russian, spanish",Once Upon a Puppet,EU
477,Hollow Cocoon,1496,空心茧,Nintendo Switch,5000,نعم,,https://www.nintendo.com/en-gb/Games/Nintendo-Switch-download-software/Hollow-Cocoon-2618458.html,,,"chinese, english, german, italian, japanese, korean, portuguese, russian, spanish",Hollow Cocoon,EU
478,Capcom Belt Action Collection,1496,卡普空街机合集,Nintendo Switch,8000,نعم,,https://store.nintendo.com.hk/70010000008902,70010000008902,CAPCOM,中文,Capcom Belt Action Collection,HK
479,Love Is All Around 2,1496,完蛋！我被美女包围了2,Nintendo Switch 2,5000,نعم,,https://www.nintendo.com/en-gb/Games/Nintendo-Switch-download-software/Love-is-all-around-2-2963488.html,,,"chinese, english, japanese",Love is all around 2,EU
480,Cupid Parasite,2574,共生丘比特 [Switch],Nintendo Switch,8000,نعم,https://www.nintendo.com/eu/media/images/05_packshots/games_13/nintendo_switch_8/PS_NSwitch_CupidParasite_image500w.jpg,https://www.nintendo.com/en-gb/Games/Nintendo-Switch-download-software/Cupid-Parasite-2046453.html,,,english,Cupid Parasite,EU
481,SD GUNDAM G GENERATION CROSS RAYS,1927.2,SD高达G世纪 火线纵横,Nintendo Switch,11000,نعم,https://www.nintendo.com/eu/media/images/11_square_images/games_18/nintendo_switch_download_software/SQ_NSwitchDS_SdGundamBattleAlliance_image500w.jpg,https://www.nintendo.com/en-gb/Games/Nintendo-Switch-download-software/SD-Gundam-Battle-Alliance-2171240.html,,,"english, french, german, italian, japanese, portuguese, spanish",SD Gundam Battle Alliance,EU
482,Jujutsu Kaisen: Cursed Clash,1496,咒术回战 双华乱舞,Nintendo Switch,8000,نعم,,https://www.nintendo.com/en-gb/Games/Nintendo-Switch-games/Jujutsu-Kaisen-Cursed-Clash-2479584.html,,,"english, french, german, italian, spanish",Jujutsu Kaisen Cursed Clash,EU
483,Mega Man 11,1496,洛克人11,Nintendo Switch,8000,نعم,,https://store.nintendo.com.hk/70010000011229,70010000011229,CAPCOM,中文,Mega Man 11,HK
484,Fate/EXTELLA,1496,Fate/EXTELLA,Nintendo Switch,5000,نعم,https://www.nintendo.com/eu/media/images/05_packshots/games_13/nintendo_switch_8/PS_NSwitch_FateExtellaLink_PEGI_image500w.jpg,https://www.nintendo.com/en-gb/Games/Nintendo-Switch-games/Fate-EXTELLA-LINK-1523854.html,,,"chinese, english, japanese, korean",Fate/EXTELLA LINK ,EU
485,Rayman Legends: Definitive Edition,1496,雷曼 传奇终极版,Nintendo Switch,8000,نعم,,https://store.nintendo.com.hk/70010000012132,70010000012132,Ubisoft,,Rayman® Legends Definitive Edition,HK
486,Disaster Report 4: Summer Memories,1496,绝体绝命都市4 夏日回忆,Nintendo Switch,5000,نعم,https://www.nintendo.com/eu/media/images/05_packshots/games_13/nintendo_switch_8/PS_NSwitch_DisasterReport4SummerMemories_PEGI_image500w.jpg,https://www.nintendo.com/en-gb/Games/Nintendo-Switch-download-software/Disaster-Report-4-Summer-Memories-1740421.html,,,english,Disaster Report 4: Summer Memories,EU
487,Terminator 2D: NO FATE,1496,终结者2D,Nintendo Switch 2,5000,نعم,,https://www.nintendo.com/en-gb/Games/Nintendo-Switch-download-software/Terminator-2D-NO-FATE-2873493.html,,,"chinese, dutch, english, french, german, italian, japanese, korean, portuguese, russian, spanish",Terminator 2D: NO FATE,EU
488,DRAGON BALL FighterZ,1496,龙珠斗士Z,Nintendo Switch,8000,نعم,https://www.nintendo.com/eu/media/images/11_square_images/games_18/nintendo_switch_5/SQ_NSwitch_DragonBallFighterZ_image500w.jpg,https://www.nintendo.com/en-gb/Games/Nintendo-Switch-games/DRAGON-BALL-FighterZ-1388874.html,,,"chinese, english, french, german, italian, japanese, korean, portuguese, russian, spanish",DRAGON BALL® FighterZ,EU
489,LEGO Jurassic World,1496,乐高 侏罗纪世界,Nintendo Switch,8000,نعم,https://www.nintendo.com/eu/media/images/05_packshots/games_13/nintendo_switch_8/PS_NSwitch_LegoJurassicWorld_PEGI_image500w.jpg,https://www.nintendo.com/en-gb/Games/Nintendo-Switch-games/LEGO-Jurassic-World-1627645.html,,,"dutch, english, french, german, italian, japanese, portuguese, russian, spanish",LEGO® Jurassic World,EU
490,Achilles: Survivor,1496,阿喀琉斯 幸存者,Nintendo Switch 2,5000,نعم,,https://www.nintendo.com/en-gb/Games/Nintendo-Switch-download-software/Achilles-Survivor-2946491.html,,,"chinese, english, french, german, japanese, korean, portuguese, russian, spanish",Achilles: Survivor,EU
491,Risk of Rain 2,1711.6,雨中冒险2,Nintendo Switch,7000,نعم,https://www.nintendo.com/eu/media/images/11_square_images/games_18/nintendo_switch_5/SQ_NSwitch_RiskOfRain2_image500w.jpg,https://www.nintendo.com/en-gb/Games/Nintendo-Switch-games/Risk-of-Rain-2-1621528.html,,,"chinese, english, french, german, italian, japanese, korean, portuguese, russian, spanish",Risk of Rain 2,EU
492,The Legend of Heroes: Trails of Cold Steel,2574,英雄传说 闪之轨迹 改,Nintendo Switch,12000,نعم,https://www.nintendo.com/eu/media/images/11_square_images/games_18/nintendo_switch_5/SQ_NSwitch_TheLegendOfHeroesTrailsOfColdSteelIII_image500w.jpg,https://www.nintendo.com/en-gb/Games/Nintendo-Switch-games/The-Legend-of-Heroes-Trails-of-Cold-Steel-III-1748153.html,,,"english, french",The Legend of Heroes: Trails of Cold Steel III,EU
493,The Pedestrian,1496,行人,Nintendo Switch,5000,نعم,,https://www.nintendo.com/en-gb/Games/Nintendo-Switch-download-software/The-Pedestrian-2502428.html,,,english,The Pedestrian,EU
494,Wartales,1496,战争传说,Nintendo Switch,5000,نعم,,https://www.nintendo.com/en-gb/Games/Nintendo-Switch-download-software/Wartales-2437335.html,,,"chinese, english, french, german, portuguese, russian, spanish",Wartales,EU
495,Alpaca Ball: Allstars,1496,草泥马足球 全明星,Nintendo Switch,5000,نعم,https://www.nintendo.com/eu/media/images/11_square_images/games_18/nintendo_switch_download_software/SQ_NSwitchDS_AlpacaBallAllstars_image500w.jpg,https://www.nintendo.com/en-gb/Games/Nintendo-Switch-download-software/Alpaca-Ball-Allstars-1854044.html,,,"chinese, english, french, german, italian, japanese, korean, spanish",Alpaca Ball: Allstars,EU
496,Little Strays,1496,小猫大营救,Nintendo Switch,7000,نعم,,https://www.nintendo.com/en-gb/Games/Nintendo-Switch-download-software/Little-Strays-2699759.html,,,"chinese, dutch, english, french, german, italian, japanese, korean, portuguese, spanish",Little Strays,EU
497,Disgaea 5 Complete,1496,魔界战记5,Nintendo Switch,5000,نعم,https://www.nintendo.com/eu/media/images/05_packshots/games_13/nintendo_switch_8/PS_NSwitch_Disgaea5Complete_PEGI_image500w.jpg,https://www.nintendo.com/en-gb/Games/Nintendo-Switch-games/Disgaea-5-Complete-1174315.html,,,"english, french",Disgaea 5 Complete,EU
498,Dog Man: Mission Impawsible,1496,神探狗狗,Nintendo Switch,5000,نعم,,https://www.nintendo.com/en-gb/Games/Nintendo-Switch-games/Dog-Man-Mission-Impawsible-2665382.html,,,"chinese, dutch, english, french, german, japanese, portuguese, spanish",Dog Man: Mission Impawsible,EU
499,CRYMACHINA,1927.2,恸哭奇机,Nintendo Switch,7000,نعم,,https://www.nintendo.com/en-gb/Games/Nintendo-Switch-games/CRYMACHINA-2451725.html,,,english,CRYMACHINA,EU
500,GARAGE: Bad Dream Adventure,1496,工房库 噩梦,Nintendo Switch,5000,نعم,,https://www.nintendo.com/en-gb/Games/Nintendo-Switch-download-software/Garage-Bad-Dream-Adventure-2583318.html,,,"chinese, english, japanese",Garage: Bad Dream Adventure,EU
501,Subnautica: Below Zero,1496,深海迷航2,Nintendo Switch,7000,نعم,https://www.nintendo.com/eu/media/images/11_square_images/games_18/nintendo_switch_5/SQ_NSwitch_SubnauticaBelowZero_image500w.jpg,https://www.nintendo.com/en-gb/Games/Nintendo-Switch-games/Subnautica-Below-Zero-1822778.html,,,"chinese, english, french, german, italian, japanese, korean, polish, portuguese, russian, spanish",Subnautica: Below Zero,EU
502,Neko Odyssey,1496,美希与猫之岛,Nintendo Switch 2,5000,نعم,,https://www.nintendo.com/en-gb/Games/Nintendo-Switch-download-software/Neko-Odyssey-3141800.html,,,"chinese, english, japanese",Neko Odyssey,EU
503,WARRIORS OROCHI 2 Ultimate,1496,无双大蛇2 究极,Nintendo Switch,8000,نعم,https://www.nintendo.com/eu/media/images/05_packshots/games_13/nintendo_switch_8/PS_NSwitch_WarriorsOrochi4_PEGI_image500w.jpg,https://www.nintendo.com/en-gb/Games/Nintendo-Switch-games/WARRIORS-OROCHI-4-1452514.html,,,english,WARRIORS OROCHI 4,EU
504,Ebola Village,1711.6,埃博拉村庄,Nintendo Switch 2,6000,نعم,,https://www.nintendo.com/en-gb/Games/Nintendo-Switch-download-software/EBOLA-VILLAGE-3005954.html,,,"chinese, english, french, german, italian, japanese, portuguese, russian, spanish",EBOLA VILLAGE,EU
505,The Lord of the Rings: War in the North – Legacy Edition,2574,指环王 北方战争 遗产版,Nintendo Switch 2,8000,نعم,,https://www.nintendo.com/en-gb/Games/Nintendo-Switch-download-software/The-Lord-of-the-Rings-War-in-the-North-Legacy-Edition-3177334.html,,,"chinese, english, french, german, italian, polish, portuguese, russian, spanish",The Lord of the Rings: War in the North™ - Legacy Edition,EU
506,LEGO DC Super-Villains,1496,乐高DC超级反派,Nintendo Switch 2,12000,نعم,https://www.nintendo.com/eu/media/images/05_packshots/games_13/nintendo_switch_8/PS_NSwitch_LEGODCSuperVillains_PEGI_image500w.jpg,https://www.nintendo.com/en-gb/Games/Nintendo-Switch-games/LEGO-DC-Super-Villains-1456638.html,,,"chinese, dutch, english, french, german, italian, japanese, korean, portuguese, russian, spanish",LEGO® DC Super-Villains,EU
507,Royal Revolt: Survivors,1496,皇家起义 幸存者,Nintendo Switch 2,5000,نعم,,https://www.nintendo.com/en-gb/Games/Nintendo-Switch-2-games/Royal-Revolt-Survivors-3046067.html,,,"chinese, english, french, german, italian, japanese, korean, polish, portuguese, russian, spanish",Royal Revolt Survivors,EU
508,The Great Ace Attorney Chronicles,1496,大逆转裁判,Nintendo Switch,8000,نعم,https://www.nintendo.com/eu/media/images/11_square_images/games_18/nintendo_switch_download_software/SQ_NSwitchDS_TheGreatAceAttorneyChronicles_image500w.jpg,https://www.nintendo.com/en-gb/Games/Nintendo-Switch-download-software/The-Great-Ace-Attorney-Chronicles-1971036.html,,,english,The Great Ace Attorney Chronicles,EU
509,Just Dance 2025 Edition,1496,舞力全开2025,Nintendo Switch,8000,نعم,,https://www.nintendo.com/en-gb/Games/Nintendo-Switch-download-software/Aireo-FlightSimulator-2025-Edition-2724516.html,,,english,Aireo FlightSimulator 2025 Edition,EU
510,Amnesia: Rebirth,1496,失忆症 重生,Nintendo Switch 2,7000,نعم,,https://www.nintendo.com/en-gb/Games/Nintendo-Switch-2-games/Amnesia-Rebirth-3074955.html,,,"chinese, english, french, german, italian, portuguese, russian, spanish",Amnesia: Rebirth,EU
511,Snow Bros. Nick & Tom Special,1496,雪人兄弟,Nintendo Switch,5000,نعم,https://www.nintendo.com/eu/media/images/05_packshots/games_13/nintendo_switch_8/PS_NSwitch_SnowBrosNickAndTomSpecial_Pegi_image500w.jpg,https://www.nintendo.com/en-gb/Games/Nintendo-Switch-games/Snow-Bros-Nick-Tom-Special-2213320.html,,,"chinese, english, japanese, korean",Snow Bros. Nick & Tom Special,EU
512,Super Technos World,1496,热血街机经典合集,Nintendo Switch,5000,نعم,,https://www.nintendo.com/en-gb/Games/Nintendo-Switch-download-software/Super-Technos-World-River-City-Technos-Arcade-Classics-2801197.html,,,"chinese, english, japanese, korean",Super Technos World: River City & Technos Arcade Classics,EU
513,Tomb Raider I-III Remastered,1496,古墓丽影 三部曲重制典藏版,Nintendo Switch,8000,نعم,,https://www.nintendo.com/en-gb/Games/Nintendo-Switch-download-software/Tomb-Raider-I-III-Remastered-2441188.html,,,"dutch, english, french, german, italian, portuguese, russian, spanish",Tomb Raider I-III Remastered,EU
514,Ib,1496,恐怖美术馆,Nintendo Switch 2,5000,نعم,https://www.nintendo.com/eu/media/images/11_square_images/games_18/nintendo_switch_download_software/1x1_NSwitchDS_Ib_image500w.jpg,https://www.nintendo.com/en-gb/Games/Nintendo-Switch-download-software/Ib-2265109.html,,,"chinese, english, french, german, italian, japanese, korean, spanish",Ib,EU
515,Bluey: The Videogame,1711.6,布鲁伊 电子游戏,Nintendo Switch 2,6000,نعم,,https://www.nintendo.com/en-gb/Games/Nintendo-Switch-games/Bluey-The-Videogame-2461776.html,,,"chinese, dutch, english, french, german, italian, korean, portuguese, spanish",Bluey: The Videogame,EU
516,Fight Crab,1496,螃蟹大战,Nintendo Switch,5000,نعم,https://www.nintendo.com/eu/media/images/11_square_images/games_18/nintendo_switch_download_software/SQ_NSwitchDS_FightCrab_image500w.jpg,https://www.nintendo.com/en-gb/Games/Nintendo-Switch-download-software/Fight-Crab-1837208.html,,,"chinese, english, japanese",Fight Crab,EU
517,Dragon's Dogma: Dark Arisen,1496,龙之信条 黑暗觉者,Nintendo Switch,5000,نعم,,https://store.nintendo.com.hk/70010000018691,70010000018691,CAPCOM,中文,Dragon's Dogma: Dark Arisen,HK
518,F.I.S.T.: Forged In Shadow Torch,1496,暗影火炬城,Nintendo Switch,5000,نعم,https://www.nintendo.com/eu/media/images/05_packshots/games_13/nintendo_switch_8/PS_NSwitch_FistForgedInShadowTorch_PEGI_USK_image500w.jpg,https://www.nintendo.com/en-gb/Games/Nintendo-Switch-games/F-I-S-T-Forged-In-Shadow-Torch-2227160.html,,,"chinese, english, french, german, italian, portuguese, russian, spanish",F.I.S.T.: Forged In Shadow Torch,EU
519,Ultimate Sheep Raccoon,1496,超级浣熊羊,Nintendo Switch 2,5000,نعم,,https://www.nintendo.com/en-gb/Games/Nintendo-Switch-download-software/Ultimate-Sheep-Raccoon-2977595.html,,,"chinese, english, french, german, italian, japanese, korean, polish, portuguese, russian, spanish",Ultimate Sheep Raccoon,EU
520,New Pokémon Snap,1496,New 宝可梦 随乐拍,Nintendo Switch,8000,نعم,https://www.nintendo.com/eu/media/images/11_square_images/games_18/nintendo_switch_5/SQ_NSwitch_NewPokemonSnap_image500w.jpg,https://www.nintendo.com/en-gb/Games/Nintendo-Switch-games/New-Pokemon-Snap-1799500.html,,,"chinese, english, french, german, italian, japanese, korean, spanish",New Pokémon Snap,EU
521,Fitness Circuit,1496,健身巡游,Nintendo Switch,5000,نعم,,https://www.nintendo.com/en-gb/Games/Nintendo-Switch-games/Fitness-Circuit-2372222.html,,,"chinese, english, french, german, italian, japanese, korean, spanish",Fitness Circuit,EU
522,SD Shin Kamen Rider: Rumble,1496,SD 新假面骑士 乱舞,Nintendo Switch,8000,نعم,https://www.nintendo.com/eu/media/images/05_packshots/games_13/nintendo_3ds_6/PS_3DS_RabbidsRumble_enGB_image500w.png,https://www.nintendo.com/en-gb/Games/Nintendo-3DS-games/Rabbids-Rumble-673114.html,,,"dutch, english, french, german, italian, spanish",Rabbids Rumble,EU
523,Garlant: My Story,1496,伽尔兰特 我的故事,Nintendo Switch,5000,نعم,,https://www.nintendo.com/en-gb/Games/Nintendo-Switch-download-software/Garlant-My-Story-2649568.html,,,"chinese, english, japanese",Garlant: My Story,EU
524,Disney Epic Mickey: Rebrushed,1496,传奇米老鼠 重制版,Nintendo Switch,8000,نعم,,https://www.nintendo.com/en-gb/Games/Nintendo-Switch-games/Disney-Epic-Mickey-Rebrushed-2523455.html,,,"chinese, dutch, english, french, german, italian, japanese, portuguese, spanish",Disney Epic Mickey: Rebrushed,EU
525,Wonder Boy: The Dragon's Trap,1496,神奇小子 龙之陷阱,Nintendo Switch,5000,نعم,https://www.nintendo.com/eu/media/images/11_square_images/games_18/nintendo_switch_download_software/SQ_NSwitchDS_WonderBoyTheDragonsTrap_image500w.jpg,https://www.nintendo.com/en-gb/Games/Nintendo-Switch-download-software/Wonder-Boy-The-Dragon-s-Trap-1215497.html,,,"english, french, german, italian, japanese, portuguese, spanish",Wonder Boy: The Dragon's Trap,EU
526,Tony Hawk's Pro Skater 3 + 4,1496,托尼霍克 职业滑板3+4,Nintendo Switch 2,5000,نعم,https://www.nintendo.com/eu/media/images/migration/games_7/packshot/gameboy_2/square/gb_default_en_image500w.png,https://www.nintendo.com/en-gb/Games/Game-Boy/Tony-Hawk-Pro-Skater-2-266296.html,,,,Tony Hawk Pro Skater 2,EU
527,The King is Hatching,1496,王之凝视,Nintendo Switch 2,5000,نعم,,https://www.nintendo.com/en-gb/Games/Nintendo-Switch-download-software/Lofi-Witch-Hatch-3120087.html,,,"chinese, english, french, german, italian, japanese, korean, portuguese, spanish",Lofi Witch Hatch,EU
528,Schrodinger's Call,1496,薛定谔的电话,Nintendo Switch 2,5000,نعم,,https://www.nintendo.com/en-gb/Games/Nintendo-Switch-download-software/Schrodingers-Cat-And-The-Raiders-Of-The-Lost-Quark-2685468.html,,,"english, french, german, italian, russian, spanish",Schrodingers Cat And The Raiders Of The Lost Quark,EU
529,Hunting Simulator 2,1496,狩猎模拟器2,Nintendo Switch,5000,نعم,https://www.nintendo.com/eu/media/images/05_packshots/games_13/nintendo_switch_8/PS_NSwitch_HuntingSimulator2_PEGI_image500w.jpg,https://www.nintendo.com/en-gb/Games/Nintendo-Switch-games/Hunting-Simulator-2-1845582.html,,,"chinese, english, french, german, italian, japanese, korean, portuguese, russian, spanish",Hunting Simulator 2,EU
530,Yoku's Island Express,1496,尤库的小岛速递,Nintendo Switch 2,5000,نعم,https://www.nintendo.com/eu/media/images/11_square_images/games_18/nintendo_switch_download_software/SQ_NSwitchDS_YokusIslandExpress_image500w.jpg,https://www.nintendo.com/en-gb/Games/Nintendo-Switch-download-software/Yoku-s-Island-Express-1260137.html,,,"chinese, english, french, german, italian, japanese, korean, russian, spanish",Yoku's Island Express,EU
531,Ravenswatch,1496,鸦卫奇旅,Nintendo Switch,5000,نعم,,https://www.nintendo.com/en-gb/Games/Nintendo-Switch-games/Ravenswatch-2724931.html,,,"chinese, english, french, german, italian, japanese, korean, portuguese, russian, spanish",Ravenswatch,EU
532,Dark Light,1496,至暗之光,Nintendo Switch 2,5000,نعم,,https://www.nintendo.com/en-gb/Games/Nintendo-Switch-download-software/A-Light-in-the-Dark-2364253.html,,,"chinese, english, japanese",A Light in the Dark,EU
533,Ao Oni: Blueberry Onsen no Kaii,1496,青鬼 蓝莓温泉的怪异,Nintendo Switch,5000,نعم,,https://www.nintendo.com/en-gb/Games/Nintendo-Switch-download-software/Aooni-The-Horror-of-Blueberry-Onsen-2808814.html,,,"chinese, english, french, german, italian, japanese, korean, spanish",Aooni The Horror of Blueberry Onsen,EU
534,Dawnfolk,1496,晨曦族人,Nintendo Switch 2,5000,نعم,,https://www.nintendo.com/en-gb/Games/Nintendo-Switch-download-software/Dawnfolk-2924033.html,,,"chinese, english, french, german, japanese, portuguese, russian, spanish",Dawnfolk,EU
535,Starship Troopers: Ultimate Bug War,1496,星河战队 终极虫族战争,Nintendo Switch 2,5000,نعم,,https://www.nintendo.com/en-gb/Games/Nintendo-Switch-2-games/Starship-Troopers-Ultimate-Bug-War--3046458.html,,,"english, french, german, italian, portuguese, russian, spanish",Starship Troopers: Ultimate Bug War!,EU
536,Dynasty Warriors 7 Empires,1496,真三国无双7 帝国,Nintendo Switch,8000,نعم,https://www.nintendo.com/eu/media/images/05_packshots/games_13/nintendo_switch_8/PS_NSwitch_DynastyWarriors9Empires_PEGI_image500w.jpg,https://www.nintendo.com/en-gb/Games/Nintendo-Switch-games/Dynasty-Warriors-9-Empires-2102848.html,,,"english, french, german, italian, spanish",Dynasty Warriors 9 Empires,EU
537,FAIRY TAIL DUNGEONS,1496,妖精的尾巴 地下城,Nintendo Switch 2,5000,نعم,,https://www.nintendo.com/en-gb/Games/Nintendo-Switch-download-software/FAIRY-TAIL-DUNGEONS-2990064.html,,,"chinese, english, french, japanese, korean",FAIRY TAIL: DUNGEONS,EU
538,Demon Slayer -Kimetsu no Yaiba- The Hinokami Chronicles,1496,鬼灭之刃 火之神血风谭,Nintendo Switch,8000,نعم,,https://www.nintendo.com/en-gb/Games/Nintendo-Switch-download-software/Demon-Hunter-Chronicles-from-Beyond-2354948.html,,,"english, french, german, italian, japanese, russian",Demon Hunter: Chronicles from Beyond,EU
539,Untitled Goose Game,1496,未命名的鹅,Nintendo Switch,7000,نعم,https://www.nintendo.com/eu/media/images/05_packshots/games_13/nintendo_switch_8/PS_NSwitch_UntitledGooseGame_PEGI_image500w.jpg,https://www.nintendo.com/en-gb/Games/Nintendo-Switch-download-software/Untitled-Goose-Game-1437769.html,,,"chinese, english, french, german, italian, japanese, korean, portuguese, russian, spanish",Untitled Goose Game,EU
540,The Legend of Heroes: Trails to Azure,1711.6,英雄传说 碧之轨迹,Nintendo Switch,9000,نعم,,https://www.nintendo.com/en-gb/Games/Nintendo-Switch-games/The-Legend-of-Heroes-Trails-to-Azure-2345804.html,,,english,The Legend of Heroes: Trails to Azure,EU
541,LIMBO,1496,地狱边境,Nintendo Switch,7000,نعم,https://www.nintendo.com/eu/media/images/11_square_images/games_18/nintendo_switch_download_software/SQ_NSwitchDS_Limbo_image500w.jpg,https://www.nintendo.com/en-gb/Games/Nintendo-Switch-download-software/LIMBO-1395414.html,,,"chinese, english, french, german, italian, japanese, korean, portuguese, russian, spanish",LIMBO,EU
542,The Underground Survival,1496,离地求生,Nintendo Switch 2,5000,نعم,https://www.nintendo.com/eu/media/images/03_teaser_module_1_square/games_3/wiiu_download_software_1/TM_WiiUDS_Underground_image500w.jpg,https://www.nintendo.com/en-gb/Games/Wii-U-download-software/Underground-947613.html,,,english,Underground,EU
543,The Legend of Heroes: Trails into Reverie,1496,英雄传说 创之轨迹,Nintendo Switch,8000,نعم,,https://www.nintendo.com/en-gb/Games/Nintendo-Switch-games/The-Legend-of-Heroes-Trails-into-Reverie-2396005.html,,,english,The Legend of Heroes: Trails into Reverie,EU
544,Firework,1496,烟火,Nintendo Switch 2,5000,نعم,https://www.nintendo.com/eu/media/images/11_square_images/games_18/nintendo_switch_download_software/SQ_NSwitchDS_Firework_image500w.jpg,https://www.nintendo.com/en-gb/Games/Nintendo-Switch-download-software/Firework-1835565.html,,,"english, italian",Firework,EU
545,Out of Sight,1496,熊视眈眈,Nintendo Switch 2,5000,نعم,,https://www.nintendo.com/en-gb/Games/Nintendo-Switch-download-software/Out-of-Sight-2854744.html,,,"chinese, english, french, german, italian, japanese, korean, portuguese, russian, spanish",Out of Sight,EU
546,Contra: Rogue Corps,1496,魂斗罗 流氓军团,Nintendo Switch,8000,نعم,,https://store.nintendo.com.hk/70010000017616,70010000017616,KONAMI,中文,CONTRA: ROGUE CORPS (中英韓文版),HK
547,Barbie Project Friendship,1496,芭比友谊计划,Nintendo Switch,5000,نعم,,https://www.nintendo.com/en-gb/Games/Nintendo-Switch-games/Barbie-Project-Friendship--2628784.html,,,"chinese, dutch, english, french, german, italian, portuguese, spanish",Barbie Project Friendship™,EU
548,Ninja Gaiden: Ragebound,1496,忍者外传 怒之羁绊,Nintendo Switch 2,12000,نعم,,https://www.nintendo.com/en-gb/Games/Nintendo-Switch-download-software/NINJA-GAIDEN-Ragebound-2864535.html,,,"english, french, german, italian, japanese, portuguese, russian, spanish",NINJA GAIDEN: Ragebound,EU
549,Gang Beasts,1496,萌萌小人大乱斗,Nintendo Switch,7000,نعم,https://www.nintendo.com/eu/media/images/11_square_images/games_18/nintendo_switch_download_software/SQ_NSwitchDS_GangBeasts_image500w.jpg,https://www.nintendo.com/en-gb/Games/Nintendo-Switch-download-software/Gang-Beasts-2018249.html,,,"english, french, german, italian, portuguese, spanish",Gang Beasts,EU
550,Super Dark Deception,1496,超级黑暗欺骗,Nintendo Switch,5000,نعم,,https://www.nintendo.com/en-gb/Games/Nintendo-Switch-download-software/Super-Dark-Deception-2641567.html,,,"chinese, dutch, english, french, german, italian, japanese, korean, portuguese, russian, spanish",Super Dark Deception,EU
551,Shin Megami Tensei III Nocturne HD Remaster,1496,真女神转生3,Nintendo Switch,8000,نعم,https://www.nintendo.com/eu/media/images/05_packshots/games_13/nintendo_switch_8/PS_NSwitch_ShinMegamiTenseiIIINocturneHDRemaster_PEGI_image500w.jpg,https://www.nintendo.com/en-gb/Games/Nintendo-Switch-games/Shin-Megami-Tensei-III-Nocturne-HD-Remaster-1943312.html,,,"english, french, german, italian, spanish",Shin Megami Tensei III Nocturne HD Remaster,EU
552,Strange Brigade,1496,异域奇兵,Nintendo Switch,5000,نعم,https://www.nintendo.com/eu/media/images/11_square_images/games_18/nintendo_switch_download_software/SQ_NSwitchDS_StrangeBrigade_image500w.jpg,https://www.nintendo.com/en-gb/Games/Nintendo-Switch-download-software/Strange-Brigade-1987420.html,,,"chinese, english, french, german, italian, japanese, korean, russian, spanish",Strange Brigade,EU
553,King of Ping Pong: Megamix,1496,乒乓之王,Nintendo Switch 2,5000,نعم,,https://www.nintendo.com/en-gb/Games/Nintendo-Switch-download-software/King-of-Ping-Pong-MEGAMIX-2910747.html,,,"chinese, english, japanese",King of Ping Pong: MEGAMIX,EU
554,Teslagrad 2,1496,特斯拉学徒2,Nintendo Switch 2,5000,نعم,,https://www.nintendo.com/en-gb/Games/Nintendo-Switch-download-software/Teslagrad-2-2370601.html,,,"chinese, english, french, german, italian, russian, spanish",Teslagrad 2,EU
555,Card Shark,1496,千爵史诗,Nintendo Switch,5000,نعم,https://www.nintendo.com/eu/media/images/11_square_images/games_18/nintendo_switch_download_software/SQ_NSwitchDS_CardShark_image500w.jpg,https://www.nintendo.com/en-gb/Games/Nintendo-Switch-download-software/Card-Shark-1822143.html,,,"chinese, english, french, german, italian, japanese, korean, portuguese, russian, spanish",Card Shark,EU
556,Rushing Beat X: Brawl Brothers,1496,快打刑事,Nintendo Switch 2,5000,نعم,,https://www.nintendo.com/en-gb/Games/Nintendo-Switch-2-games/Rushing-Beat-X-Return-of-Brawl-Brothers-3042777.html,,,"english, french, german, spanish",Rushing Beat X: Return of Brawl Brothers,EU
557,Dragon is Dead,1496,龙之死,Nintendo Switch 2,5000,نعم,,https://www.nintendo.com/en-gb/Games/Nintendo-Switch-download-software/Dead-Dragons-2742077.html,,,"english, japanese",Dead Dragons,EU
558,Blossom Voyage,1496,心动恋旅 樱花篇,Nintendo Switch 2,5000,نعم,,https://www.nintendo.com/en-gb/Games/Nintendo-Switch-download-software/Blossom-Voyage-3109829.html,,,"chinese, english, japanese, korean",Blossom Voyage,EU
559,Darwin's Paradox!,1496,达尔文悖论,Nintendo Switch 2,5000,نعم,,https://www.nintendo.com/en-gb/Games/Nintendo-Switch-2-games/Darwin-s-Paradox--3027230.html,,,"english, french, german, italian, japanese, portuguese, spanish",Darwin's Paradox!,EU
560,IGS Classic Arcade Collection,1496,IGS经典街机合集,Nintendo Switch,5000,نعم,,https://www.nintendo.com/en-gb/Games/Nintendo-Switch-download-software/IGS-Classic-Arcade-Collection-2372950.html,,,"chinese, english",IGS Classic Arcade Collection,EU
561,Secrets of Blackrock Manor: Escape Room,1496,布莱克罗克庄园的秘密,Nintendo Switch 2,5000,نعم,,https://www.nintendo.com/en-gb/Games/Nintendo-Switch-download-software/Secrets-of-Blackrock-Manor-Escape-Room-2957861.html,,,"chinese, english, french, german, italian, japanese, korean, portuguese, russian, spanish",Secrets of Blackrock Manor - Escape Room,EU
562,Nine Sols,1496,九日,Nintendo Switch,7000,نعم,,https://www.nintendo.com/en-gb/Games/Nintendo-Switch-download-software/Nine-Sols-2695384.html,,,"chinese, english, french, german, italian, japanese, korean, portuguese, russian, spanish",Nine Sols,EU
563,Maneater,1496,食人鲨,Nintendo Switch,5000,نعم,https://www.nintendo.com/eu/media/images/05_packshots/games_13/nintendo_switch_8/PS_NSwitch_Maneater_PEGI_image500w.jpg,https://www.nintendo.com/en-gb/Games/Nintendo-Switch-games/Maneater-1954966.html,,,"chinese, english, french, german, italian, japanese, korean, portuguese, russian, spanish",Maneater,EU
564,Volcano Princess,1711.6,火山的女儿,Nintendo Switch,6000,نعم,,https://www.nintendo.com/en-gb/Games/Nintendo-Switch-download-software/Volcano-Princess-3141597.html,,,"chinese, english, japanese, korean",Volcano Princess,EU
565,Truck Simulator 25,1711.6,卡车模拟器25 欧洲司机,Nintendo Switch 2,7000,نعم,,https://www.nintendo.com/en-gb/Games/Nintendo-Switch-download-software/Truck-Simulator-25-American-Driver-2779387.html,,,english,Truck Simulator 25 - American Driver,EU
566,Sid Meier's Civilization VI,1496,文明6,Nintendo Switch 2,12000,نعم,https://www.nintendo.com/eu/media/images/05_packshots/games_13/nintendo_switch_8/PS_NSwitch_SidMeiersCivilizationVI_image500w.jpg,https://www.nintendo.com/en-gb/Games/Nintendo-Switch-games/Sid-Meier-s-Civilization-VI-1460609.html,,,"chinese, english, french, german, italian, japanese, korean, portuguese, russian, spanish",Sid Meier's Civilization VI,EU
567,Metal Slug Attack Reloaded,1496,合金弹头进攻,Nintendo Switch,8000,نعم,,https://www.nintendo.com/en-gb/Games/Nintendo-Switch-download-software/METAL-SLUG-ATTACK-RELOADED-2589403.html,,,"chinese, english, french, german, italian, japanese, korean, portuguese, russian, spanish",METAL SLUG ATTACK RELOADED,EU
568,Super Meat Boy 3D,1496,超级食肉男孩3D,Nintendo Switch 2,5000,نعم,,https://www.nintendo.com/en-gb/Games/Nintendo-Switch-2-games/Super-Meat-Boy-3D-3047923.html,,,"chinese, dutch, english, french, german, italian, japanese, korean, polish, portuguese, russian, spanish",Super Meat Boy 3D,EU
569,Black Jacket,1496,地狱黑杰克,Nintendo Switch 2,5000,نعم,,https://www.nintendo.com/en-gb/Games/Nintendo-Switch-download-software/Black-Jacket-3093540.html,,,"chinese, english, french, german, japanese, portuguese, russian, spanish",Black Jacket,EU
570,Valiant Hearts: The Collection,2574,勇敢的心,Nintendo Switch,10000,نعم,,https://www.nintendo.com/en-gb/Games/Nintendo-Switch-download-software/Valiant-Hearts-The-Collection-2538160.html,,,"chinese, dutch, english, french, german, italian, japanese, portuguese, russian, spanish",Valiant Hearts: The Collection,EU
571,Solateria,1711.6,火灵之源,Nintendo Switch 2,6000,نعم,,https://www.nintendo.com/en-gb/Games/Nintendo-Switch-download-software/Solateria-3124694.html,,,"chinese, english, french, german, japanese, korean, portuguese, spanish",Solateria,EU
572,Absolum,1496,绝对魔权,Nintendo Switch 2,5000,نعم,,https://www.nintendo.com/en-gb/Games/Nintendo-Switch-download-software/Absolum-2912786.html,,,"chinese, english, french, german, italian, japanese, korean, portuguese, russian, spanish",Absolum,EU
573,Tokyo Scramble,1496,东京大混战,Nintendo Switch 2,5000,نعم,,https://www.nintendo.com/en-gb/Games/Nintendo-Switch-2-games/TOKYO-SCRAMBLE-3016780.html,,,"chinese, english, french, german, italian, japanese, korean, portuguese, russian, spanish",TOKYO SCRAMBLE,EU
574,PARANORMASIGHT: The Mermaid's Curse,1496,灵视异闻 人鱼诅咒,Nintendo Switch 2,5000,نعم,,https://www.nintendo.com/en-gb/Games/Nintendo-Switch-download-software/PARANORMASIGHT-The-Mermaid-s-Curse-3016608.html,,,"chinese, english, japanese",PARANORMASIGHT: The Mermaid's Curse,EU
575,AO Tennis 2,1496,澳洲国际网球2,Nintendo Switch 2,5000,نعم,https://www.nintendo.com/eu/media/images/05_packshots/games_13/nintendo_switch_8/PS_NSwitch_AoTennis2_image500w.jpg,https://www.nintendo.com/en-gb/Games/Nintendo-Switch-games/AO-Tennis-2-1700014.html,,,"chinese, english, french, german, italian, portuguese, russian, spanish",AO Tennis 2,EU
576,OPUS: Prism Peak,1496,OPUS 心相冰山,Nintendo Switch 2,5000,نعم,,https://www.nintendo.com/en-gb/Games/Nintendo-Switch-2-games/OPUS-Prism-Peak-3074982.html,,,"chinese, english, french, german, japanese, korean, spanish",OPUS: Prism Peak,EU
577,Horticular,1496,园艺大师,Nintendo Switch 2,5000,نعم,,https://www.nintendo.com/en-gb/Games/Nintendo-Switch-download-software/Horticular-3049363.html,,,"chinese, english, french, german, japanese, korean",Horticular,EU
578,Snow Bros. 2 Special,1496,雪人兄弟2,Nintendo Switch,5000,نعم,,https://www.nintendo.com/en-gb/Games/Nintendo-Switch-games/SNOW-BROS-2-SPECIAL-2760881.html,,,"chinese, english, french, german, italian, japanese, korean, portuguese, russian, spanish",SNOW BROS. 2 SPECIAL,EU
579,Sin Slayers,1496,罪恶杀手,Nintendo Switch 2,5000,نعم,https://www.nintendo.com/eu/media/images/11_square_images/games_18/nintendo_switch_download_software/SQ_NSwitchDS_SinSlayersEnhancedEdition_image500w.jpg,https://www.nintendo.com/en-gb/Games/Nintendo-Switch-download-software/Sin-Slayers-Enhanced-Edition-1738502.html,,,"chinese, english, french, german, russian",Sin Slayers: Enhanced Edition,EU
580,Monument Valley: The Collection,1496,纪念碑谷 合集,Nintendo Switch,7000,نعم,,https://www.nintendo.com/en-gb/Games/Nintendo-Switch-download-software/Monument-Valley-The-Collection-2932462.html,,,"chinese, dutch, english, french, german, italian, japanese, korean, russian, spanish",Monument Valley: The Collection,EU
581,River City Ransom SP,1496,热血物语SP,Nintendo Switch,8000,نعم,https://www.nintendo.com/eu/media/images/11_square_images/games_18/nintendo_switch_download_software/SQ_NSwitchDS_RiverCityRansom_image500w.jpg,https://www.nintendo.com/en-gb/Games/Nintendo-Switch-download-software/River-City-Ransom-1762229.html,,,"chinese, english, japanese, korean",River City Ransom,EU
582,The Long Dark,1496,漫漫长夜,Nintendo Switch,5000,نعم,https://www.nintendo.com/eu/media/images/11_square_images/games_18/nintendo_switch_download_software/SQ_NSwitchDS_TheLongDark_image500w.jpg,https://www.nintendo.com/en-gb/Games/Nintendo-Switch-download-software/The-Long-Dark-1842746.html,,,"chinese, dutch, english, french, german, italian, japanese, korean, portuguese, russian, spanish",The Long Dark,EU
583,Unrailed 2: Back on Track,2142.8,一起开火车2,Nintendo Switch 2,7000,نعم,,https://www.nintendo.com/en-gb/Games/Nintendo-Switch-download-software/Unrailed-2-Back-on-Track-3037999.html,,,"chinese, english, french, german, japanese, korean, polish, portuguese, russian, spanish",Unrailed 2: Back on Track,EU
584,Kynseed,1927.2,奇因希德,Nintendo Switch 2,7000,نعم,,https://www.nintendo.com/en-gb/Games/Nintendo-Switch-download-software/Kynseed-3127000.html,,,english,Kynseed,EU
585,The Smurfs: Dreams,1496,蓝精灵 梦境,Nintendo Switch,5000,نعم,,https://www.nintendo.com/en-gb/Games/Nintendo-Switch-games/The-Smurfs-Dreams-2645730.html,,,"chinese, dutch, english, french, german, italian, japanese, korean, portuguese, russian, spanish",The Smurfs – Dreams,EU
586,CATO: Buttered Cat,1496,黄油猫,Nintendo Switch,5000,نعم,,https://www.nintendo.com/en-gb/Games/Nintendo-Switch-download-software/CATO-Buttered-Cat-2810284.html,,,"chinese, english, french, german, italian, japanese, korean, portuguese, russian, spanish",CATO: Buttered Cat,EU
587,Maniac,1496,疯子,Nintendo Switch,5000,نعم,,https://www.nintendo.com/en-gb/Games/Nintendo-Switch-download-software/Maniac-2836197.html,,,"chinese, english, french, german, italian, japanese, korean, portuguese, russian, spanish",Maniac,EU
588,A Guidebook of Babel,1496,巴别号漫游指南,Nintendo Switch,5000,نعم,,https://www.nintendo.com/en-gb/Games/Nintendo-Switch-download-software/A-Guidebook-of-Babel-2415471.html,,,"chinese, english, japanese",A Guidebook of Babel,EU
589,Beyond Galaxyland,1496,超越银河大陆,Nintendo Switch,5000,نعم,,https://www.nintendo.com/en-gb/Games/Nintendo-Switch-download-software/Beyond-Galaxyland-2634942.html,,,"chinese, english, french, german, italian, japanese, korean, portuguese, russian, spanish",Beyond Galaxyland,EU
590,Doraemon: Dorayaki Shop Story,1496,哆啦A梦的铜锣烧店物语,Nintendo Switch,8000,نعم,,https://www.nintendo.com/en-gb/Games/Nintendo-Switch-download-software/Doraemon-Dorayaki-Shop-Story-2640943.html,,,"chinese, english, french, german, italian, japanese, korean, portuguese, russian, spanish",Doraemon Dorayaki Shop Story,EU
591,ENDER LILIES: Quietus of the Knights,1496,终焉之莉莉,Nintendo Switch,7000,نعم,https://www.nintendo.com/eu/media/images/11_square_images/games_18/nintendo_switch_download_software/SQ_NSwitchDS_EnderLiliesQuietusOfTheKnights_image500w.jpg,https://www.nintendo.com/en-gb/Games/Nintendo-Switch-download-software/ENDER-LILIES-Quietus-of-the-Knights-1951316.html,,,"chinese, english, french, german, italian, japanese, korean, portuguese, russian, spanish",ENDER LILIES: Quietus of the Knights,EU
592,ATOM RPG,1496,核爆RPG,Nintendo Switch 2,5000,نعم,https://www.nintendo.com/eu/media/images/11_square_images/games_18/nintendo_switch_download_software/SQ_NSwitchDS_AtomRpg_image500w.jpg,https://www.nintendo.com/en-gb/Games/Nintendo-Switch-download-software/ATOM-RPG-1837206.html,,,"chinese, english, french, italian, russian, spanish",ATOM RPG,EU
593,Groove Coaster,1496,节奏过山车,Nintendo Switch 2,5000,نعم,,https://www.nintendo.com/en-gb/Games/Nintendo-Switch-download-software/GROOVE-COASTER-FUTURE-PERFORMERS-2880807.html,,,"english, japanese",GROOVE COASTER FUTURE PERFORMERS,EU
594,Zoeti,1496,星咏之诗,Nintendo Switch,5000,نعم,,https://www.nintendo.com/en-gb/Games/Nintendo-Switch-download-software/Zoeti-2377653.html,,,"chinese, english, french, spanish",Zoeti,EU
595,Castlevania Anniversary Collection,1496,恶魔城 周年纪念合集,Nintendo Switch 2,12000,نعم,https://www.nintendo.com/eu/media/images/11_square_images/games_18/nintendo_switch_download_software/SQ_NSwitchDS_CastlevaniaAnniversaryCollection_image500w.jpg,https://www.nintendo.com/en-gb/Games/Nintendo-Switch-download-software/Castlevania-Anniversary-Collection-1559688.html,,,"english, japanese",Castlevania Anniversary Collection,EU
596,Rooftops & Alleys: The Parkour Game,1496,屋顶与小巷 跑酷游戏,Nintendo Switch 2,5000,نعم,,https://www.nintendo.com/en-gb/Games/Nintendo-Switch-download-software/Rooftops-Alleys-The-Parkour-Game-2836297.html,,,"dutch, english, french, german, italian, portuguese, russian, spanish",Rooftops & Alleys: The Parkour Game,EU
597,Pummel Party,1496,痛击派对,Nintendo Switch,5000,نعم,,https://www.nintendo.com/en-gb/Games/Nintendo-Switch-download-software/Pummel-Party-2569713.html,,,"chinese, english, french, german, italian, japanese, korean, russian, spanish",Pummel Party,EU
598,Suikoden I & II HD Remaster,1496,幻想水浒传1&2 HD重制版,Nintendo Switch 2,12000,نعم,,https://www.nintendo.com/en-gb/Games/Nintendo-Switch-games/Suikoden-I-II-HD-Remaster-Gate-Rune-and-Dunan-Unification-Wars-2640266.html,,,"chinese, english, french, german, italian, japanese, spanish",Suikoden I&II HD Remaster Gate Rune and Dunan Unification Wars,EU
599,AMNESIA Later×Crowd V Edition,2574,失忆症 LATER×CROWD V,Nintendo Switch,10000,نعم,https://www.nintendo.com/eu/media/images/05_packshots/games_13/nintendo_switch_8/PS_NSwitch_AmnesiaLaterXCrowd_image500w.jpg,https://www.nintendo.com/en-gb/Games/Nintendo-Switch-games/Amnesia-Later-x-Crowd-2263488.html,,,english,Amnesia: Later x Crowd,EU
600,Mushoku Tensei: Quest of Memories,1496,无职转生,Nintendo Switch,5000,نعم,,https://www.nintendo.com/en-gb/Games/Nintendo-Switch-download-software/Mushoku-Tensei-jobless-reincarnation-Quest-of-Memories-2562703.html,,,"chinese, english, japanese",Mushoku Tensei jobless reincarnation Quest of Memories,EU
601,A Tender Thread,1496,纤细的线条,Nintendo Switch 2,5000,نعم,https://www.nintendo.com/eu/media/images/11_square_images/games_18/nintendo_switch_download_software/1x1_NSwitchDS_Threaded_image500w.jpg,https://www.nintendo.com/en-gb/Games/Nintendo-Switch-download-software/Threaded-2204201.html,,,"dutch, english",Threaded,EU
602,Kenka Bancho Otome: Love's Going On!!,1927.2,喧哗番长 乙女,Nintendo Switch 2,7000,نعم,,https://www.nintendo.com/en-gb/Games/Nintendo-Switch-games/Otome-Daoshi-Fighting-For-Love-3032851.html,,,english,Otome Daoshi -Fighting For Love-,EU
603,ICEY,1496,艾希,Nintendo Switch,5000,نعم,https://www.nintendo.com/eu/media/images/11_square_images/games_18/nintendo_switch_download_software/SQ_NSwitchDS_Icey_image500w.jpg,https://www.nintendo.com/en-gb/Games/Nintendo-Switch-download-software/ICEY-1384192.html,,,"chinese, english, french, japanese, spanish",ICEY,EU
604,INSIDE,1496,囚禁,Nintendo Switch,7000,نعم,https://www.nintendo.com/eu/media/images/11_square_images/games_18/nintendo_switch_download_software/SQ_NSwitchDS_Inside_image500w.jpg,https://www.nintendo.com/en-gb/Games/Nintendo-Switch-download-software/INSIDE-1395727.html,,,"english, french, german, italian, japanese, portuguese, russian, spanish",INSIDE,EU
605,My Little Pony: A Zephyr Heights Mystery,1496,小马宝莉 西风高地之谜,Nintendo Switch,5000,نعم,,https://www.nintendo.com/en-gb/Games/Nintendo-Switch-games/My-Little-Pony-A-Zephyr-Heights-Mystery-2571376.html,,,"chinese, dutch, english, french, german, italian, japanese, korean, portuguese, spanish",My Little Pony: A Zephyr Heights Mystery,EU
606,Daymare: 1994 Sandcastle,1496,白日梦魇 沙堡,Nintendo Switch,5000,نعم,https://www.nintendo.com/eu/media/images/migration/games_7/packshot/wii_15/landscape_8/PS_Sandy_Beach_image500w.png,https://www.nintendo.com/en-gb/Games/WiiWare/Sandy-Beach-286481.html,,,"english, french, german, italian, spanish",Sandy Beach,EU
607,BRAVELY DEFAULT II,1496,勇气默示录2,Nintendo Switch,8000,نعم,,https://store.nintendo.com.hk/70010000035960,70010000035960,SQUARE ENIX,中文,BRAVELY DEFAULT II,HK
608,Sword and Fairy,1496,仙剑奇侠传,Nintendo Switch,5000,نعم,,https://www.nintendo.com/en-gb/Games/Nintendo-Switch-download-software/Sword-Fairy-Inn-2-2409877.html,,,"chinese, english, japanese",Sword & Fairy Inn 2,EU
609,FAIRY TAIL 2,1496,妖精的尾巴2,Nintendo Switch,5000,نعم,,https://www.nintendo.com/en-gb/Games/Nintendo-Switch-games/FAIRY-TAIL-2-2684870.html,,,"english, french, japanese",FAIRY TAIL 2,EU
610,Solarpunk,1496,太阳朋克,Nintendo Switch 2,5000,نعم,,https://www.nintendo.com/en-gb/Games/Nintendo-Switch-2-games/Solarpunk-3104696.html,,,"chinese, english, french, german, italian, japanese, korean, polish, portuguese, russian, spanish",Solarpunk,EU
611,HUNTER×HUNTER NEN×IMPACT,1496,全职猎人 念力冲击,Nintendo Switch 2,5000,نعم,,https://www.nintendo.com/en-gb/Games/Nintendo-Switch-games/HUNTER-HUNTER-NEN-IMPACT-2782432.html,,,"chinese, english, french, german, italian, japanese, korean, spanish",HUNTER×HUNTER NEN×IMPACT,EU
612,Winning Post 10 2024,1496,赛马大亨10 2024,Nintendo Switch,5000,نعم,,https://www.nintendo.com/en-gb/Games/Nintendo-Switch-download-software/10-Seconds-to-Win--2504280.html,,,"english, portuguese",10 Seconds to Win!,EU
613,Fast & Furious: Arcade Edition,1496,速度与激情 街机版,Nintendo Switch 2,5000,نعم,,https://www.nintendo.com/en-gb/Games/Nintendo-Switch-games/Fast-Furious-Arcade-Edition-2902535.html,,,"chinese, dutch, english, french, german, italian, japanese, korean, spanish",Fast & Furious: Arcade Edition,EU
614,MotoGP 25,1496,世界摩托车锦标赛25,Nintendo Switch,5000,نعم,,https://www.nintendo.com/en-gb/Games/Nintendo-Switch-games/MotoGP-25-2777283.html,,,"chinese, english, french, german, italian, japanese, portuguese, spanish",MotoGP™25,EU
615,CHARADE MANIACS,2574,异世界配信,Nintendo Switch 2,8000,نعم,,https://www.nintendo.com/en-gb/Games/Nintendo-Switch-games/Charade-Maniacs-2365639.html,,,english,Charade Maniacs,EU
616,Don't Knock Twice,1496,别敲两次门,Nintendo Switch,5000,نعم,https://www.nintendo.com/eu/media/images/11_square_images/games_18/nintendo_switch_download_software/SQ_NSwitchDS_DontKnockTwice_image500w.jpg,https://www.nintendo.com/en-gb/Games/Nintendo-Switch-download-software/Don-t-Knock-Twice-1293103.html,,,"chinese, english, french, german, italian, portuguese, russian, spanish",Don't Knock Twice,EU
617,Fling to the Finish,1496,拉拉扯扯,Nintendo Switch 2,5000,نعم,,https://www.nintendo.com/en-gb/Games/Nintendo-Switch-download-software/Fling-to-the-Finish-2875768.html,,,"chinese, english, french, german, italian, japanese, korean, portuguese, russian, spanish",Fling to the Finish,EU
618,GUREI,1496,愚灵,Nintendo Switch 2,5000,نعم,,https://www.nintendo.com/en-gb/Games/Nintendo-Switch-download-software/Gurei-3105791.html,,,"chinese, english, japanese, portuguese, russian, spanish",Gurei,EU
619,TRON: Catalyst,1496,TRON 催化剂,Nintendo Switch 2,5000,نعم,,https://www.nintendo.com/en-gb/Games/Nintendo-Switch-download-software/TRON-Catalyst-2853715.html,,,"chinese, english, french, german, japanese, korean, portuguese, russian, spanish",TRON: Catalyst,EU
620,Samba de Amigo: Party Central,1711.6,欢乐桑巴 派对中心,Nintendo Switch,6000,نعم,,https://www.nintendo.com/en-gb/Games/Nintendo-Switch-games/Samba-de-Amigo-Party-Central-2337690.html,,,"chinese, english, french, german, italian, japanese, korean, spanish",Samba de Amigo: Party Central,EU
621,Rent-A-Girlfriend,1496,租借女友,Nintendo Switch,5000,نعم,,,,,,,
622,Big Helmet Heroes,1496,大头盔英雄,Nintendo Switch,5000,نعم,,https://www.nintendo.com/en-gb/Games/Nintendo-Switch-games/Big-Helmet-Heroes-2736636.html,,,"chinese, english, french, german, italian, japanese, korean, portuguese, russian, spanish",Big Helmet Heroes,EU
623,Sympathy Kiss,4730,共鸣之吻,Nintendo Switch,12000,نعم,,https://www.nintendo.com/en-gb/Games/Nintendo-Switch-games/Sympathy-Kiss-2502246.html,,,english,Sympathy Kiss,EU
624,Super Robot Wars 30,1496,超级机器人大战30,Nintendo Switch,5000,نعم,,https://www.nintendo.com/en-gb/Games/Nintendo-Switch-download-software/SUPER-ROBOT-WARS-Y-2875169.html,,,"chinese, english, japanese, korean",SUPER ROBOT WARS Y,EU
625,Lovers in a Dangerous Spacetime,1496,危险时空的恋人,Nintendo Switch,5000,نعم,https://www.nintendo.com/eu/media/images/11_square_images/games_18/nintendo_switch_download_software/SQ_NSwitchDS_LoversInADangerousSpacetime_image500w.jpg,https://www.nintendo.com/en-gb/Games/Nintendo-Switch-download-software/Lovers-in-a-Dangerous-Spacetime-1287262.html,,,"chinese, english, french, german, italian, japanese, korean, portuguese, russian, spanish",Lovers in a Dangerous Spacetime,EU
626,Buddy Mission BOND,1496,搭档任务 BOND,Nintendo Switch,5000,نعم,https://www.nintendo.com/eu/media/images/11_square_images/games_18/nintendo_3ds_download_software_8/SQ_3DSDS_BondsOfTheSkies_image500w.jpg,https://www.nintendo.com/en-gb/Games/Nintendo-3DS-download-software/Bonds-of-the-Skies-1302272.html,,,english,Bonds of the Skies,EU
627,Achilles: Legends Untold,1496,阿喀琉斯 未述传说,Nintendo Switch,5000,نعم,,https://www.nintendo.com/en-gb/Games/Nintendo-Switch-download-software/Achilles-Legends-Untold-2733105.html,,,"chinese, english, french, german, italian, japanese, portuguese, russian, spanish",Achilles: Legends Untold,EU
628,Castlevania Advance Collection,1496,恶魔城 GBA合集,Nintendo Switch,8000,نعم,https://www.nintendo.com/eu/media/images/11_square_images/games_18/nintendo_switch_download_software/SQ_NSwitchDS_CastlevaniaAdvanceCollection_image500w.jpg,https://www.nintendo.com/en-gb/Games/Nintendo-Switch-download-software/Castlevania-Advance-Collection-2044414.html,,,"english, japanese",Castlevania Advance Collection,EU
629,Blair Witch,1496,女巫布莱尔,Nintendo Switch,5000,نعم,https://www.nintendo.com/eu/media/images/11_square_images/games_18/nintendo_switch_download_software/SQ_NSwitchDS_BlairWitch_image500w.jpg,https://www.nintendo.com/en-gb/Games/Nintendo-Switch-download-software/Blair-Witch-1742950.html,,,"english, french, german, italian, portuguese, russian, spanish",Blair Witch,EU
630,Mobile Suit Gundam SEED Battle Destiny Remastered,1496,机动战士高达SEED,Nintendo Switch,8000,نعم,,https://www.nintendo.com/en-gb/Games/Nintendo-Switch-download-software/MOBILE-SUIT-GUNDAM-SEED-BATTLE-DESTINY-REMASTERED-2804179.html,,,"chinese, english, japanese",MOBILE SUIT GUNDAM SEED BATTLE DESTINY REMASTERED,EU
631,Idle Devils,1496,挂姬恶魔,Nintendo Switch,5000,نعم,,https://www.nintendo.com/en-gb/Games/Nintendo-Switch-download-software/Idle-Devils-2682120.html,,,"chinese, english, japanese",Idle Devils,EU
632,Guilty Gear -Strive-,1496,罪恶装备 奋战,Nintendo Switch,5000,نعم,https://www.nintendo.com/eu/media/images/11_square_images/games_18/nintendo_switch_download_software/SQ_NSwitchDS_GuiltyGear_image500w.jpg,https://www.nintendo.com/en-gb/Games/Nintendo-Switch-download-software/GUILTY-GEAR-1559692.html,,,"english, japanese",GUILTY GEAR,EU
633,Tintin Reporter: Cigars of the Pharaoh,1496,丁丁历险记 法老的雪茄,Nintendo Switch,5000,نعم,,https://www.nintendo.com/en-gb/Games/Nintendo-Switch-games/Tintin-Reporter-Cigars-of-the-Pharaoh-2635405.html,,,"chinese, dutch, french, german, italian, portuguese, russian, spanish",Tintin Reporter - Cigars of the Pharaoh,EU
634,Jay and Silent Bob: Chronic Blunt Punch,1496,杰伊与沉默鲍勃,Nintendo Switch 2,5000,نعم,,https://www.nintendo.com/en-gb/Games/Nintendo-Switch-download-software/Jay-and-Silent-Bob-Chronic-Blunt-Punch-3045560.html,,,"english, french, german, italian, japanese, spanish",Jay and Silent Bob: Chronic Blunt Punch,EU
635,Bulletstorm: Duke of Switch Edition,1496,子弹风暴 公爵版,Nintendo Switch 2,5000,نعم,https://www.nintendo.com/eu/media/images/11_square_images/games_18/nintendo_switch_download_software/SQ_NSwitchDS_BulletstormDukeOfSwitchEdition_image500w.jpg,https://www.nintendo.com/en-gb/Games/Nintendo-Switch-download-software/Bulletstorm-Duke-of-Switch-Edition-1631472.html,,,"english, french, german, italian, japanese, portuguese, russian, spanish",Bulletstorm: Duke of Switch Edition,EU
636,Deadzone Rogue,1496,死域,Nintendo Switch 2,5000,نعم,,https://www.nintendo.com/en-gb/Games/Nintendo-Switch-2-games/Deadzone-Rogue-3040363.html,,,"chinese, english, french, german, italian, japanese, korean, polish, portuguese, russian, spanish",Deadzone: Rogue,EU
637,Famicom Detective Club,1496,侦探俱乐部,Nintendo Switch,5000,نعم,https://www.nintendo.com/eu/media/images/11_square_images/games_18/nintendo_switch_download_software/SQ_NSwitchDS_FamicomDetectiveClub_Combo_image500w.jpg,https://www.nintendo.com/en-gb/Games/Nintendo-Switch-download-software/Famicom-Detective-Club-The-Missing-Heir-Famicom-Detective-Club-The-Girl-Who-Stands-Behind-1923576.html,,,english,Famicom Detective Club: The Missing Heir & Famicom Detective Club: The Girl Who Stands Behind,EU
638,Tokyo Psychodemic,1496,东京都市谜案,Nintendo Switch,5000,نعم,,https://www.nintendo.com/en-gb/Games/Nintendo-Switch-download-software/TOKYO-PSYCHODEMIC-2707314.html,,,"chinese, english, japanese, korean",TOKYO PSYCHODEMIC,EU
639,Biped,1496,只只大冒险,Nintendo Switch,5000,نعم,https://www.nintendo.com/eu/media/images/11_square_images/games_18/nintendo_switch_download_software/SQ_NSwitchDS_Biped_image500w.jpg,https://www.nintendo.com/en-gb/Games/Nintendo-Switch-download-software/Biped-1797865.html,,,"chinese, english, french, german, italian, japanese, korean, portuguese, russian, spanish",Biped,EU
640,"Snipperclips – Cut it out, together!",1496,剪纸人,Nintendo Switch,5000,نعم,https://www.nintendo.com/eu/media/images/11_square_images/games_18/nintendo_switch_download_software/SQ_NSwitchDS_Snipperclips_enGB_image500w.jpg,https://www.nintendo.com/en-gb/Games/Nintendo-Switch-download-software/Snipperclips-Cut-it-out-together--1173331.html,,,"dutch, english, french, german, italian, japanese, spanish","Snipperclips – Cut it out, together!",EU
641,The Hokkaido Serial Murders: The Okhotsk Disappearance,1496,北海道连锁杀人 消失在鄂霍次克,Nintendo Switch,5000,نعم,,https://www.nintendo.com/en-gb/Games/Nintendo-Switch-download-software/The-Hokkaido-Serial-Murder-Case-The-Okhotsk-Disappearance-Memories-in-Ice-Tearful-Figurine--2616423.html,,,"chinese, english, japanese","The Hokkaido Serial Murder Case: The Okhotsk Disappearance ~Memories in Ice, Tearful Figurine~",EU
642,Two Point Campus,1496,双点学校,Nintendo Switch,7000,نعم,https://www.nintendo.com/eu/media/images/05_packshots/games_13/nintendo_switch_8/PS_NSwitch_TwoPointCampus_PEGI_image500w.jpg,https://www.nintendo.com/en-gb/Games/Nintendo-Switch-games/Two-Point-Campus-1987423.html,,,"english, french, german, italian, portuguese, spanish",Two Point Campus,EU
643,Farming Simulator: Signature Edition,1496,模拟农场 签名版,Nintendo Switch 2,7000,نعم,,https://www.nintendo.com/en-gb/Games/Nintendo-Switch-2-games/Farming-Simulator-Signature-Edition-2933918.html,,,"chinese, dutch, english, french, german, italian, japanese, korean, portuguese, russian, spanish",Farming Simulator: Signature Edition,EU
644,Ys IX: Monstrum Nox,1496,伊苏9 怪人夜想曲,Nintendo Switch,5000,نعم,https://www.nintendo.com/eu/media/images/11_square_images/games_18/nintendo_switch_5/SQ_NSwitch_YsIXMonstrumNox_image500w.jpg,https://www.nintendo.com/en-gb/Games/Nintendo-Switch-games/Ys-IX-Monstrum-Nox-1988338.html,,,"english, french",Ys IX: Monstrum Nox,EU
645,Trine: Ultimate Collection,1711.6,三位一体 终极合集,Nintendo Switch 2,7000,نعم,https://www.nintendo.com/eu/media/images/05_packshots/games_13/nintendo_switch_8/PS_NSwitch_TrineUltimateCollection_PEGI_enGB_image500w.jpg,https://www.nintendo.com/en-gb/Games/Nintendo-Switch-games/Trine-Ultimate-Collection-1644794.html,,,"chinese, english, french, german, italian, korean, portuguese, russian, spanish",Trine: Ultimate Collection,EU
646,Teenage Mutant Ninja Turtles: Mutants Unleashed,1496,忍者神龟 变种大乱斗,Nintendo Switch,8000,نعم,,https://www.nintendo.com/en-gb/Games/Nintendo-Switch-games/Teenage-Mutant-Ninja-Turtles-Mutants-Unleashed-2638402.html,,,"chinese, dutch, english, french, german, italian, portuguese, spanish",Teenage Mutant Ninja Turtles: Mutants Unleashed,EU
647,EARTH DEFENSE FORCE: WORLD BROTHERS 2,1496,数位方块 地球防卫军2,Nintendo Switch,5000,نعم,https://www.nintendo.com/eu/media/images/11_square_images/games_18/nintendo_switch_download_software/SQ_NSwitchDS_EarthDefenseForceWorldBrothers_image500w.jpg,https://www.nintendo.com/en-gb/Games/Nintendo-Switch-download-software/EARTH-DEFENSE-FORCE-WORLD-BROTHERS-1972773.html,,,"chinese, english, japanese, korean",EARTH DEFENSE FORCE: WORLD BROTHERS,EU
648,Junkster,1496,垃圾者,Nintendo Switch 2,5000,نعم,,https://www.nintendo.com/en-gb/Games/Nintendo-Switch-2-games/Junkster-3110189.html,,,"chinese, english, french, german, italian, japanese, korean, polish, portuguese, russian, spanish",Junkster,EU
649,The Smurfs: Mission Vileaf,1496,蓝精灵 群落,Nintendo Switch,5000,نعم,https://www.nintendo.com/eu/media/images/05_packshots/games_13/nintendo_switch_8/PS_NSwitch_TheSmurfsMissionVileaf_EN_PEGI_image500w.jpg,https://www.nintendo.com/en-gb/Games/Nintendo-Switch-games/The-Smurfs-Mission-Vileaf-2036627.html,,,"chinese, dutch, english, french, german, italian, japanese, korean, portuguese, russian, spanish",The Smurfs - Mission Vileaf,EU
650,Vertical Kingdom,1496,垂直王国,Nintendo Switch,5000,نعم,,https://www.nintendo.com/en-gb/Games/Nintendo-Switch-download-software/Vertical-Kingdom-2746322.html,,,"chinese, english, french, german, japanese, korean, portuguese, spanish",Vertical Kingdom,EU
651,XCOM 2 Collection,1711.6,幽浮2 典藏版,Nintendo Switch,6000,نعم,https://www.nintendo.com/eu/media/images/11_square_images/games_18/nintendo_switch_5/SQ_NSwitch_XCom2Collection_image500w.jpg,https://www.nintendo.com/en-gb/Games/Nintendo-Switch-games/XCOM-2-Collection-1748331.html,,,"chinese, english, french, german, italian, japanese, korean, russian, spanish",XCOM® 2 Collection,EU
652,Do Not Feed the Monkeys,1496,不要喂食猴子,Nintendo Switch,5000,نعم,https://www.nintendo.com/eu/media/images/11_square_images/games_18/nintendo_switch_download_software/SQ_NSwitchDS_DoNotFeedTheMonkeys_image500w.jpg,https://www.nintendo.com/en-gb/Games/Nintendo-Switch-download-software/Do-Not-Feed-the-Monkeys-1776716.html,,,"chinese, english, german, korean, russian, spanish",Do Not Feed the Monkeys,EU
653,Empire of Sin,1711.6,罪恶帝国,Nintendo Switch,6000,نعم,https://www.nintendo.com/eu/media/images/05_packshots/games_13/nintendo_switch_8/PS_NSwitch_EmpireOfSin_PEGI_image500w.jpg,https://www.nintendo.com/en-gb/Games/Nintendo-Switch-games/Empire-of-Sin-1575694.html,,,"english, french, german, russian, spanish",Empire of Sin,EU
654,Tokyo Valkyrie,1496,东京女武神,Nintendo Switch 2,5000,نعم,https://www.nintendo.com/eu/media/images/11_square_images/games_18/nintendo_switch_download_software/SQ_NSwitchDS_XenonValkyrie_image500w.jpg,https://www.nintendo.com/en-gb/Games/Nintendo-Switch-download-software/Xenon-Valkyrie-1481161.html,,,"english, french, german, italian, spanish",Xenon Valkyrie+,EU
655,Return of the Obra Dinn,1496,奥伯拉丁的回归,Nintendo Switch,5000,نعم,https://www.nintendo.com/eu/media/images/11_square_images/games_18/nintendo_switch_download_software/SQ_NSwitchDS_ReturnOfTheObraDinn_image500w.jpg,https://www.nintendo.com/en-gb/Games/Nintendo-Switch-download-software/Return-of-the-Obra-Dinn-1633060.html,,,"chinese, english, french, german, italian, japanese, korean, portuguese, russian, spanish",Return of the Obra Dinn,EU
656,Sports Camp,1496,Sports Camp,Nintendo Switch 2,5000,نعم,,https://www.nintendo.com/en-gb/Games/Nintendo-Switch-download-software/Sports-Camp-Artbook-2885705.html,,,"chinese, english, french, german, italian, japanese, korean, portuguese, spanish",Sports Camp Artbook,EU
657,Hashihime of the Old Book Town,2574,旧书店街的桥姬,Nintendo Switch,8000,نعم,https://www.nintendo.com/eu/media/images/11_square_images/games_18/nintendo_switch_download_software/SQ_NSwitchDS_HashihimeOfTheOldBookTownAppend_image500w.jpg,https://www.nintendo.com/en-gb/Games/Nintendo-Switch-download-software/Hashihime-of-the-Old-Book-Town-append-2064089.html,,,"chinese, english, japanese",Hashihime of the Old Book Town append,EU
658,River City Saga: Three Kingdoms,1496,热血三国志,Nintendo Switch,8000,نعم,https://www.nintendo.com/eu/media/images/11_square_images/games_18/nintendo_switch_download_software/1x1_NSwitchDS_RiverCitySagaThreeKingdoms_image500w.jpg,https://www.nintendo.com/en-gb/Games/Nintendo-Switch-download-software/River-City-Saga-Three-Kingdoms-2233638.html,,,english,River City Saga: Three Kingdoms,EU
659,Metal Slug Tactics,1496,合金弹头战术,Nintendo Switch,8000,نعم,https://www.nintendo.com/eu/media/images/11_square_images/games_18/nintendo_switch_download_software/SQ_NSwitchDS_MetalSlugTactics_image500w.jpg,https://www.nintendo.com/en-gb/Games/Nintendo-Switch-download-software/Metal-Slug-Tactics-2018254.html,,,"english, french, german, portuguese, spanish",Metal Slug Tactics,EU
660,Rain World,1496,雨世界,Nintendo Switch 2,5000,نعم,https://www.nintendo.com/eu/media/images/11_square_images/games_18/nintendo_switch_download_software/SQ_NSwitchDS_RainWorld_image500w.jpg,https://www.nintendo.com/en-gb/Games/Nintendo-Switch-download-software/Rain-World-1486143.html,,,"english, french, german, italian, japanese, portuguese, spanish",Rain World,EU
661,Wobbly Life,1496,晃晃人生,Nintendo Switch 2,5000,نعم,,https://www.nintendo.com/en-gb/Games/Nintendo-Switch-download-software/Wobbly-Life-2840309.html,,,"chinese, english, french, german, korean, portuguese, russian, spanish",Wobbly Life,EU
662,Pool & Snooker Fever: 2in1 Bundle,1496,台球与斯诺克热潮,Nintendo Switch 2,5000,نعم,,https://www.nintendo.com/en-gb/Games/Nintendo-Switch-download-software/Pool-Snooker-Fever-2-in-1-Bundle-2997120.html,,,"chinese, english, french, german, italian, japanese, korean, portuguese, spanish",Pool & Snooker Fever: 2 in 1 Bundle,EU
663,Chrono Ark: Deluxe Edition,1496,超时空方舟 豪华版,Nintendo Switch 2,5000,نعم,,https://www.nintendo.com/en-gb/Games/Nintendo-Switch-download-software/Chrono-Ark-Deluxe-Edition-2987972.html,,,"chinese, english, japanese, korean",Chrono Ark Deluxe Edition,EU
664,X-Morph: Defense,1496,X变体 防御,Nintendo Switch,5000,نعم,https://www.nintendo.com/eu/media/images/11_square_images/games_18/nintendo_switch_download_software/SQ_NSwitchDS_XMorphDefense_image500w.jpg,https://www.nintendo.com/en-gb/Games/Nintendo-Switch-download-software/X-Morph-Defense-1505835.html,,,"chinese, dutch, english, french, german, italian, japanese, korean, portuguese, russian, spanish",X-Morph: Defense,EU
665,Airport Hero: All Stars,1496,我是航空管制官 全明星,Nintendo Switch,5000,نعم,https://www.nintendo.com/eu/media/images/05_packshots/games_13/nintendo_switch_8/PS_NSwitch_FirefightersAirportHeroes_PEGI_image500w.png,https://www.nintendo.com/en-gb/Games/Nintendo-Switch-games/Firefighters-Airport-Heroes-1797816.html,,,"english, french, german, spanish",Firefighters - Airport Heroes,EU
666,MotoGP 24,1496,摩托GP24,Nintendo Switch,5000,نعم,,https://www.nintendo.com/en-gb/Games/Nintendo-Switch-games/MotoGP-24-2555798.html,,,"chinese, english, french, german, italian, japanese, portuguese, spanish",MotoGP™24,EU
667,Eastern Exorcist,1496,斩妖行,Nintendo Switch,5000,نعم,,https://www.nintendo.com/en-gb/Games/Nintendo-Switch-download-software/Eastern-Exorcist-2400528.html,,,"chinese, english, japanese, russian",Eastern Exorcist,EU
668,Promenade,1496,漫游仙境,Nintendo Switch 2,5000,نعم,,https://www.nintendo.com/en-gb/Games/Nintendo-Switch-games/Promenade-2507376.html,,,"english, french, german, italian, spanish",Promenade,EU
669,Cupid Parasite,2574,共生丘比特,Nintendo Switch 2,8000,نعم,https://www.nintendo.com/eu/media/images/05_packshots/games_13/nintendo_switch_8/PS_NSwitch_CupidParasite_image500w.jpg,https://www.nintendo.com/en-gb/Games/Nintendo-Switch-download-software/Cupid-Parasite-2046453.html,,,english,Cupid Parasite,EU
670,Ultra Age,1496,终极时代,Nintendo Switch,5000,نعم,,https://store.nintendo.com.hk/70010000025089,70010000025089,Intragames,中文,Ultra Age,HK
671,Sakuna: Of Rice and Ruin,1496,天穗之咲稻姬,Nintendo Switch,5000,نعم,,https://store.nintendo.com.hk/70010000029214,70010000029214,Marvelous Entertainment,中文,天穗之咲稻姬,HK
672,Arsene Lupin: Once a Thief,1496,亚森罗宾,Nintendo Switch,5000,نعم,,https://www.nintendo.com/en-gb/Games/Nintendo-Switch-games/Arsene-Lupin-Once-A-Thief-2652835.html,,,"chinese, english, french, german, italian, japanese, russian, spanish",Arsene Lupin - Once A Thief,EU
673,Wargroove 2,1711.6,战律2,Nintendo Switch,6000,نعم,,https://www.nintendo.com/en-gb/Games/Nintendo-Switch-download-software/Wargroove-Wargroove-2-Bundle-2533214.html,,,"chinese, english, french, german, portuguese, russian, spanish",Wargroove + Wargroove 2 Bundle,EU
674,Battle Chasers: Nightwar,1496,战神 夜战,Nintendo Switch,5000,نعم,https://www.nintendo.com/eu/media/images/05_packshots/games_13/nintendo_switch_8/PS_NSwitch_BattleChasersNightwar_PEGI_image500w.jpg,https://www.nintendo.com/en-gb/Games/Nintendo-Switch-games/Battle-Chasers-Nightwar-1216603.html,,,"chinese, english, french, german, italian, japanese, korean, portuguese, russian, spanish",Battle Chasers: Nightwar,EU
675,Biomutant,1496,生化变种,Nintendo Switch,5000,نعم,,https://www.nintendo.com/en-gb/Games/Nintendo-Switch-games/Biomutant-2534504.html,,,"chinese, english, french, german, italian, japanese, korean, portuguese, russian, spanish",Biomutant,EU
676,Just Dance 2022,1496,舞力全开2022,Nintendo Switch,8000,نعم,https://www.nintendo.com/eu/media/images/migration/games_7/packshot/wii_15/portrait_5/justdance_pegi_image500w.png,https://www.nintendo.com/en-gb/Games/Wii/Just-Dance-281573.html,,,,Just Dance,EU
677,Overcooked! All You Can Eat,1496,煮糊了 胡闹厨房,Nintendo Switch,7000,نعم,https://www.nintendo.com/eu/media/images/05_packshots/games_13/nintendo_switch_8/PS_NSwitch_OvercookedAllYouCanEat_PEGI_image500w.jpg,https://www.nintendo.com/en-gb/Games/Nintendo-Switch-games/Overcooked-All-You-Can-Eat-1933818.html,,,"chinese, english, french, german, italian, japanese, korean, russian, spanish",Overcooked! All You Can Eat,EU
678,DreadOut: Remastered Collection,1496,小镇惊魂 重制版,Nintendo Switch,5000,نعم,,https://www.nintendo.com/en-gb/Games/Nintendo-Switch-download-software/DreadOut-Remastered-Collection-2729353.html,,,"chinese, english, french, german, italian, japanese, portuguese, russian, spanish",DreadOut Remastered Collection,EU
679,Polandball: Chronicles,1496,波兰球 编年史,Nintendo Switch,5000,نعم,https://www.nintendo.com/eu/media/images/11_square_images/games_18/nintendo_switch_download_software/SQ_NSwitchDS_PolandballCanIntoSpace_image500w.jpg,https://www.nintendo.com/en-gb/Games/Nintendo-Switch-download-software/Polandball-Can-Into-Space-1789340.html,,,english,Polandball: Can Into Space,EU
680,Samurai Maiden,1496,武士少女,Nintendo Switch,5000,نعم,https://www.nintendo.com/eu/media/images/11_square_images/games_18/nintendo_switch_download_software/1x1_NSwitchDS_SamuraiMaiden_image500w.jpg,https://www.nintendo.com/en-gb/Games/Nintendo-Switch-download-software/SAMURAI-MAIDEN-2291159.html,,,"chinese, english, japanese, korean",SAMURAI MAIDEN,EU
681,PAW Patrol: Dino World,2574,汪汪队立大功 恐龙世界,Nintendo Switch 2,12000,نعم,,https://www.nintendo.com/en-gb/Games/Nintendo-Switch-games/PAW-Patrol-Dino-World-3113973.html,,,"chinese, dutch, english, french, german, italian, japanese, korean, polish, portuguese, spanish",PAW Patrol™: Dino World,EU
682,Champion Jockey Special,2358.4,冠军骑师特别版,Nintendo Switch,8000,نعم,https://www.nintendo.com/eu/media/images/03_teaser_module_1_square/games_3/nintendo_3ds_download_software_4/TM_3DSDS_PocketCardJockey_image500w.jpg,https://www.nintendo.com/en-gb/Games/Nintendo-3DS-download-software/Pocket-Card-Jockey-1101822.html,,,english,Pocket Card Jockey,EU
683,Just Dance 2020,1496,舞力全开2020,Nintendo Switch,8000,نعم,https://www.nintendo.com/eu/media/images/migration/games_7/packshot/wii_15/portrait_5/justdance_pegi_image500w.png,https://www.nintendo.com/en-gb/Games/Wii/Just-Dance-281573.html,,,,Just Dance,EU
684,Session: Skate Sim,1711.6,模拟滑板,Nintendo Switch,6000,نعم,https://www.nintendo.com/eu/media/images/11_square_images/games_18/nintendo_switch_5/1x1_NSwitch_SessionSkateSim_image500w.jpg,https://www.nintendo.com/en-gb/Games/Nintendo-Switch-games/Session-Skate-Sim-2329341.html,,,"chinese, english, french, german, italian, japanese, korean, portuguese, russian, spanish",Session: Skate Sim,EU
685,Double Dragon IV,1496,双截龙4,Nintendo Switch,8000,نعم,https://www.nintendo.com/eu/media/images/03_teaser_module_1_square/games_3/virtual_console_nintendo_3ds_1/TM_3DSVC_DoubleDragon_image500w.png,https://www.nintendo.com/en-gb/Games/NES/Double-Dragon-838908.html,,,english,Double Dragon,EU
686,Warriors of the Nile 2,1496,尼罗河勇士2,Nintendo Switch,5000,نعم,,https://www.nintendo.com/en-gb/Games/Nintendo-Switch-download-software/Warriors-of-the-Nile-2-2443387.html,,,"chinese, english, japanese",Warriors of the Nile 2,EU
687,Astor: Blade of the Monolith,1496,阿斯特 巨碑之刃,Nintendo Switch,5000,نعم,,https://www.nintendo.com/en-gb/Games/Nintendo-Switch-download-software/Astor-Blade-of-the-Monolith-2582893.html,,,"chinese, english, french, german, japanese, korean, portuguese, russian, spanish",Astor: Blade of the Monolith,EU
688,Adrenaline: Rampage,1496,肾上腺素狂暴,Nintendo Switch 2,5000,نعم,,https://www.nintendo.com/en-gb/Games/Nintendo-Switch-download-software/Adrenaline-Rampage-2936729.html,,,"chinese, english, french, german, italian, japanese, korean, portuguese, russian, spanish",Adrenaline Rampage,EU
689,Story of Seasons: Pioneers of Olive Town,1496,牧场物语 橄榄镇与希望的大地,Nintendo Switch,7000,نعم,https://www.nintendo.com/eu/media/images/05_packshots/games_13/nintendo_switch_8/PS_NSwitch_StoryOfSeasonsPioneersOfOliveTown_PEGI_image500w.jpg,https://www.nintendo.com/en-gb/Games/Nintendo-Switch-games/STORY-OF-SEASONS-Pioneers-of-Olive-Town-1864880.html,,,"english, french, german, spanish",STORY OF SEASONS: Pioneers of Olive Town,EU
690,Boomerang Fu,1496,随动回旋镖,Nintendo Switch,5000,نعم,https://www.nintendo.com/eu/media/images/11_square_images/games_18/nintendo_switch_download_software/SQ_NSwitchDS_BoomerangFu_image500w.jpg,https://www.nintendo.com/en-gb/Games/Nintendo-Switch-download-software/Boomerang-Fu-1811849.html,,,"chinese, dutch, english, french, german, italian, japanese, korean, portuguese, russian, spanish",Boomerang Fu,EU
691,Needy Streamer Overload,1496,主播女孩重度依赖,Nintendo Switch,5000,نعم,https://www.nintendo.com/eu/media/images/11_square_images/games_18/nintendo_switch_download_software/1x1_NSwitchDS_NeedyStreamerOverload_image500w.jpg,https://www.nintendo.com/en-gb/Games/Nintendo-Switch-download-software/NEEDY-STREAMER-OVERLOAD-2291350.html,,,"chinese, english, french, german, italian, japanese, korean, russian, spanish",NEEDY STREAMER OVERLOAD,EU
692,Model Debut 3,1711.6,模特儿出道3,Nintendo Switch,6000,نعم,,https://www.nintendo.com/en-gb/Games/Nintendo-Switch-download-software/MODEL-Debut3-nicola-2676393.html,,,"english, french",MODEL Debut3 #nicola,EU
693,Snufkin: Melody of Moominvalley,1496,史力奇奇遇记,Nintendo Switch,5000,نعم,,https://www.nintendo.com/en-gb/Games/Nintendo-Switch-download-software/Snufkin-Melody-of-Moominvalley-2524676.html,,,"chinese, english, french, german, japanese, portuguese, russian, spanish",Snufkin: Melody of Moominvalley,EU
694,FAR: Lone Sails,1496,孤帆远航,Nintendo Switch,5000,نعم,https://www.nintendo.com/eu/media/images/11_square_images/games_18/nintendo_switch_download_software/SQ_NSwitchDS_FarLoneSails_image500w.jpg,https://www.nintendo.com/en-gb/Games/Nintendo-Switch-download-software/FAR-Lone-Sails-1614981.html,,,"chinese, english, french, german, italian, japanese, korean, portuguese, russian, spanish",FAR: Lone Sails,EU
695,Empires Shall Fall,1496,帝国阵线,Nintendo Switch,5000,نعم,,https://www.nintendo.com/en-gb/Games/Nintendo-Switch-download-software/Empires-Shall-Fall-2540865.html,,,"chinese, english, japanese, russian",Empires Shall Fall,EU
696,A Space for the Unbound,1496,无垠之心,Nintendo Switch 2,5000,نعم,https://www.nintendo.com/eu/media/images/11_square_images/games_18/nintendo_switch_download_software/1x1_NSwitchDS_ASpaceForTheUnbound_image500w.jpg,https://www.nintendo.com/en-gb/Games/Nintendo-Switch-download-software/A-Space-for-the-Unbound-2296344.html,,,"chinese, english, japanese, korean, portuguese",A Space for the Unbound,EU
697,Tales of Berseria Remastered,1496,绯夜传奇 重制版,Nintendo Switch 2,12000,نعم,,https://www.nintendo.com/en-gb/Games/Nintendo-Switch-games/Tales-of-Berseria-Remastered-2968351.html,,,"english, french, german, italian, russian, spanish",Tales of Berseria Remastered,EU
698,Front Mission 3: Remake,1496,前线任务3 重制版,Nintendo Switch 2,5000,نعم,,https://www.nintendo.com/en-gb/Games/Nintendo-Switch-download-software/FRONT-MISSION-3-Remake-2850301.html,,,"chinese, english, french, german, italian, japanese, portuguese, spanish",FRONT MISSION 3: Remake,EU
699,Night Slashers: Remake,1496,午夜杀生 重制版,Nintendo Switch,5000,نعم,,https://www.nintendo.com/en-gb/Games/Nintendo-Switch-download-software/Night-Slashers-Remake-2657714.html,,,"chinese, english, french, german, italian, japanese, korean, portuguese, spanish",Night Slashers: Remake,EU
700,Dreamed Away,1496,迷失幻境,Nintendo Switch 2,5000,نعم,,https://www.nintendo.com/en-gb/Games/Nintendo-Switch-download-software/Dreamed-Away-2928992.html,,,"chinese, english, french, german, italian, japanese, korean, portuguese, russian, spanish",Dreamed Away,EU
701,House Fighters: Total Mess,1496,房屋战机 一团糟,Nintendo Switch 2,5000,نعم,,https://www.nintendo.com/en-gb/Games/Nintendo-Switch-download-software/House-Fighters-Total-Mess-2864595.html,,,"chinese, english, french, german, japanese, portuguese, russian, spanish",House Fighters: Total Mess,EU
702,Death Squared,1496,死亡方块,Nintendo Switch,5000,نعم,https://www.nintendo.com/eu/media/images/11_square_images/games_18/nintendo_switch_download_software/SQ_NSwitchDS_DeathSquared_image500w.jpg,https://www.nintendo.com/en-gb/Games/Nintendo-Switch-download-software/Death-Squared-1243344.html,,,"chinese, english, french, german, japanese, korean, portuguese, russian, spanish",Death Squared,EU
703,Sundered: Eldritch Edition,1496,支离破碎,Nintendo Switch,5000,نعم,https://www.nintendo.com/eu/media/images/11_square_images/games_18/nintendo_switch_download_software/SQ_NSwitchDS_SunderedEldritchEdition_image500w.jpg,https://www.nintendo.com/en-gb/Games/Nintendo-Switch-download-software/Sundered-Eldritch-Edition-1481160.html,,,"chinese, english, french, german, italian, japanese, korean, portuguese, russian, spanish",Sundered: Eldritch Edition,EU
704,Korean Rail Driving Tour,1496,韩国铁路自驾游,Nintendo Switch,5000,نعم,,https://www.nintendo.com/en-gb/Games/Nintendo-Switch-download-software/Korean-Rail-Driving-Tour-LRT-Uijeongbu-2550188.html,,,"chinese, english, french, german, italian, japanese, korean, portuguese, russian, spanish",Korean Rail Driving Tour - LRT Uijeongbu,EU
705,Detective Pikachu Returns,1496,名侦探皮卡丘 归来,Nintendo Switch,5000,نعم,,https://www.nintendo.com/en-gb/Games/Nintendo-Switch-games/Detective-Pikachu-Returns-2403487.html,,,"chinese, english, french, german, italian, japanese, korean, spanish",Detective Pikachu Returns,EU
706,Family Trainer,1496,吾家健身趣,Nintendo Switch,5000,نعم,https://www.nintendo.com/eu/media/images/05_packshots/games_13/nintendo_switch_8/PS_NSwitch_FamilyTrainer_PEGI_USK_image500w.jpg,https://www.nintendo.com/en-gb/Games/Nintendo-Switch-games/FAMILY-TRAINER-2032890.html,,,"english, french, german, italian, spanish",FAMILY TRAINER,EU
707,ARK: Survival Evolved,1496,方舟 生存进化,Nintendo Switch,5000,نعم,https://www.nintendo.com/eu/media/images/05_packshots/games_13/nintendo_switch_8/PS_NSwitch_ARKSurvivalEvolved_PEGI_image500w.jpg,https://www.nintendo.com/en-gb/Games/Nintendo-Switch-games/ARK-Survival-Evolved-1480530.html,,,"chinese, english, french, german, italian, japanese, korean, portuguese, russian, spanish",ARK: Survival Evolved,EU
708,Hanna,1496,汉娜,Nintendo Switch 2,5000,نعم,,,,,,,
709,ONE PIECE ODYSSEY – Deluxe Edition,1496,海贼王 时光旅程,Nintendo Switch,8000,نعم,,https://www.nintendo.com/en-gb/Games/Nintendo-Switch-games/ONE-PIECE-ODYSSEY-DELUXE-EDITION-2618635.html,,,"english, french, german, italian, japanese, portuguese, russian, spanish",ONE PIECE ODYSSEY DELUXE EDITION,EU
710,Tokimeki Memorial: forever with you – Emotional,1496,心跳回忆 永远与你,Nintendo Switch,5000,نعم,https://www.nintendo.com/eu/media/images/11_square_images/games_18/nintendo_switch_download_software/SQ_NSwitchDS_HalloweenForever_image500w.jpg,https://www.nintendo.com/en-gb/Games/Nintendo-Switch-download-software/Halloween-Forever-1915562.html,,,"chinese, english, french, german, italian, japanese, korean, portuguese, russian, spanish",Halloween Forever,EU
711,Outlast,1496,逃生,Nintendo Switch,7000,نعم,https://www.nintendo.com/eu/media/images/11_square_images/games_18/nintendo_switch_download_software/SQ_NSwitchDS_Outlast2_image500w.jpg,https://www.nintendo.com/en-gb/Games/Nintendo-Switch-download-software/Outlast-2-1346493.html,,,"chinese, english, french, german, italian, japanese, portuguese, russian, spanish",Outlast 2,EU
712,Taboo Trial,1496,禁忌试炼,Nintendo Switch,5000,نعم,,https://www.nintendo.com/en-gb/Games/Nintendo-Switch-download-software/Taboo-Trial-2581688.html,,,"chinese, english, french, german, italian, japanese, korean, portuguese, spanish",Taboo Trial,EU
713,Touken Ranbu Warriors,1496,刀剑乱舞无双,Nintendo Switch,5000,نعم,https://www.nintendo.com/eu/media/images/11_square_images/games_18/nintendo_switch_download_software/1x1_NSwitchDS_ToukenRanbuWarriors_image500w.jpg,https://www.nintendo.com/en-gb/Games/Nintendo-Switch-download-software/Touken-Ranbu-Warriors-2204543.html,,,english,Touken Ranbu Warriors,EU
714,Hakuoki Shinkai: Tenun no Shou,3652,薄樱鬼 真改 天云之抄,Nintendo Switch 2,9000,نعم,https://www.nintendo.com/eu/media/images/05_packshots/games_13/nintendo_3ds_6/PS_3DS_HakuokiMemoriesOfTheShinsengumi_image500w.png,https://www.nintendo.com/en-gb/Games/Nintendo-3DS-games/Hakuoki-Memories-of-the-Shinsengumi-821552.html,,,english,Hakuoki: Memories of the Shinsengumi,EU
715,ONE PIECE: Unlimited World Red,1496,海贼王 无尽世界 红,Nintendo Switch,8000,نعم,https://www.nintendo.com/eu/media/images/05_packshots/games_13/nintendo_3ds_6/PS_3DS_OnePieceUnlimitedWorldRed_PEGI_image500w.png,https://www.nintendo.com/en-gb/Games/Nintendo-3DS-games/ONE-PIECE-Unlimited-World-Red-899359.html,,,"english, french, german, italian, spanish",ONE PIECE Unlimited World Red,EU
716,Infinity Strash: DRAGON QUEST The Adventure of Dai,1496,勇者斗恶龙 神速斩,Nintendo Switch,8000,نعم,,https://www.nintendo.com/en-gb/Games/Nintendo-Switch-download-software/Infinity-Strash-DRAGON-QUEST-The-Adventure-of-Dai-2434369.html,,,"chinese, english, french, german, japanese, korean, spanish",Infinity Strash: DRAGON QUEST The Adventure of Dai,EU
717,Sky Force Anniversary,1496,傲气雄鹰 周年版,Nintendo Switch,5000,نعم,https://www.nintendo.com/eu/media/images/11_square_images/games_18/wii_u_download_software_3/SQ_WiiUDS_SkyForceAnniversary_image500w.jpg,https://www.nintendo.com/en-gb/Games/Wii-U-download-software/Sky-Force-Anniversary-1206472.html,,,"english, french, german, italian, portuguese, spanish",Sky Force Anniversary,EU
718,My Universe,1496,我的小宇宙,Nintendo Switch,5000,نعم,https://www.nintendo.com/eu/media/images/migration/games_7/packshot/wii_15/portrait_5/DU_Wii_UK_EME_2D_rdax_90x127_image500w.png,https://www.nintendo.com/en-gb/Games/Wii/Disney-Universe-280946.html,,,,Disney Universe,EU
719,Chef Life: A Restaurant Simulator,1496,厨师生活 餐厅模拟,Nintendo Switch,5000,نعم,https://www.nintendo.com/eu/media/images/11_square_images/games_18/nintendo_switch_5/1x1_NSwitch_ChefLifeARestaurantSimulator_image500w.jpg,https://www.nintendo.com/en-gb/Games/Nintendo-Switch-games/Chef-Life-A-Restaurant-Simulator-2327197.html,,,"chinese, dutch, english, french, german, italian, japanese, korean, portuguese, russian, spanish",Chef Life: A Restaurant Simulator,EU
720,Airport Hero Centrair,1496,我是空中交通管制官,Nintendo Switch,5000,نعم,,https://www.nintendo.com/en-gb/Games/Nintendo-Switch-download-software/I-am-an-Air-Traffic-Controller-AIRPORT-HERO-Centrair-EX-3182199.html,,,"english, japanese",I am an Air Traffic Controller AIRPORT HERO Centrair EX,EU
721,Hakuoki Shinkai: Reimeiroku,2574,薄樱鬼 真改 黎明录,Nintendo Switch,8000,نعم,https://www.nintendo.com/eu/media/images/05_packshots/games_13/nintendo_3ds_6/PS_3DS_HakuokiMemoriesOfTheShinsengumi_image500w.png,https://www.nintendo.com/en-gb/Games/Nintendo-3DS-games/Hakuoki-Memories-of-the-Shinsengumi-821552.html,,,english,Hakuoki: Memories of the Shinsengumi,EU
722,SD GUNDAM G GENERATION GENESIS,1711.6,SD高达G世代 创世,Nintendo Switch,9000,نعم,https://www.nintendo.com/eu/media/images/11_square_images/games_18/nintendo_switch_download_software/SQ_NSwitchDS_SdGundamBattleAlliance_image500w.jpg,https://www.nintendo.com/en-gb/Games/Nintendo-Switch-download-software/SD-Gundam-Battle-Alliance-2171240.html,,,"english, french, german, italian, japanese, portuguese, spanish",SD Gundam Battle Alliance,EU
723,SpongeBob SquarePants: Battle for Bikini Bottom – Rehydrated,1496,海绵宝宝 比奇堡之战,Nintendo Switch,8000,نعم,https://www.nintendo.com/eu/media/images/05_packshots/games_13/nintendo_switch_8/PS_NSwitch_SpongebobSquarepantsBattleForBikiniBottomRehydrated_PEGI_image500w.jpg,https://www.nintendo.com/en-gb/Games/Nintendo-Switch-games/SpongeBob-SquarePants-Battle-for-Bikini-Bottom-Rehydrated-1767319.html,,,"chinese, english, french, german, italian, japanese, korean, portuguese, russian, spanish",SpongeBob SquarePants: Battle for Bikini Bottom - Rehydrated,EU
724,Ember Knights,1496,余烬骑士,Nintendo Switch,5000,نعم,https://www.nintendo.com/eu/media/images/11_square_images/games_18/nintendo_3ds_download_software_8/SQ_3DSDS_MachineKnight_image500w.jpg,https://www.nintendo.com/en-gb/Games/Nintendo-3DS-download-software/Machine-Knight-1336749.html,,,english,Machine Knight,EU
725,The Good Days,1496,美好往昔,Nintendo Switch 2,5000,نعم,,https://www.nintendo.com/en-gb/Games/Nintendo-Switch-download-software/The-Good-Old-Days-2923682.html,,,"chinese, english, japanese, korean",The Good Old Days,EU
726,Everybody's Golf: World Tour,1496,全民高尔夫 环球之旅,Nintendo Switch 2,5000,نعم,https://www.nintendo.com/eu/media/images/05_packshots/games_13/nintendo_3ds_6/PS_3DS_MarioGolfWorldTour_enGB_image500w.png,https://www.nintendo.com/en-gb/Games/Nintendo-3DS-games/Mario-Golf-World-Tour-862629.html,,,"dutch, english, french, german, italian, portuguese, russian, spanish",Mario Golf: World Tour,EU
727,Wand of Fortune R,2574,幸运之杖R [3:35],Nintendo Switch,8000,نعم,https://www.nintendo.com/eu/media/images/11_square_images/games_18/nintendo_switch_download_software/SQ_NSwitchDS_WandWars_image500w.jpg,https://www.nintendo.com/en-gb/Games/Nintendo-Switch-download-software/Wand-Wars-1632410.html,,,english,Wand Wars,EU
728,Arisen Force,1496,崛起力量,Nintendo Switch,5000,نعم,,https://www.nintendo.com/en-gb/Games/Nintendo-Switch-download-software/Arisen-Force-Life-Devotee-2849959.html,,,"chinese, english, japanese, korean",Arisen Force: Life Devotee,EU
729,Crypt of the NecroDancer,1496,节奏地牢,Nintendo Switch,7000,نعم,https://www.nintendo.com/eu/media/images/11_square_images/games_18/nintendo_switch_download_software/SQ_NSwitchDS_CryptOfTheNecroDancerNintendoSwitchEdition_image500w.jpg,https://www.nintendo.com/en-gb/Games/Nintendo-Switch-download-software/Crypt-of-the-NecroDancer-Nintendo-Switch-Edition-1337079.html,,,"chinese, english, french, german, italian, japanese, korean, portuguese, russian, spanish",Crypt of the NecroDancer: Nintendo Switch Edition,EU
730,TMNT Arcade: Wrath of the Mutants,1496,忍者神龟街机 变种狂怒,Nintendo Switch,5000,نعم,,https://www.nintendo.com/en-gb/Games/Nintendo-Switch-games/Teenage-Mutant-Ninja-Turtles-Arcade-Wrath-of-the-Mutants-2547596.html,,,"dutch, english, french, german, italian, spanish",Teenage Mutant Ninja Turtles Arcade: Wrath of the Mutants,EU
731,Machinarium,1496,机械迷城,Nintendo Switch,5000,نعم,https://www.nintendo.com/eu/media/images/11_square_images/games_18/nintendo_switch_download_software/SQ_NSwitchDS_Machinarium_image500w.jpg,https://www.nintendo.com/en-gb/Games/Nintendo-Switch-download-software/Machinarium-1464925.html,,,"chinese, english, french, german, italian, japanese, korean, portuguese, russian, spanish",Machinarium,EU
732,Deer & Boy,1927.2,男孩与鹿,Nintendo Switch 2,7000,نعم,,https://www.nintendo.com/en-gb/Games/Nintendo-Switch-download-software/Deer-Boy-3123162.html,,,"chinese, english, french, german, italian, japanese, korean, polish, portuguese, russian, spanish",Deer & Boy,EU
733,Uma Musume: Pretty Derby,1496,赛马娘,Nintendo Switch,5000,نعم,,https://www.nintendo.com/en-gb/Games/Nintendo-Switch-download-software/Umamusume-Pretty-Derby-Party-Dash-2623282.html,,,"chinese, english, french, german, italian, japanese, korean, spanish",Umamusume: Pretty Derby – Party Dash,EU
734,Pokémon Mystery Dungeon: Rescue Team DX,2142.8,宝可梦不可思议的迷宫 救助队DX,Nintendo Switch 2,11000,نعم,https://www.nintendo.com/eu/media/images/05_packshots/games_13/nintendo_switch_8/PS_NSwitch_PokemonMysteryDungeonDX_enGB_image500w.jpg,https://www.nintendo.com/en-gb/Games/Nintendo-Switch-games/Pokemon-Mystery-Dungeon-Rescue-Team-DX-1695693.html,,,"english, french, german, italian, japanese, spanish",Pokémon Mystery Dungeon: Rescue Team DX,EU
735,Secret Neighbor,1496,秘密邻居,Nintendo Switch,5000,نعم,https://www.nintendo.com/eu/media/images/11_square_images/games_18/nintendo_switch_download_software/SQ_NSwitchDS_SecretNeighbor_image500w.jpg,https://www.nintendo.com/en-gb/Games/Nintendo-Switch-download-software/Secret-Neighbor-2029140.html,,,"chinese, english, french, german, italian, japanese, korean, portuguese, russian, spanish",Secret Neighbor,EU
736,Yo-kai Watch Jam: Yo-kai Academy Y,1496,妖怪学园Y,Nintendo Switch,8000,نعم,https://www.nintendo.com/eu/media/images/05_packshots/games_13/nintendo_3ds_6/PS_3DS_YoKaiWatch2_PsychicSpecters_UKV_image500w.jpg,https://www.nintendo.com/en-gb/Games/Nintendo-3DS-games/YO-KAI-WATCH-2-Psychic-Specters-1243556.html,,,"dutch, english, french, german, italian, russian, spanish",YO-KAI WATCH® 2: Psychic Specters,EU
737,Raft Survival Simulator,1496,木筏生存,Nintendo Switch 2,5000,نعم,,https://www.nintendo.com/en-gb/Games/Nintendo-Switch-download-software/Raft-Survival-Simulator-2512160.html,,,english,Raft Survival Simulator,EU
738,Tricky Towers,1496,难死塔,Nintendo Switch,5000,نعم,https://www.nintendo.com/eu/media/images/11_square_images/games_18/nintendo_switch_download_software/SQ_NSwitchDS_TrickyTowers_image500w.jpg,https://www.nintendo.com/en-gb/Games/Nintendo-Switch-download-software/Tricky-Towers-1441264.html,,,"chinese, dutch, english, french, german, italian, japanese, korean, portuguese, russian, spanish",Tricky Towers,EU
739,Pikuniku,1496,野餐大冒险,Nintendo Switch,5000,نعم,https://www.nintendo.com/eu/media/images/11_square_images/games_18/nintendo_switch_download_software/SQ_NSwitchDS_Pikuniku_image500w.jpg,https://www.nintendo.com/en-gb/Games/Nintendo-Switch-download-software/Pikuniku-1497144.html,,,"chinese, english, french, german, italian, japanese, korean, portuguese, russian, spanish",Pikuniku,EU
740,Street Fighter 30th Anniversary Collection,1711.6,街头霸王 30周年纪念合集,Nintendo Switch,9000,نعم,https://www.nintendo.com/eu/media/images/05_packshots/games_13/nintendo_switch_8/PS_NSwitch_StreetFighter30thAnniversaryCollection_PEGI_image500w.jpg,https://www.nintendo.com/en-gb/Games/Nintendo-Switch-games/Street-Fighter-30th-Anniversary-Collection-1370376.html,,,"chinese, english, french, german, italian, japanese, korean, portuguese, spanish",Street Fighter™ 30th Anniversary Collection,EU
741,Hand in Hand,1496,手拉手 携手,Nintendo Switch,5000,نعم,,https://www.nintendo.com/en-gb/Games/Nintendo-Switch-download-software/Hand-in-Hand-2568073.html,,,"chinese, english, french, german, italian, japanese, portuguese, russian, spanish",Hand in Hand,EU
742,Alice in the Country of Spades,1496,黑桃国的爱丽丝,Nintendo Switch 2,5000,نعم,https://www.nintendo.com/eu/media/images/migration/games_7/packshot/nintendods_1/landscape_6/PS_HeartsSpadesEuchre_image500w.png,https://www.nintendo.com/en-gb/Games/Nintendo-DS/Hearts-Spades-Euchre-271056.html,,,"english, french, german, italian, spanish",Hearts Spades Euchre,EU
743,Rune Dice,1496,符文之骰,Nintendo Switch 2,5000,نعم,,https://www.nintendo.com/en-gb/Games/Nintendo-Switch-download-software/Rune-Dice-3093544.html,,,"chinese, english, french, german, japanese, korean, portuguese, russian, spanish",Rune Dice,EU
744,Matchpoint: Tennis Championships,1927.2,决胜点 网球,Nintendo Switch,7000,نعم,https://www.nintendo.com/eu/media/images/11_square_images/games_18/nintendo_switch_5/1x1_NSwitch_MatchpointTennisChampionships_image500w.jpg,https://www.nintendo.com/en-gb/Games/Nintendo-Switch-download-software/Matchpoint-Tennis-Championships-2283307.html,,,"dutch, english, french, german, italian, portuguese, russian, spanish",Matchpoint - Tennis Championships,EU
745,The House of Da Vinci,1496,达芬奇密室,Nintendo Switch,5000,نعم,https://www.nintendo.com/eu/media/images/11_square_images/games_18/nintendo_switch_download_software/SQ_NSwitchDS_TheHouseOfDaVinci_image500w.jpg,https://www.nintendo.com/en-gb/Games/Nintendo-Switch-download-software/The-House-of-Da-Vinci-1609754.html,,,"chinese, english, french, german, italian, japanese, korean, portuguese, russian, spanish",The House of Da Vinci,EU
746,inKONBINI: One Store. Many Stories.,1496,inKONBINI,Nintendo Switch,5000,نعم,,https://www.nintendo.com/en-gb/Games/Nintendo-Switch-download-software/inKONBINI-One-Store-Many-Stories-3091876.html,,,"chinese, english, french, german, japanese, portuguese, russian, spanish",inKONBINI: One Store. Many Stories,EU
747,Riviera: The Promised Land,1496,约定之地,Nintendo Switch,5000,نعم,,https://www.nintendo.com/en-gb/Games/Nintendo-Switch-download-software/Riviera-The-Promised-Land-2699618.html,,,english,Riviera: The Promised Land,EU
748,Witch's Spring R,1496,魔女之泉R,Nintendo Switch,5000,نعم,,https://www.nintendo.com/en-gb/Games/Nintendo-Switch-download-software/Witch-It-2722057.html,,,"chinese, dutch, english, french, german, italian, japanese, korean, portuguese, russian, spanish",Witch It,EU
749,Varlet,1496,暗徒誓约,Nintendo Switch 2,5000,نعم,,https://www.nintendo.com/en-gb/Games/Nintendo-Switch-download-software/VARLET-2886392.html,,,"english, japanese",VARLET,EU
750,ARMS,1496,神臂斗士,Nintendo Switch,5000,نعم,,https://store.nintendo.com.hk/70010000009381,70010000009381,Nintendo,中文,ARMS,HK
751,Let's Build a Zoo,1496,一起来造动物园,Nintendo Switch,5000,نعم,https://www.nintendo.com/eu/media/images/11_square_images/games_18/nintendo_switch_5/1x1_NSwitch_LetsBuildAZoo_image500w.jpg,https://www.nintendo.com/en-gb/Games/Nintendo-Switch-games/Let-s-Build-a-Zoo-2273192.html,,,"chinese, english, french, german, italian, japanese, spanish",Let's Build a Zoo,EU
752,My Next Life as a Villainess: All Routes Lead to Doom!,2142.8,转生成女性向游戏 毁灭END 坏人大小姐,Nintendo Switch,11000,نعم,,https://www.nintendo.com/en-gb/Games/Nintendo-Switch-games/My-Next-Life-As-A-Villainess-All-Routes-Lead-to-Doom-Pirates-of-the-Disturbance-2457652.html,,,english,My Next Life As A Villainess: All Routes Lead to Doom ! -Pirates of the Disturbance-,EU
753,The Disney Afternoon Collection,1496,迪士尼下午合集,Nintendo Switch 2,12000,نعم,,https://www.nintendo.com/en-gb/Games/Nintendo-Switch-2-games/The-Disney-Afternoon-Collection-3017177.html,,,"english, french, german, italian, japanese, portuguese, russian, spanish",The Disney Afternoon Collection,EU
754,Dusk Diver,1496,酉阳町,Nintendo Switch,5000,نعم,https://www.nintendo.com/eu/media/images/05_packshots/games_13/nintendo_switch_8/PS_NSwitch_DuskDiver_PEGI_image500w.jpg,https://www.nintendo.com/en-gb/Games/Nintendo-Switch-games/Dusk-Diver-1650238.html,,,"chinese, english, japanese, korean",Dusk Diver,EU
755,Salt and Sacrifice,1496,盐与献祭,Nintendo Switch,5000,نعم,,https://www.nintendo.com/en-gb/Games/Nintendo-Switch-download-software/Salt-and-Sacrifice-2477283.html,,,"chinese, english, french, german, italian, japanese, korean, portuguese, spanish",Salt and Sacrifice,EU
756,Into the Breach,1496,陷阵之志,Nintendo Switch,5000,نعم,https://www.nintendo.com/eu/media/images/11_square_images/games_18/nintendo_switch_download_software/SQ_NSwitchDS_IntoTheBreach_image500w.jpg,https://www.nintendo.com/en-gb/Games/Nintendo-Switch-download-software/Into-the-Breach-1430880.html,,,"chinese, english, french, german, italian, japanese, korean, portuguese, russian, spanish",Into the Breach,EU
757,The Case of the Golden Idol: Complete Edition,1711.6,金偶像谜案 完整版,Nintendo Switch 2,6000,نعم,,https://www.nintendo.com/en-gb/Games/Nintendo-Switch-download-software/The-Case-of-the-Golden-Idol-Complete-Edition-2677730.html,,,"chinese, english, french, german, italian, japanese, korean, portuguese, spanish",The Case of the Golden Idol: Complete Edition,EU
758,Snoopy: The Great Mystery Club,1496,史努比 神秘大侦探社,Nintendo Switch 2,5000,نعم,,https://www.nintendo.com/en-gb/Games/Nintendo-Switch-2-games/Snoopy-The-Great-Mystery-Club-3009480.html,,,"dutch, english, french, german, italian, spanish",Snoopy & The Great Mystery Club,EU
759,Damon and Baby,1496,恶魔宝贝,Nintendo Switch 2,5000,نعم,,https://www.nintendo.com/en-gb/Games/Nintendo-Switch-download-software/DAMON-and-BABY-3015336.html,,,"chinese, english, french, german, italian, japanese, korean, portuguese, spanish",DAMON and BABY,EU
760,Disgaea 6,1496,魔界战记6,Nintendo Switch,5000,نعم,https://www.nintendo.com/eu/media/images/05_packshots/games_13/nintendo_switch_8/PS_NSwitch_Disgaea6DefianceOfDestiny_PEGI_image500w.jpg,https://www.nintendo.com/en-gb/Games/Nintendo-Switch-games/Disgaea-6-Defiance-of-Destiny-1843110.html,,,"english, french, japanese",Disgaea 6: Defiance of Destiny,EU
761,Guilty Gear XX Accent Core Plus R,1496,罪恶装备X,Nintendo Switch,5000,نعم,,https://store.nintendo.com.hk/70010000012664,70010000012664,Arc System Works,中文,GUILTY GEAR XX ACCENT CORE PLUS R,HK
762,The Midnight Walk,1496,午夜漫步,Nintendo Switch 2,5000,نعم,,https://www.nintendo.com/en-gb/Games/Nintendo-Switch-2-games/The-Midnight-Walk-3041158.html,,,"english, french, german, japanese, korean, portuguese, spanish",The Midnight Walk,EU
763,System Shock,1496,网络奇兵,Nintendo Switch 2,5000,نعم,,https://www.nintendo.com/en-gb/Games/Nintendo-Switch-2-games/System-Shock-2983574.html,,,"chinese, english, french, german, italian, japanese, korean, polish, portuguese, russian, spanish",System Shock,EU
764,Rayman 30th Anniversary Edition,1496,雷曼 30周年纪念版,Nintendo Switch 2,12000,نعم,,https://www.nintendo.com/en-gb/Games/Nintendo-Switch-download-software/Rayman-30th-Anniversary-Edition-3028001.html,,,"chinese, english, french, german, italian, japanese, portuguese, spanish",Rayman: 30th Anniversary Edition,EU
765,Farming Simulator 23: Nintendo Switch Edition,1496,模拟农场23,Nintendo Switch,7000,نعم,,https://www.nintendo.com/en-gb/Games/Nintendo-Switch-games/Farming-Simulator-23-Nintendo-Switch-Edition-2349578.html,,,"chinese, dutch, english, french, german, italian, japanese, korean, portuguese, russian, spanish",Farming Simulator 23: Nintendo Switch™ Edition,EU
766,World of Goo 2,1496,粘粘世界2,Nintendo Switch,5000,نعم,,https://www.nintendo.com/en-gb/Games/Nintendo-Switch-download-software/World-of-Goo-2-2520728.html,,,"chinese, english, french, german, italian, japanese, korean, portuguese, spanish",World of Goo 2,EU
767,Skul: The Hero Slayer,1496,小骨 英雄杀,Nintendo Switch,7000,نعم,https://www.nintendo.com/eu/media/images/11_square_images/games_18/nintendo_switch_download_software/SQ_NSwitchDS_SkulTheHeroSlayer_image500w.jpg,https://www.nintendo.com/en-gb/Games/Nintendo-Switch-download-software/Skul-The-Hero-Slayer-1950789.html,,,"chinese, english, french, german, japanese, korean, portuguese, russian, spanish",Skul: The Hero Slayer,EU
768,Kingdom: Vengeance,1496,王国 复仇,Nintendo Switch 2,5000,نعم,,https://www.nintendo.com/en-gb/Games/Nintendo-Switch-download-software/Kingdom-Rush-Vengeance-2840378.html,,,"chinese, english, french, german, japanese, korean, portuguese, russian, spanish",Kingdom Rush Vengeance,EU
769,Uncharted Waters IV with Power-Up Kit HD Version,1496,大航海时代4 威力加强版HD,Nintendo Switch,5000,نعم,https://www.nintendo.com/eu/media/images/03_teaser_module_1_square/games_3/virtual_console_wii_u_2/TM_WiiUVC_UnchartedWatersNewHorizons_image500w.png,https://www.nintendo.com/en-gb/Games/Super-Nintendo/Uncharted-Waters-New-Horizons-836923.html,,,english,Uncharted Waters: New Horizons,EU
770,Cozy Grove: Camp Spirit,1927.2,和睦森林 营地之灵,Nintendo Switch 2,9000,نعم,,https://www.nintendo.com/en-gb/Games/Nintendo-Switch-download-software/Cozy-Grove-Camp-Spirit-3115293.html,,,"chinese, english, french, german, italian, japanese, korean, polish, portuguese, spanish",Cozy Grove: Camp Spirit,EU
771,Gloomy Eyes,1496,阴暗之眸,Nintendo Switch 2,5000,نعم,,https://www.nintendo.com/en-gb/Games/Nintendo-Switch-download-software/Gloomy-Eyes-2894358.html,,,"chinese, english, french, german, japanese, korean, portuguese, spanish",Gloomy Eyes,EU
772,Norn9: Norn+Nonet,1496,命运九重奏,Nintendo Switch 2,5000,نعم,,https://www.nintendo.com/en-gb/Games/Nintendo-Switch-games/Norn9-Var-Commons-2353596.html,,,english,Norn9: Var Commons,EU
773,Trine 5: A Clockwork Conspiracy,1711.6,三位一体5,Nintendo Switch,7000,نعم,,https://www.nintendo.com/en-gb/Games/Nintendo-Switch-games/Trine-5-A-Clockwork-Conspiracy-2430833.html,,,"chinese, english, french, german, italian, japanese, korean, portuguese, russian, spanish",Trine 5: A Clockwork Conspiracy,EU
774,Model Debut: nicola,1496,模特儿出道 nicola,Nintendo Switch,5000,نعم,,https://www.nintendo.com/en-gb/Games/Nintendo-Switch-download-software/MODEL-Debut3-nicola-2676393.html,,,"english, french",MODEL Debut3 #nicola,EU
775,The Legend of Heroes: Trails of Cold Steel II,1496,英雄传说 闪之轨迹II,Nintendo Switch,8000,نعم,https://www.nintendo.com/eu/media/images/11_square_images/games_18/nintendo_switch_5/SQ_NSwitch_TheLegendOfHeroesTrailsOfColdSteelIII_image500w.jpg,https://www.nintendo.com/en-gb/Games/Nintendo-Switch-games/The-Legend-of-Heroes-Trails-of-Cold-Steel-III-1748153.html,,,"english, french",The Legend of Heroes: Trails of Cold Steel III,EU
776,Brain Training for Nintendo Switch,1496,脑科学专家 川岛隆太博士监修,Nintendo Switch,5000,نعم,https://www.nintendo.com/eu/media/images/05_packshots/games_13/nintendo_switch_8/PS_NSwitch_DrKawashimasBrainTrainingForNintendoSwitch_enGB_image500w.jpg,https://www.nintendo.com/en-gb/Games/Nintendo-Switch-games/Dr-Kawashima-s-Brain-Training-for-Nintendo-Switch-1656777.html,,,"dutch, english, french, german, italian, japanese, spanish",Dr Kawashima’s Brain Training for Nintendo Switch,EU
777,Sword Art Online: Alicization Lycoris,1496,刀剑神域 彼岸游境,Nintendo Switch,8000,نعم,https://www.nintendo.com/eu/media/images/05_packshots/games_13/nintendo_switch_8/PS_NSwitch_SwordArtOnlineAlicizationLycoris_PEGI_image500w.jpg,https://www.nintendo.com/en-gb/Games/Nintendo-Switch-games/SWORD-ART-ONLINE-Alicization-Lycoris-2269868.html,,,"english, french, german, italian, russian, spanish",SWORD ART ONLINE Alicization Lycoris,EU
778,Descenders,1496,降速王者,Nintendo Switch,5000,نعم,https://www.nintendo.com/eu/media/images/05_packshots/games_13/nintendo_switch_8/PS_NSwitch_Descenders_PEGI_image500w.jpg,https://www.nintendo.com/en-gb/Games/Nintendo-Switch-games/Descenders-1868065.html,,,"chinese, dutch, english, french, german, italian, japanese, korean, portuguese, spanish",Descenders,EU
779,Dustland Delivery,1496,废土快递,Nintendo Switch 2,5000,نعم,,https://www.nintendo.com/en-gb/Games/Nintendo-Switch-download-software/Dustland-Delivery-2985648.html,,,"chinese, english, japanese",Dustland Delivery,EU
780,Disgaea 4 Complete+,1496,魔界战记4 Return,Nintendo Switch,5000,نعم,https://www.nintendo.com/eu/media/images/05_packshots/games_13/nintendo_switch_8/PS_NSwitch_Disgaea5Complete_PEGI_image500w.jpg,https://www.nintendo.com/en-gb/Games/Nintendo-Switch-games/Disgaea-4-Complete-1659447.html,,,"english, french",Disgaea 4 Complete+,EU
781,Bratz: Rhythm & Style,1496,布拉茨 节奏与风格,Nintendo Switch 2,5000,نعم,,https://www.nintendo.com/en-gb/Games/Nintendo-Switch-games/Bratz-Rhythm-Style-2845229.html,,,"chinese, dutch, english, french, german, italian, portuguese, spanish",Bratz® Rhythm & Style,EU
782,Legendary Fishing,1496,钓鱼传奇,Nintendo Switch 2,5000,نعم,https://www.nintendo.com/eu/media/images/05_packshots/games_13/nintendo_switch_8/PS_NSwitch_LegendaryFishing_PEGI_image500w.jpg,https://www.nintendo.com/en-gb/Games/Nintendo-Switch-games/Legendary-Fishing-1443159.html,,,"chinese, english, french, german, italian, japanese, korean, spanish",Legendary Fishing,EU
783,Outer Wilds,1496,星际拓荒,Nintendo Switch,7000,نعم,https://www.nintendo.com/eu/media/images/11_square_images/games_18/nintendo_switch_5/SQ_NSwitch_OuterWilds_image500w.jpg,https://www.nintendo.com/en-gb/Games/Nintendo-Switch-games/Outer-Wilds-1923577.html,,,"chinese, english, french, german, italian, japanese, korean, portuguese, russian, spanish",Outer Wilds,EU
784,Yatsumeguri,1496,八巡,Nintendo Switch,5000,نعم,,,,,,,
785,Metro Simulator,1496,地铁模拟器,Nintendo Switch,5000,نعم,https://www.nintendo.com/eu/media/images/11_square_images/games_18/nintendo_switch_download_software/SQ_NSwitchDS_MetroSimulator_image500w.jpg,https://www.nintendo.com/en-gb/Games/Nintendo-Switch-download-software/Metro-Simulator-2005017.html,,,"english, french, german, italian, portuguese, russian, spanish",Metro Simulator,EU
786,Pizza Possum,1496,负鼠闹翻天,Nintendo Switch,5000,نعم,,https://www.nintendo.com/en-gb/Games/Nintendo-Switch-download-software/Pizza-Possum-2449678.html,,,"chinese, english, french, german, italian, japanese, korean, portuguese, russian, spanish",Pizza Possum,EU
787,Shift Happens,1496,移形换位,Nintendo Switch,5000,نعم,https://www.nintendo.com/eu/media/images/11_square_images/games_18/nintendo_switch_download_software/SQ_NSwitchDS_ShiftHappens_image500w.jpg,https://www.nintendo.com/en-gb/Games/Nintendo-Switch-download-software/Shift-Happens-1453119.html,,,"english, french, german, russian, spanish",Shift Happens,EU
788,ONE MILITARY CAMP,1496,一个军事营地,Nintendo Switch 2,5000,نعم,,https://www.nintendo.com/en-gb/Games/Nintendo-Switch-2-games/One-Military-Camp-3100825.html,,,"chinese, english, french, german, japanese, russian, spanish",One Military Camp,EU
789,Taiko no Tatsujin: Rhythmic Adventure Pack,1496,太鼓达人 咚咚二合一大冒险,Nintendo Switch,8000,نعم,https://www.nintendo.com/eu/media/images/05_packshots/games_13/nintendo_switch_8/PS_NSwitch_TaikNoTatsujinRhythmicAdventurePack_PEGI_image500w.jpg,https://www.nintendo.com/en-gb/Games/Nintendo-Switch-games/Taiko-no-Tatsujin-Rhythmic-Adventure-Pack-1888075.html,,,"english, japanese",Taiko no Tatsujin: Rhythmic Adventure Pack,EU
790,Library of Ruina,1496,废墟图书馆,Nintendo Switch,5000,نعم,,https://www.nintendo.com/en-gb/Games/Nintendo-Switch-download-software/Library-Of-Ruina-2554003.html,,,"chinese, english, japanese, korean",Library Of Ruina,EU
791,Macross: Shooting Insight,1496,超时空要塞,Nintendo Switch,5000,نعم,,https://www.nintendo.com/en-gb/Games/Nintendo-Switch-download-software/Macross-Shooting-Insight-2738110.html,,,"english, japanese",Macross -Shooting Insight-,EU
792,PowerWash Simulator,1496,冲就完事模拟器,Nintendo Switch,7000,نعم,,https://www.nintendo.com/en-gb/Games/Nintendo-Switch-download-software/PowerWash-Simulator-2337174.html,,,"chinese, english, french, german, italian, japanese, korean, portuguese, russian, spanish",PowerWash Simulator,EU
793,R-Type Tactics I • II Cosmos,1496,异形战机 战略I·II 宇宙,Nintendo Switch 2,5000,نعم,,https://www.nintendo.com/en-gb/Games/Nintendo-Switch-games/R-Type-Tactics-I-II-Cosmos-3063754.html,,,"english, french, german, italian, spanish",R-Type Tactics I • II Cosmos,EU
794,Doraemon Story of Seasons: Friends of the Great Kingdom,1496,哆啦A梦 牧场物语 自然王国,Nintendo Switch,8000,نعم,https://www.nintendo.com/eu/media/images/11_square_images/games_18/nintendo_switch_5/1x1_NSwitch_DoraemonStoryOfSeasonsFriendsOfTheGreatKingdom_image500w.jpg,https://www.nintendo.com/en-gb/Games/Nintendo-Switch-games/DORAEMON-STORY-OF-SEASONS-Friends-of-the-Great-Kingdom-2233321.html,,,"english, german, spanish",DORAEMON STORY OF SEASONS: Friends of the Great Kingdom,EU
795,Wylde Flowers,1496,怀尔德之花,Nintendo Switch,7000,نعم,https://www.nintendo.com/eu/media/images/11_square_images/games_18/nintendo_switch_download_software/1x1_NSwitchDS_WyldeFlowers_image500w.jpg,https://www.nintendo.com/en-gb/Games/Nintendo-Switch-download-software/Wylde-Flowers-2271735.html,,,"chinese, dutch, english, french, german, italian, japanese, korean, portuguese, russian, spanish",Wylde Flowers,EU
796,DRAGON QUEST MONSTERS: The Dark Prince,1496,勇者斗恶龙 怪物仙境3,Nintendo Switch,8000,نعم,,https://www.nintendo.com/en-gb/Games/Nintendo-Switch-games/DRAGON-QUEST-MONSTERS-The-Dark-Prince-2402769.html,,,"english, french, german, italian, japanese, spanish",DRAGON QUEST MONSTERS: The Dark Prince,EU
797,Supermarket Simulator,1711.6,超市模拟器,Nintendo Switch 2,7000,نعم,,https://www.nintendo.com/en-gb/Games/Nintendo-Switch-download-software/My-Supermarket-Simulator-3138112.html,,,"chinese, dutch, english, french, german, italian, japanese, korean, polish, portuguese, russian, spanish",My Supermarket Simulator,EU
798,Bubsy 4D,1496,大笨猫4D,Nintendo Switch 2,5000,نعم,,https://www.nintendo.com/en-gb/Games/Nintendo-Switch-2-games/Bubsy-4D-3064405.html,,,"chinese, english, french, german, italian, japanese, spanish",Bubsy 4D,EU
799,House Flipper,1496,房产达人,Nintendo Switch,7000,نعم,https://www.nintendo.com/eu/media/images/11_square_images/games_18/nintendo_switch_download_software/SQ_NSwitchDS_HouseFlipper_image500w.jpg,https://www.nintendo.com/en-gb/Games/Nintendo-Switch-download-software/House-Flipper-1793179.html,,,"chinese, english, french, german, italian, japanese, korean, portuguese, russian, spanish",House Flipper,EU
800,Moomintroll,1496,姆明 暖心冬日,Nintendo Switch 2,5000,نعم,,https://www.nintendo.com/en-gb/Games/Nintendo-Switch-download-software/Moomintroll-Winter-s-Warmth-3065970.html,,,"chinese, english, french, german, japanese, korean, polish, portuguese, russian, spanish",Moomintroll: Winter's Warmth,EU
801,Agatha Christie: Hercule Poirot – The First Cases,1496,阿加莎克里斯蒂 大侦探波洛,Nintendo Switch,7000,نعم,https://www.nintendo.com/eu/media/images/05_packshots/games_13/nintendo_switch_8/PS_NSwitch_AgathaChristieHerculePoirotTheFirstCases_PEGI_image500w.jpg,https://www.nintendo.com/en-gb/Games/Nintendo-Switch-games/Agatha-Christie-Hercule-Poirot-The-First-Cases-2028976.html,,,"chinese, english, french, german, italian, japanese, korean, portuguese, russian, spanish",Agatha Christie - Hercule Poirot: The First Cases,EU
802,Bubble Bobble 4 Friends,1496,泡泡龙4,Nintendo Switch,5000,نعم,https://www.nintendo.com/eu/media/images/05_packshots/games_13/nintendo_switch_8/PS_NSwitch_BubbleBobble4Friends_PEGI_image500w.jpg,https://www.nintendo.com/en-gb/Games/Nintendo-Switch-games/Bubble-Bobble-4-Friends-The-Baron-is-Back--1679668.html,,,"chinese, english, french, german, italian, japanese, korean, spanish",Bubble Bobble 4 Friends: The Baron is Back!,EU
803,Train Deluxe 2026,1496,列车豪华2026 仓皇电铁,Nintendo Switch 2,5000,نعم,,https://www.nintendo.com/en-gb/Games/Nintendo-Switch-download-software/Train-Delux-2026-Kurakyu-2945392.html,,,"english, japanese",Train Delux 2026 Kurakyu,EU
804,Taiko Risshiden,1496,太阁立志传,Nintendo Switch,8000,نعم,https://www.nintendo.com/eu/media/images/11_square_images/games_18/nintendo_switch_5/SQ_NSwitch_TaikoNoTutsjinRhytmnFesitval_image500w.jpg,https://www.nintendo.com/en-gb/Games/Nintendo-Switch-games/Taiko-no-Tatsujin-Rhythm-Festival-2170788.html,,,"english, french, german, italian, spanish",Taiko no Tatsujin: Rhythm Festival,EU
805,ANIMAL WELL,1496,动物井,Nintendo Switch,7000,نعم,,https://www.nintendo.com/en-gb/Games/Nintendo-Switch-download-software/ANIMAL-WELL-2371610.html,,,"chinese, english, french, german, italian, japanese, korean, portuguese, russian, spanish",ANIMAL WELL,EU
806,Tetris Effect: Connected,1496,俄罗斯方块 效应 连接,Nintendo Switch,8000,نعم,https://www.nintendo.com/eu/media/images/11_square_images/games_18/nintendo_switch_download_software/SQ_NSwitchDS_TetrisEffectConnected_image500w.jpg,https://www.nintendo.com/en-gb/Games/Nintendo-Switch-download-software/Tetris-Effect-Connected-2018258.html,,,"chinese, english, french, german, italian, japanese, korean, spanish",Tetris® Effect: Connected,EU
807,Fading Afternoon,1496,日薄西山,Nintendo Switch,5000,نعم,,https://www.nintendo.com/en-gb/Games/Nintendo-Switch-download-software/Fading-Afternoon-2548511.html,,,"chinese, english, french, japanese, korean, portuguese, russian, spanish",Fading Afternoon,EU
808,Windswept,1496,狂风,Nintendo Switch 2,5000,نعم,,https://www.nintendo.com/en-gb/Games/Nintendo-Switch-download-software/WINDSWEPT-2944372.html,,,"chinese, english, french, german, italian, japanese, korean, portuguese, russian, spanish",WINDSWEPT,EU
809,Sacre Bleu,1496,天啊,Nintendo Switch,5000,نعم,,https://www.nintendo.com/en-gb/Games/Nintendo-Switch-download-software/Sacre-Bleu-2784288.html,,,"chinese, dutch, english, french, german, italian, japanese, korean, portuguese, russian, spanish",Sacre Bleu,EU
810,Majestic Majolical,2574,魔女与人类,Nintendo Switch,8000,نعم,https://www.nintendo.com/eu/media/images/migration/games_7/packshot/wii_15/portrait_5/PS_Wii_Major_Minors_Majestic_March_PEGI_rdax_90x126_image500w.png,https://www.nintendo.com/en-gb/Games/Wii/Major-Minor-s-Majestic-March-281826.html,,,,Major Minor's Majestic March,EU
811,Debut Project: Cooking Café,1496,新鲜人奋斗,Nintendo Switch,5000,نعم,,https://www.nintendo.com/en-gb/Games/Nintendo-Switch-download-software/Debut-Project-Cooking-Cafe-2669053.html,,,"chinese, english, french, japanese",Debut Project: Cooking Café,EU
812,Fate/hollow ataraxia,1496,Fate/hollow ataraxia,Nintendo Switch 2,5000,نعم,,https://www.nintendo.com/en-gb/Games/Nintendo-Switch-download-software/Fate-hollow-ataraxia-REMASTERED-2887666.html,,,"chinese, english, japanese",Fate/hollow ataraxia REMASTERED,EU
813,Sword of the Vagrant,1711.6,流浪者之剑,Nintendo Switch,6000,نعم,https://www.nintendo.com/eu/media/images/11_square_images/games_18/nintendo_switch_download_software/1x1_NSwitchDS_SwordOfTheVagrant_image500w.jpg,https://www.nintendo.com/en-gb/Games/Nintendo-Switch-download-software/Sword-of-the-Vagrant-2303587.html,,,"chinese, english, french, japanese, spanish",Sword of the Vagrant,EU
814,OMORI,2142.8,欧莫瑞,Nintendo Switch,9000,نعم,https://www.nintendo.com/eu/media/images/11_square_images/games_18/nintendo_switch_5/SQ_NSwitch_Omori_image500w.jpg,https://www.nintendo.com/en-gb/Games/Nintendo-Switch-games/OMORI-2090487.html,,,english,OMORI,EU
815,Sherlock Holmes: The Devil's Daughter,1496,夏洛克福尔摩斯 恶魔之女,Nintendo Switch,7000,نعم,https://www.nintendo.com/eu/media/images/11_square_images/games_18/nintendo_switch_download_software/1x1_NSwitchDS_SherlockHolmesTheDevilsDaughter_image500w.jpg,https://www.nintendo.com/en-gb/Games/Nintendo-Switch-download-software/Sherlock-Holmes-The-Devil-s-Daughter-2191303.html,,,"chinese, english, french, german, italian, japanese, korean, portuguese, russian, spanish",Sherlock Holmes: The Devil’s Daughter,EU
816,Skater XL,1496,滑板XL,Nintendo Switch,5000,نعم,https://www.nintendo.com/eu/media/images/11_square_images/games_18/nintendo_switch_download_software/SQ_NSwitchDS_SkaterXL_image500w.jpg,https://www.nintendo.com/en-gb/Games/Nintendo-Switch-download-software/Skater-XL-1621536.html,,,"english, french, german, italian, portuguese, spanish",Skater XL,EU
817,Tales of the Shire: A The Lord of the Rings Game,1496,指环王 夏尔传说,Nintendo Switch 2,12000,نعم,,https://www.nintendo.com/en-gb/Games/Nintendo-Switch-games/Tales-of-the-Shire-A-The-Lord-of-The-Rings-Game-2870706.html,,,"chinese, english, french, german, italian, japanese, korean, portuguese, spanish",Tales of the Shire: A The Lord of The Rings™ Game,EU
818,LEGO Voyagers,1496,乐高旅行者,Nintendo Switch,8000,نعم,,https://www.nintendo.com/en-gb/Games/Nintendo-Switch-download-software/LEGO-Voyagers-2903579.html,,,"chinese, english, french, german, italian, japanese, korean, portuguese, russian, spanish",LEGO® Voyagers,EU
819,Constance,1496,康斯坦丝,Nintendo Switch 2,5000,نعم,,https://www.nintendo.com/en-gb/Games/Nintendo-Switch-2-games/Constance-3147357.html,,,"chinese, english, french, german, italian, japanese, korean, polish, portuguese, russian, spanish",Constance,EU
820,Cat Quest II,1496,猫咪斗恶龙2,Nintendo Switch,7000,نعم,https://www.nintendo.com/eu/media/images/11_square_images/games_18/nintendo_switch_download_software/SQ_NSwitchDS_CatQuestII_image500w.jpg,https://www.nintendo.com/en-gb/Games/Nintendo-Switch-download-software/Cat-Quest-II-1655789.html,,,"chinese, dutch, english, french, german, italian, japanese, korean, portuguese, russian, spanish",Cat Quest II,EU
821,Youtubers Life 2,1496,模拟主播2,Nintendo Switch,5000,نعم,https://www.nintendo.com/eu/media/images/11_square_images/games_18/nintendo_switch_download_software/SQ_NSwitchDS_YoutubersLife2_image500w.jpg,https://www.nintendo.com/en-gb/Games/Nintendo-Switch-download-software/Youtubers-Life-2-2045512.html,,,"chinese, english, french, german, italian, japanese, korean, portuguese, russian, spanish",Youtubers Life 2,EU
822,The Legend of Heroes: Trails from Zero,2574,英雄传说 零之轨迹,Nintendo Switch,12000,نعم,https://www.nintendo.com/eu/media/images/05_packshots/games_13/nintendo_switch_8/PS_NSwitch_TheLegendOfHeroesTrailsfromZero_PEGI_image500w.jpg,https://www.nintendo.com/en-gb/Games/Nintendo-Switch-games/The-Legend-of-Heroes-Trails-from-Zero-2260879.html,,,english,The Legend of Heroes: Trails from Zero,EU
823,ROMANCE OF THE THREE KINGDOMS XIII,1496,三国志13,Nintendo Switch,5000,نعم,,https://www.nintendo.com/en-gb/Games/Nintendo-Switch-download-software/ROMANCE-OF-THE-THREE-KINGDOMS-8-REMAKE-2664882.html,,,english,ROMANCE OF THE THREE KINGDOMS 8 REMAKE,EU
824,The Chain Staff,1496,链杖,Nintendo Switch 2,5000,نعم,https://www.nintendo.com/eu/media/images/11_square_images/games_18/nintendo_3ds_download_software_8/SQ_3DSDS_KutarConcertStaff_image500w.jpg,https://www.nintendo.com/en-gb/Games/Nintendo-3DS-download-software/Kutar-Concert-Staff-1167392.html,,,english,Kutar Concert Staff,EU
825,Nobody Saves the World,1496,小人物拯救世界,Nintendo Switch,5000,نعم,https://www.nintendo.com/eu/media/images/11_square_images/games_18/nintendo_switch_download_software/1x1_NSwitchDS_NobodySavesTheWorld_image500w.jpg,https://www.nintendo.com/en-gb/Games/Nintendo-Switch-download-software/Nobody-Saves-the-World-2194485.html,,,"chinese, english, french, german, italian, japanese, korean, portuguese, russian, spanish",Nobody Saves the World,EU
826,Shady Part of Me,1496,我的阴暗面,Nintendo Switch,5000,نعم,https://www.nintendo.com/eu/media/images/11_square_images/games_18/nintendo_switch_download_software/SQ_NSwitchDS_ShadyPartOfMe_image500w.jpg,https://www.nintendo.com/en-gb/Games/Nintendo-Switch-download-software/Shady-Part-of-Me-1890997.html,,,"chinese, english, french, german, italian, japanese, korean, portuguese, russian, spanish",Shady Part of Me,EU
827,Downward: Enhanced Edition,1496,下行 增强版,Nintendo Switch,5000,نعم,,https://www.nintendo.com/en-gb/Games/Nintendo-Switch-download-software/Downward-Enhanced-Edition-2578908.html,,,"chinese, english, french, german, italian, japanese, portuguese, spanish",Downward: Enhanced Edition,EU
828,Momotaro Dentetsu,1496,桃太郎电铁,Nintendo Switch,7000,نعم,,https://www.nintendo.com/en-gb/Games/Nintendo-Switch-download-software/Fairytale-Theatre-Momotaro-s-Adventure-2502293.html,,,"english, japanese",Fairytale Theatre-Momotaro's Adventure-,EU
829,The Beast & the Princess,1496,无头魔兽与双生公主,Nintendo Switch 2,5000,نعم,,https://www.nintendo.com/en-gb/Games/Nintendo-Switch-download-software/The-Beast-and-the-Princess-2919715.html,,,"chinese, english, japanese",The Beast and the Princess,EU
830,Agent A: A Puzzle in Disguise,1496,特工A 伪装之谜,Nintendo Switch 2,5000,نعم,https://www.nintendo.com/eu/media/images/11_square_images/games_18/nintendo_switch_download_software/SQ_NSwitchDS_AgentAAPuzzleInDisguise_enGB_image500w.jpg,https://www.nintendo.com/en-gb/Games/Nintendo-Switch-download-software/Agent-A-A-puzzle-in-disguise-1612909.html,,,"chinese, english, french, german, italian, japanese, korean, portuguese, russian, spanish",Agent A: A puzzle in disguise,EU
831,Time Walker: Dark World,1496,时行者 黑暗世界,Nintendo Switch,5000,نعم,,https://www.nintendo.com/en-gb/Games/Nintendo-Switch-download-software/Time-Walker-Dark-World-2684337.html,,,"chinese, english, japanese, korean",Time Walker: Dark World,EU
832,Monument Valley 3,1496,纪念碑谷3,Nintendo Switch 2,7000,نعم,,https://www.nintendo.com/en-gb/Games/Nintendo-Switch-download-software/Monument-Valley-3-2857653.html,,,"chinese, dutch, english, french, german, italian, japanese, portuguese, russian, spanish",Monument Valley 3,EU
833,Digimon World: Next Order,1496,数码宝贝世界 Next Order,Nintendo Switch,8000,نعم,https://www.nintendo.com/eu/media/images/05_packshots/games_13/nintendo_switch_8/PS_NSwitch_DigimonWorldNextOrder_PEGI_image500w.jpg,https://www.nintendo.com/en-gb/Games/Nintendo-Switch-games/Digimon-World-Next-Order-2310671.html,,,"english, french, german, italian, spanish",Digimon World: Next Order,EU
834,DREDGE: Complete Edition,1496,渔帆暗涌,Nintendo Switch,7000,نعم,,https://www.nintendo.com/en-gb/Games/Nintendo-Switch-games/DREDGE-2353645.html,,,"chinese, english, french, german, italian, japanese, korean, portuguese, russian, spanish",DREDGE,EU
835,Freedom Wars Remastered,1496,自由战争 重制版,Nintendo Switch,7000,نعم,,https://www.nintendo.com/en-gb/Games/Nintendo-Switch-download-software/FREEDOM-WARS-Remastered-2731585.html,,,"chinese, english, french, german, italian, japanese, korean, portuguese, spanish",FREEDOM WARS Remastered,EU
836,Clock Tower: Rewind,1496,时钟塔 钟楼,Nintendo Switch,5000,نعم,,https://www.nintendo.com/en-gb/Games/Nintendo-Switch-download-software/Clock-Tower-Rewind-2678932.html,,,"chinese, english, french, german, italian, japanese, korean, spanish",Clock Tower: Rewind,EU
837,Phoenotopia: Awakening,1496,不死鸟传,Nintendo Switch 2,5000,نعم,https://www.nintendo.com/eu/media/images/11_square_images/games_18/nintendo_switch_download_software/SQ_NSwitchDS_PhoenotopiaAwakening_image500w.jpg,https://www.nintendo.com/en-gb/Games/Nintendo-Switch-download-software/Phoenotopia-Awakening-1837150.html,,,"english, french, german, portuguese, russian, spanish",Phoenotopia : Awakening,EU
838,Menace from the Deep: Complete Edition,1496,深海威胁 完整版,Nintendo Switch 2,5000,نعم,,https://www.nintendo.com/en-gb/Games/Nintendo-Switch-download-software/Menace-from-the-Deep-Complete-Edition-3095565.html,,,"chinese, english, french, german, japanese, korean, polish, portuguese, spanish",Menace from the Deep: Complete Edition,EU
839,Legends BMX,1496,传奇小轮车,Nintendo Switch 2,5000,نعم,,https://www.nintendo.com/en-gb/Games/Nintendo-Switch-download-software/Legends-BMX-2875767.html,,,"chinese, english, french, german, japanese, korean, spanish",Legends BMX,EU
840,Dragon Loop,1496,衔尾 龙之环,Nintendo Switch 2,5000,نعم,,https://www.nintendo.com/en-gb/Games/Nintendo-Switch-download-software/Dragon-Loop-3105846.html,,,"chinese, english, french, german, japanese, russian, spanish",Dragon Loop,EU
841,Castlevania Dominus Collection,1496,nds恶魔城,Nintendo Switch,8000,نعم,,https://www.nintendo.com/en-gb/Games/Nintendo-Switch-download-software/Castlevania-Dominus-Collection-2639407.html,,,"english, french, german, italian, japanese, spanish",Castlevania: Dominus Collection,EU
842,Puzzle & Cross: Rune Factory,1496,拼图冒险 符文工房,Nintendo Switch,7000,نعم,,https://www.nintendo.com/en-gb/Games/Nintendo-Switch-download-software/Piczle-Cross-Rune-Factory-2740297.html,,,"chinese, english, french, german, italian, japanese, korean, spanish",Piczle Cross: Rune Factory,EU
843,The Land Beneath Us,1496,亡者之地,Nintendo Switch,5000,نعم,,https://www.nintendo.com/en-gb/Games/Nintendo-Switch-download-software/The-Land-Beneath-Us-2518500.html,,,"chinese, english, french, german, japanese, portuguese, spanish",The Land Beneath Us,EU
844,Star Wars: Battlefront Classic Collection,1496,星球大战 前线经典合集,Nintendo Switch,8000,نعم,,https://www.nintendo.com/en-gb/Games/Nintendo-Switch-download-software/STAR-WARS-Battlefront-Classic-Collection-2524540.html,,,"chinese, english, french, german, italian, russian, spanish",STAR WARS™: Battlefront Classic Collection,EU
845,Crow Country,1496,乌鸦国,Nintendo Switch,5000,نعم,,https://www.nintendo.com/en-gb/Games/Nintendo-Switch-download-software/Crow-Country-2670149.html,,,"chinese, english, french, german, italian, japanese, korean, portuguese, spanish",Crow Country,EU
846,AI: The Somnium Files,1496,AI梦境档案,Nintendo Switch,5000,نعم,https://www.nintendo.com/eu/media/images/11_square_images/games_18/nintendo_switch_5/SQ_NSwitch_AiTheSomniumFiles_image500w.jpg,https://www.nintendo.com/en-gb/Games/Nintendo-Switch-games/AI-THE-SOMNIUM-FILES-1631321.html,,,"chinese, english, japanese",AI: THE SOMNIUM FILES,EU
847,Death's Gambit: Afterlife,1496,亡灵诡计,Nintendo Switch,5000,نعم,https://www.nintendo.com/eu/media/images/11_square_images/games_18/nintendo_switch_download_software/SQ_NSwitchDS_DeathsGambitAfterlife_image500w.jpg,https://www.nintendo.com/en-gb/Games/Nintendo-Switch-download-software/Death-s-Gambit-Afterlife-2042925.html,,,"chinese, english, french, german, italian, japanese, korean, portuguese, russian, spanish",Death's Gambit: Afterlife,EU
848,Slime Rancher: Plortable Edition,1496,史莱姆牧场,Nintendo Switch,5000,نعم,https://www.nintendo.com/eu/media/images/11_square_images/games_18/nintendo_switch_download_software/SQ_NSwitchDS_SlimeRancherPortableEdition_image500w.jpg,https://www.nintendo.com/en-gb/Games/Nintendo-Switch-download-software/Slime-Rancher-Plortable-Edition-2018257.html,,,"chinese, english, french, german, japanese, korean, portuguese, russian, spanish",Slime Rancher: Plortable Edition,EU
849,Drop Duchy: Complete Edition,1496,方块公国 完整版,Nintendo Switch 2,5000,نعم,,https://www.nintendo.com/en-gb/Games/Nintendo-Switch-download-software/Drop-Duchy-Complete-Edition-3067821.html,,,"chinese, english, french, german, italian, japanese, korean, portuguese, russian, spanish",Drop Duchy - Complete Edition,EU
850,Death Trick: Double Blind,1496,双盲把戏,Nintendo Switch,5000,نعم,,https://www.nintendo.com/en-gb/Games/Nintendo-Switch-games/Death-Trick-Double-Blind-2480866.html,,,"chinese, english",Death Trick: Double Blind,EU
851,Magical Craft: Cat and Magic Dress,1496,魔法工艺 猫与魔法裙子,Nintendo Switch 2,5000,نعم,https://www.nintendo.com/eu/media/images/03_teaser_module_1_square/games_3/nintendo_3ds_download_software_4/TM_3DSDS_DressToPlayMagicBubbles_image500w.png,https://www.nintendo.com/en-gb/Games/Nintendo-3DS-download-software/Dress-To-Play-Magic-Bubbles--774458.html,,,"english, french, german, italian, spanish",Dress To Play: Magic Bubbles!,EU
852,Wizarding World Re:Try,1496,魔法师世界 Re:Try,Nintendo Switch 2,5000,نعم,,https://www.nintendo.com/en-gb/Games/Nintendo-Switch-download-software/Wizard-Hunter-The-End-of-the-Magic-World-2498560.html,,,"english, french, spanish",Wizard Hunter: The End of the Magic World,EU
853,Rusty Rabbit,1496,锈兔异途,Nintendo Switch,5000,نعم,,https://www.nintendo.com/en-gb/Games/Nintendo-Switch-download-software/Rusty-Rabbit-2735185.html,,,"chinese, english, french, german, japanese, spanish",Rusty Rabbit,EU
854,Planet of Lana,1496,拉娜之星,Nintendo Switch,7000,نعم,,https://www.nintendo.com/en-gb/Games/Nintendo-Switch-download-software/Planet-of-Lana-2479514.html,,,"chinese, dutch, english, french, german, italian, japanese, korean, portuguese, russian, spanish",Planet of Lana,EU
855,Zombie Rollerz: The Last Ship,1496,开炮吧方舟,Nintendo Switch 2,5000,نعم,,https://www.nintendo.com/en-gb/Games/Nintendo-Switch-download-software/Zombie-Rollerz-The-Last-Ship-3079950.html,,,"chinese, dutch, english, french, german, italian, japanese, korean, polish, portuguese, russian, spanish",Zombie Rollerz: The Last Ship,EU
856,World Conqueror X,1496,世界征服者X,Nintendo Switch,5000,نعم,https://www.nintendo.com/eu/media/images/11_square_images/games_18/nintendo_switch_download_software/SQ_NSwitchDS_WorldConquerorX_image500w.jpg,https://www.nintendo.com/en-gb/Games/Nintendo-Switch-download-software/World-Conqueror-X-1344929.html,,,"chinese, english",World Conqueror X,EU
857,Above Snakes,1496,蛇上而生,Nintendo Switch 2,5000,نعم,https://www.nintendo.com/eu/media/images/11_square_images/games_18/nintendo_switch_download_software/SQ_NSwitchDS_SnakeVsSnake_image500w.jpg,https://www.nintendo.com/en-gb/Games/Nintendo-Switch-download-software/Snake-vs-Snake-1442803.html,,,english,Snake vs Snake,EU
858,B-PROJECT: Ryusei Fantasia,1496,B-PROJECT 流星幻想曲,Nintendo Switch,5000,نعم,,https://www.nintendo.com/en-gb/Games/Nintendo-Switch-games/B-PROJECT-RYUSEI-FANTASIA-2583463.html,,,"english, japanese",B-PROJECT RYUSEI*FANTASIA,EU
859,Disney Illusion Island,1496,迪士尼奇幻岛,Nintendo Switch,8000,نعم,https://www.nintendo.com/eu/media/images/11_square_images/games_18/nintendo_switch_5/1x1_NSwitch_DisneyIllusionIsland_image500w.jpg,https://www.nintendo.com/en-gb/Games/Nintendo-Switch-games/Disney-Illusion-Island-2267041.html,,,"chinese, english, french, german, italian, japanese, korean, spanish",Disney Illusion Island,EU
860,Beholder: Complete Edition,1496,旁观者 完整版,Nintendo Switch,5000,نعم,https://www.nintendo.com/eu/media/images/11_square_images/games_18/nintendo_switch_download_software/SQ_NSwitchDS_BeholderCompleteEdition_image500w.jpg,https://www.nintendo.com/en-gb/Games/Nintendo-Switch-download-software/Beholder-Complete-Edition-1481844.html,,,"chinese, dutch, english, french, german, italian, japanese, korean, portuguese, russian, spanish",Beholder: Complete Edition,EU
861,Okami HD,1496,大神 绝景版,Nintendo Switch,5000,نعم,https://www.nintendo.com/eu/media/images/11_square_images/games_18/nintendo_switch_download_software/SQ_NSwitchDS_OkamiHD_image500w.jpg,https://www.nintendo.com/en-gb/Games/Nintendo-Switch-download-software/-KAMI-HD-1347782.html,,,"english, french, german, japanese",ŌKAMI™ HD,EU
862,Darkest Dungeon II,1496,暗黑地牢2,Nintendo Switch,7000,نعم,,https://www.nintendo.com/en-gb/Games/Nintendo-Switch-games/Darkest-Dungeon-II-2589522.html,,,"chinese, english, french, german, italian, japanese, korean, portuguese, russian, spanish",Darkest Dungeon II,EU
863,Guns of Fury,1496,狂怒之枪,Nintendo Switch,5000,نعم,,https://www.nintendo.com/en-gb/Games/Nintendo-Switch-download-software/Guns-of-Fury-2743080.html,,,"chinese, english, french, german, italian, japanese, korean, portuguese, spanish",Guns of Fury,EU
864,Graveyard Keeper,1496,守墓人,Nintendo Switch,7000,نعم,https://www.nintendo.com/eu/media/images/11_square_images/games_18/nintendo_switch_download_software/SQ_NSwitchDS_GraveyardKeeper_image500w.jpg,https://www.nintendo.com/en-gb/Games/Nintendo-Switch-download-software/Graveyard-Keeper-1579157.html,,,"chinese, english, french, german, italian, japanese, korean, portuguese, russian, spanish",Graveyard Keeper,EU
865,Hand of Fate 2,1496,命运之手2,Nintendo Switch 2,5000,نعم,https://www.nintendo.com/eu/media/images/11_square_images/games_18/nintendo_switch_download_software/SQ_NSwitchDS_HandOfFate2_image500w.jpg,https://www.nintendo.com/en-gb/Games/Nintendo-Switch-download-software/Hand-of-Fate-2-1401112.html,,,"chinese, english, french, german, italian, japanese, korean, portuguese, russian, spanish",Hand of Fate 2,EU
866,Puyo Puyo Tetris,1496,噗哟噗哟俄罗斯方块,Nintendo Switch,8000,نعم,https://www.nintendo.com/eu/media/images/05_packshots/games_13/nintendo_switch_8/PS_NSwitch_PuyoPuyoTetris2_PEGI_image500w.jpg,https://www.nintendo.com/en-gb/Games/Nintendo-Switch-games/Puyo-Puyo-Tetris-2-1832846.html,,,"english, french, german, italian, spanish",Puyo Puyo Tetris 2,EU
867,Leo's Fortune,1496,里奥的财富,Nintendo Switch,5000,نعم,,https://www.nintendo.com/en-gb/Games/Nintendo-Switch-download-software/Leo-s-Fortune-2707031.html,,,"chinese, dutch, english, french, german, italian, japanese, portuguese, russian, spanish",Leo's Fortune,EU
868,Daydream: Forgotten Sorrow,1496,幻梦 心酸回忆,Nintendo Switch,5000,نعم,,https://www.nintendo.com/en-gb/Games/Nintendo-Switch-download-software/Daydream-Forgotten-Sorrow-2606830.html,,,"chinese, dutch, english, french, german, italian, japanese, korean, portuguese, russian, spanish",Daydream: Forgotten Sorrow,EU
869,Crown Wars: The Black Prince,1496,皇冠战争 黑太子,Nintendo Switch,5000,نعم,,https://www.nintendo.com/en-gb/Games/Nintendo-Switch-games/Crown-Wars-The-Black-Prince-2699977.html,,,"chinese, english, french, german, italian, korean, portuguese, russian, spanish",Crown Wars: The Black Prince,EU
870,Winning Post 10,1496,赛马大亨10,Nintendo Switch,5000,نعم,,https://www.nintendo.com/en-gb/Games/Nintendo-Switch-download-software/10-Seconds-to-Win--2504280.html,,,"english, portuguese",10 Seconds to Win!,EU
871,Rune Factory 5,1496,符文工厂5,Nintendo Switch,7000,نعم,https://www.nintendo.com/eu/media/images/11_square_images/games_18/nintendo_switch_5/SQ_NSwitch_RuneFactory5_image500w.jpg,https://www.nintendo.com/en-gb/Games/Nintendo-Switch-games/Rune-Factory-5-1843109.html,,,"english, french, german",Rune Factory 5,EU
872,Star Trek: Voyager – Across the Unknown,1496,星际迷航 航海家 穿越未知,Nintendo Switch 2,5000,نعم,,https://www.nintendo.com/en-gb/Games/Nintendo-Switch-2-games/Star-Trek-Voyager-Across-the-Unknown-3002557.html,,,"chinese, english, french, german, japanese, polish, russian, spanish",Star Trek: Voyager - Across the Unknown,EU
873,Wytchwood,1496,奇巫妙森,Nintendo Switch,5000,نعم,https://www.nintendo.com/eu/media/images/11_square_images/games_18/nintendo_switch_download_software/SQ_NSwitchDS_Wytchwood_image500w.jpg,https://www.nintendo.com/en-gb/Games/Nintendo-Switch-download-software/Wytchwood-2095504.html,,,"chinese, english, japanese",Wytchwood,EU
874,Sally Face,1496,俏皮脸,Nintendo Switch,5000,نعم,https://www.nintendo.com/eu/media/images/11_square_images/games_18/nintendo_switch_download_software/SQ_NSwitchDS_SallyFace_image500w.jpg,https://www.nintendo.com/en-gb/Games/Nintendo-Switch-download-software/Sally-Face-1900834.html,,,"chinese, english, german, italian, portuguese, russian",Sally Face,EU
875,LIVE A LIVE,1496,时空勇士,Nintendo Switch,7000,نعم,https://www.nintendo.com/eu/media/images/11_square_images/games_18/nintendo_switch_5/1x1_NSwitch_LIVEALIVE_image500w.jpg,https://www.nintendo.com/en-gb/Games/Nintendo-Switch-games/LIVE-A-LIVE-2168010.html,,,"chinese, english, french, german, italian, japanese, korean, spanish",LIVE A LIVE,EU
876,Atelier Ryza: Ever Darkness & the Secret Hideout,1496,莱莎的炼金工房 [4:03],Nintendo Switch,8000,نعم,https://www.nintendo.com/eu/media/images/05_packshots/games_13/nintendo_switch_8/PS_NSwitch_AtelierRyzaEverDarknessAndTheSecretHideout_PEGI_image500w.jpg,https://www.nintendo.com/en-gb/Games/Nintendo-Switch-games/Atelier-Ryza-Ever-Darkness-and-the-Secret-Hideout-1651289.html,,,english,Atelier Ryza: Ever Darkness and the Secret Hideout,EU
877,Princess Maker: Faery Tale Come True,1496,美少女梦工厂,Nintendo Switch,5000,نعم,https://www.nintendo.com/eu/media/images/11_square_images/games_18/nintendo_switch_download_software/SQ_NSwitchDS_PrincessMakerFaeryTalesComeTrue_image500w.jpg,https://www.nintendo.com/en-gb/Games/Nintendo-Switch-download-software/PRINCESS-MAKER-FAERY-TALES-COME-TRUE-1700582.html,,,"chinese, english, japanese, korean",PRINCESS MAKER -FAERY TALES COME TRUE-,EU
878,Mark of the Ninja: Remastered,1496,忍者印记,Nintendo Switch,5000,نعم,https://www.nintendo.com/eu/media/images/11_square_images/games_18/nintendo_switch_download_software/SQ_NSwitchDS_MarkOfTheNinjaRemastered_image500w.jpg,https://www.nintendo.com/en-gb/Games/Nintendo-Switch-download-software/Mark-of-the-Ninja-Remastered-1451579.html,,,"english, french, german, italian, japanese, russian, spanish",Mark of the Ninja: Remastered,EU
879,Dice Dungeon,1496,骰子地下城,Nintendo Switch,5000,نعم,https://www.nintendo.com/eu/media/images/migration/games_7/packshot/nintendods_1/landscape_6/PS_VoodooDice_image500w.png,https://www.nintendo.com/en-gb/Games/WiiWare/Voodoo-Dice-287108.html,,,english,Voodoo Dice,EU
880,Cafe Enchanté,1496,幻奏咖啡厅,Nintendo Switch 2,5000,نعم,https://www.nintendo.com/eu/media/images/05_packshots/games_13/nintendo_switch_8/PS_NSwitch_CafeEnchante_PEGI_image500w.jpg,https://www.nintendo.com/en-gb/Games/Nintendo-Switch-games/Cafe-Enchante-1860356.html,,,english,Café Enchanté,EU
881,Planet of Lana II,1496,拉娜星球II,Nintendo Switch 2,7000,نعم,,https://www.nintendo.com/en-gb/Games/Nintendo-Switch-download-software/Planet-of-Lana-II-3029182.html,,,"chinese, dutch, english, french, german, italian, japanese, korean, polish, portuguese, russian, spanish",Planet of Lana II,EU
882,Call of Juarez: Gunslinger,1496,狂野西部 枪手,Nintendo Switch,5000,نعم,https://www.nintendo.com/eu/media/images/11_square_images/games_18/nintendo_switch_download_software/SQ_NSwitchDS_CallOfJuarez_image500w.jpg,https://www.nintendo.com/en-gb/Games/Nintendo-Switch-download-software/Call-Of-Juarez-Gunslinger-1685153.html,,,"english, french, german, italian, japanese, portuguese, russian, spanish",Call Of Juarez: Gunslinger,EU
883,The Wonderful 101: Remastered,1496,神奇101,Nintendo Switch,5000,نعم,https://www.nintendo.com/eu/media/images/05_packshots/games_13/nintendo_switch_8/PS_NSwitch_TheWonderfull101Remastered_PEGI_image500w.png,https://www.nintendo.com/en-gb/Games/Nintendo-Switch-games/The-Wonderful-101-Remastered-1774708.html,,,"english, french, german, italian, japanese, spanish",The Wonderful 101: Remastered,EU
884,Hookah Haze,1496,水烟水雾,Nintendo Switch,5000,نعم,https://www.nintendo.com/eu/media/images/11_square_images/games_18/nintendo_switch_download_software/SQ_NSwitchDS_EnderLiliesQuietusOfTheKnights_image500w.jpg,https://www.nintendo.com/en-gb/Games/Nintendo-Switch-download-software/ENDER-LILIES-Quietus-of-the-Knights-1951316.html,,,"chinese, english, french, german, italian, japanese, korean, portuguese, russian, spanish",ENDER LILIES: Quietus of the Knights,EU
885,Pizza Tower,1496,披萨高塔,Nintendo Switch,7000,نعم,,https://www.nintendo.com/en-gb/Games/Nintendo-Switch-download-software/Pizza-Tower-2639515.html,,,"chinese, english, french, german, italian, japanese, korean, portuguese, russian, spanish",Pizza Tower,EU
886,Eastward,1496,风来之国,Nintendo Switch,5000,نعم,https://www.nintendo.com/eu/media/images/05_packshots/games_13/nintendo_switch_8/PS_NSwitch_Eastward_PEGI_image500w.jpg,https://www.nintendo.com/en-gb/Games/Nintendo-Switch-download-software/Eastward-1621529.html,,,"chinese, english, french, german, japanese, spanish",Eastward,EU
887,Tales of Graces f Remastered,1496,圣恩传说,Nintendo Switch,8000,نعم,,https://www.nintendo.com/en-gb/Games/Nintendo-Switch-games/Tales-of-Graces-f-Remastered-2688662.html,,,"english, french, german, italian, russian, spanish",Tales of Graces™f Remastered,EU
888,Commandos 3: HD Remaster,1496,盟军敢死队3,Nintendo Switch,5000,نعم,https://www.nintendo.com/eu/media/images/11_square_images/games_18/nintendo_switch_download_software/1x1_NSwitchDS_Commandos3HdRemaster_image500w.jpg,https://www.nintendo.com/en-gb/Games/Nintendo-Switch-download-software/Commandos-3-HD-Remaster-2260757.html,,,"english, french, german, italian, portuguese, russian, spanish",Commandos 3 - HD Remaster,EU
889,PixARK,1496,方块方舟,Nintendo Switch,5000,نعم,https://www.nintendo.com/eu/media/images/11_square_images/games_18/nintendo_switch_5/SQ_NSwitch_PixARK_image500w.jpg,https://www.nintendo.com/en-gb/Games/Nintendo-Switch-games/PixARK-1569926.html,,,"english, french, german, portuguese, russian, spanish",PixARK,EU
890,Shipwrecked Raft Survival,1496,漂流木筏,Nintendo Switch 2,5000,نعم,,https://www.nintendo.com/en-gb/Games/Nintendo-Switch-download-software/Shipwrecked-Raft-Survival-2848918.html,,,"chinese, dutch, english, french, german, italian, japanese, korean, portuguese, russian, spanish",Shipwrecked Raft Survival,EU
891,Unspottable,1496,拳击特工,Nintendo Switch,5000,نعم,https://www.nintendo.com/eu/media/images/11_square_images/games_18/nintendo_switch_download_software/SQ_NSwitchDS_Unspottable_image500w.jpg,https://www.nintendo.com/en-gb/Games/Nintendo-Switch-download-software/Unspottable-1899096.html,,,"chinese, english, french, japanese, korean, portuguese, russian, spanish",Unspottable,EU
892,TUNIC,1927.2,小狐狸冒险,Nintendo Switch 2,9000,نعم,https://www.nintendo.com/eu/media/images/11_square_images/games_18/nintendo_switch_download_software/1x1_NSwitchDS_Tunic_image500w.jpg,https://www.nintendo.com/en-gb/Games/Nintendo-Switch-download-software/TUNIC-2265547.html,,,"chinese, dutch, english, french, german, italian, japanese, korean, portuguese, russian, spanish",TUNIC,EU
893,Chinese Parents,1496,中国式家长,Nintendo Switch,5000,نعم,https://www.nintendo.com/eu/media/images/11_square_images/games_18/nintendo_switch_download_software/SQ_NSwitchDS_ChineseParents_image500w.jpg,https://www.nintendo.com/en-gb/Games/Nintendo-Switch-download-software/Chinese-Parents-1822758.html,,,"chinese, english, japanese",Chinese Parents,EU
894,Motesolo: No Girlfriend Since Birth,1496,母胎单身,Nintendo Switch,5000,نعم,,https://www.nintendo.com/en-gb/Games/Nintendo-Switch-download-software/Motesolo-No-Girlfriend-Since-Birth-2485264.html,,,"chinese, english, japanese, korean",Motesolo: No Girlfriend Since Birth,EU
895,30XX,1496,洛克妹30X,Nintendo Switch,5000,نعم,,https://www.nintendo.com/en-gb/Games/Nintendo-Switch-download-software/30XX-2438460.html,,,"chinese, english, french, german, italian, japanese, korean, portuguese, russian, spanish",30XX,EU
896,Bomb Rush Cyberfunk,1496,炸弹袭击赛,Nintendo Switch,5000,نعم,https://www.nintendo.com/eu/media/images/11_square_images/games_18/nintendo_switch_download_software/SQ_NSwitchDS_BombRushCyberfunk_image500w.jpg,https://www.nintendo.com/en-gb/Games/Nintendo-Switch-download-software/Bomb-Rush-Cyberfunk-2018246.html,,,"dutch, english, french, german, italian, japanese, portuguese, russian, spanish",Bomb Rush Cyberfunk,EU
897,The Stretchers,1496,担架拍档,Nintendo Switch,5000,نعم,https://www.nintendo.com/eu/media/images/11_square_images/games_18/nintendo_switch_download_software/SQ_NSwitchDS_TheStretchers_image500w.jpg,https://www.nintendo.com/en-gb/Games/Nintendo-Switch-download-software/The-Stretchers-1655738.html,,,"chinese, dutch, english, french, german, italian, japanese, spanish",The Stretchers,EU
898,Another Crab's Treasure,1496,蟹蟹寻宝,Nintendo Switch 2,5000,نعم,https://www.nintendo.com/eu/media/images/11_square_images/games_18/nintendo_switch_download_software/1x1_NSwitchDS_AnotherCrabsTreasure_image500w.jpg,https://www.nintendo.com/en-gb/Games/Nintendo-Switch-download-software/Another-Crab-s-Treasure-2210163.html,,,"chinese, english, french, german, italian, japanese, korean, portuguese, russian, spanish",Another Crab's Treasure,EU
899,Grit and Valor – 1949,1496,铁锈风云,Nintendo Switch 2,5000,نعم,,https://www.nintendo.com/en-gb/Games/Nintendo-Switch-download-software/Grit-and-Valor-1949-2890956.html,,,"chinese, english, french, german, italian, japanese, korean, portuguese, russian, spanish",Grit and Valor - 1949,EU
900,Hiiro no Kakera,2574,绯色的欠片,Nintendo Switch 2,8000,نعم,,,,,,,
901,The Town of Nie,1711.6,祭品小镇 [4:09],Nintendo Switch,6000,نعم,,https://www.nintendo.com/en-gb/Games/Nintendo-Switch-download-software/The-Town-of-Nie-2643284.html,,,"chinese, english, japanese",The Town of Nie,EU
902,Juicy Realm,1496,恶果之地,Nintendo Switch,5000,نعم,https://www.nintendo.com/eu/media/images/11_square_images/games_18/nintendo_switch_download_software/SQ_NSwitchDS_JuicyRealm_image500w.jpg,https://www.nintendo.com/en-gb/Games/Nintendo-Switch-download-software/Juicy-Realm-1666151.html,,,"chinese, english, japanese, korean",Juicy Realm,EU
903,Pentiment,1496,隐迹渐显,Nintendo Switch,5000,نعم,,https://www.nintendo.com/en-gb/Games/Nintendo-Switch-download-software/Pentiment-2528515.html,,,"chinese, english, french, german, italian, japanese, korean, portuguese, russian, spanish",Pentiment,EU
904,Gun Gun Pixies,1496,枪弹突击小妖精,Nintendo Switch,5000,نعم,https://www.nintendo.com/eu/media/images/05_packshots/games_13/nintendo_switch_8/PS_NSwitch_GunGunPixies_PEGI_image500w.jpg,https://www.nintendo.com/en-gb/Games/Nintendo-Switch-games/Gun-Gun-Pixies-1615699.html,,,english,Gun Gun Pixies,EU
905,Valiant Hearts: Coming Home,1496,勇敢的心 战后还乡,Nintendo Switch,7000,نعم,,https://www.nintendo.com/en-gb/Games/Nintendo-Switch-download-software/Valiant-Hearts-Coming-Home-2538127.html,,,"chinese, dutch, english, french, german, italian, japanese, korean, portuguese, russian, spanish",Valiant Hearts: Coming Home,EU
906,Meiji Tokyo Renka: Full Moon,3220.8,明治东京恋伽 Full Moon,Nintendo Switch,9000,نعم,,https://www.nintendo.com/en-gb/Games/Nintendo-Switch-download-software/Meiji-Tokyo-Renka-Full-Moon-2646382.html,,,"chinese, english, japanese",Meiji Tokyo Renka Full Moon,EU
907,People of Note,1496,乐土之人,Nintendo Switch 2,5000,نعم,,https://www.nintendo.com/en-gb/Games/Nintendo-Switch-2-games/People-of-Note-3049298.html,,,"chinese, english, french, german, italian, japanese, korean, polish, portuguese, russian, spanish",People of Note,EU
908,SaGa Frontier Remastered,1496,SaGa沙加,Nintendo Switch,5000,نعم,https://www.nintendo.com/eu/media/images/11_square_images/games_18/nintendo_switch_download_software/SQ_NSwitchDS_SaGaFrontierRemastered_image500w.jpg,https://www.nintendo.com/en-gb/Games/Nintendo-Switch-download-software/SaGa-Frontier-Remastered-1923887.html,,,"english, japanese",SaGa Frontier Remastered,EU
909,My Time at Portia,1496,波西亚时光,Nintendo Switch,7000,نعم,https://www.nintendo.com/eu/media/images/05_packshots/games_13/nintendo_switch_8/PS_NSwitch_MyTimeAtPortia_PEGI_image500w.jpg,https://www.nintendo.com/en-gb/Games/Nintendo-Switch-games/My-Time-at-Portia-1532839.html,,,"chinese, english, french, german, italian, japanese, spanish",My Time at Portia,EU
910,Nightshade,2574,百花百狼,Nintendo Switch,8000,نعم,,https://www.nintendo.com/en-gb/Games/Nintendo-Switch-download-software/Nightshade-Ninja-Warrior-2370865.html,,,english,Nightshade Ninja Warrior,EU
911,Kamaitachi no Yoru 3,1496,恐怖惊魂夜,Nintendo Switch,5000,نعم,,https://www.nintendo.com/en-gb/Games/Nintendo-Switch-download-software/3-on-3-Soccer-2866279.html,,,english,3 on 3 Soccer,EU
912,Sword Art Online: Hollow Realization – Deluxe Edition,1496,刀剑神域 虚空幻界,Nintendo Switch,8000,نعم,https://www.nintendo.com/eu/media/images/05_packshots/games_13/nintendo_switch_8/PS_NSwitch_SwordArtOnlineHollowRealizationDeluxeEdition_PEGI_USK_image500w.jpg,https://www.nintendo.com/en-gb/Games/Nintendo-Switch-games/SWORD-ART-ONLINE-Hollow-Realization-Deluxe-Edition-1565442.html,,,"english, french, german, italian, spanish",SWORD ART ONLINE: Hollow Realization Deluxe Edition,EU
913,Pac-Man Mega Tunnel Battle: Chomp Champs,1496,吃豆人 无尽,Nintendo Switch,8000,نعم,https://www.nintendo.com/eu/media/images/05_packshots/games_13/virtual_console_nintendo_3ds_3/PS_3DSVC_PacMan_image500w.png,https://www.nintendo.com/en-gb/Games/Game-Boy/Pac-Man--275748.html,,,english,Pac-Man™,EU
914,Railway Nippon! Real Pro: Odakyu Electric Railway,1711.6,日本铁道路 小田急电铁编,Nintendo Switch,6000,نعم,https://www.nintendo.com/eu/media/images/11_square_images/games_18/nintendo_switch_download_software/SQ_NSwitchDS_SealElectricRailway_image500w.jpg,https://www.nintendo.com/en-gb/Games/Nintendo-Switch-download-software/Seal-Electric-Railway-1906919.html,,,"english, japanese",Seal Electric Railway,EU
915,"Warhammer 40,000: Shootas, Blood & Teef",1496,战锤40k 枪,Nintendo Switch,5000,نعم,https://www.nintendo.com/eu/media/images/11_square_images/games_18/nintendo_switch_5/1x1_NSwitch_Warhammer40000ShootasBloodAndTeef_image500w.jpg,https://www.nintendo.com/en-gb/Games/Nintendo-Switch-games/Warhammer-40-000-Shootas-Blood-Teef-2270951.html,,,"chinese, dutch, english, french, german, italian, japanese, korean, portuguese, russian, spanish","Warhammer 40,000: Shootas, Blood & Teef",EU
916,There Is No Light,1496,无光之地,Nintendo Switch,5000,نعم,,https://www.nintendo.com/en-gb/Games/Nintendo-Switch-download-software/There-Is-No-Light-2475247.html,,,"chinese, english, french, german, japanese, korean, portuguese, russian, spanish",There Is No Light,EU
917,Torchlight II,1496,火炬之光2,Nintendo Switch,7000,نعم,https://www.nintendo.com/eu/media/images/11_square_images/games_18/nintendo_switch_download_software/SQ_NSwitchDS_Torchlight2_image500w.jpg,https://www.nintendo.com/en-gb/Games/Nintendo-Switch-download-software/Torchlight-II-1621523.html,,,"chinese, english, french, german, italian, japanese, russian, spanish",Torchlight II,EU
918,Lysfanga: The Time Shift Warrior,1496,时之刃,Nintendo Switch,5000,نعم,,https://www.nintendo.com/en-gb/Games/Nintendo-Switch-download-software/Lysfanga-The-Time-Shift-Warrior-2560254.html,,,"chinese, english, french, german, italian, japanese, korean, portuguese, russian, spanish",Lysfanga : The Time Shift Warrior,EU
919,.hack//G.U. Last Recode,1496,骇客时空,Nintendo Switch,5000,نعم,https://www.nintendo.com/eu/media/images/11_square_images/games_18/nintendo_switch_download_software/SQ_NSwitchDS_HackGuLastRecode_image500w.jpg,https://www.nintendo.com/en-gb/Games/Nintendo-Switch-download-software/-hack-G-U-Last-Recode-2182538.html,,,"english, french, german",.hack//G.U. Last Recode,EU
920,Death end re;Quest 2,1496,死亡终局 轮回试炼2,Nintendo Switch,5000,نعم,https://www.nintendo.com/eu/media/images/05_packshots/games_13/nintendo_switch_8/PS_NSwitch_DeathEndReQuest2_PEGI_image500w.jpg,https://www.nintendo.com/en-gb/Games/Nintendo-Switch-games/Death-end-re-Quest-2-2162146.html,,,english,Death end re;Quest 2,EU
921,Vampire Crawlers,1496,吸血鬼爬行者,Nintendo Switch 2,5000,نعم,,https://www.nintendo.com/en-gb/Games/Nintendo-Switch-download-software/Vampire-Crawlers-The-Turbo-Wildcard-from-Vampire-Survivors-3055039.html,,,"chinese, english, french, german, italian, japanese, korean, polish, portuguese, russian, spanish",Vampire Crawlers: The Turbo Wildcard from Vampire Survivors,EU
922,Primal Planet,1496,原始星球,Nintendo Switch 2,5000,نعم,,https://www.nintendo.com/en-gb/Games/Nintendo-Switch-download-software/Primal-Planet-3034906.html,,,"chinese, english, french, german, italian, japanese, korean, portuguese, russian, spanish",Primal Planet,EU
923,Zombie Army Trilogy,1496,僵尸部队三部曲,Nintendo Switch,7000,نعم,https://www.nintendo.com/eu/media/images/05_packshots/games_13/nintendo_switch_8/PS_NSwitch_ZombieArmyTrilogy_PEGI_image500w.jpg,https://www.nintendo.com/en-gb/Games/Nintendo-Switch-games/Zombie-Army-Trilogy-1743143.html,,,"chinese, english, french, german, italian, japanese, korean, russian, spanish",Zombie Army Trilogy,EU
924,Tiny Witch,1496,小女巫,Nintendo Switch 2,5000,نعم,,https://www.nintendo.com/en-gb/Games/Nintendo-Switch-download-software/Tiny-Witch-2908802.html,,,"chinese, english, french, german, japanese, portuguese, russian, spanish",Tiny Witch,EU
925,Neon Abyss,1496,霓虹深渊,Nintendo Switch,7000,نعم,https://www.nintendo.com/eu/media/images/11_square_images/games_18/nintendo_switch_download_software/SQ_NSwitchDS_NeonAbyss_image500w.jpg,https://www.nintendo.com/en-gb/Games/Nintendo-Switch-download-software/Neon-Abyss-1806103.html,,,"chinese, english, french, german, italian, japanese, russian, spanish",Neon Abyss,EU
926,Skating Rink Story,1496,银盘滑冰场,Nintendo Switch,5000,نعم,,https://www.nintendo.com/en-gb/Games/Nintendo-Switch-download-software/Skating-Rink-Story-2814097.html,,,"chinese, english, japanese, korean",Skating Rink Story,EU
927,Disgaea 7,1496,魔界战记7,Nintendo Switch,5000,نعم,,https://www.nintendo.com/en-gb/Games/Nintendo-Switch-2-games/Disgaea-7-Complete-2896549.html,,,"english, french",Disgaea 7 Complete,EU
928,Garfield Kart 2,1496,加菲猫卡丁车2,Nintendo Switch 2,5000,نعم,https://www.nintendo.com/eu/media/images/05_packshots/games_13/nintendo_3ds_6/PS_3DS_GarfieldKart_UKV_image500w.jpg,https://www.nintendo.com/en-gb/Games/Nintendo-3DS-games/Garfield-Kart-1029826.html,,,"english, french, german, italian, spanish",Garfield Kart,EU
929,Capcom Fighting Collection,1496,CAPCOM对战合集,Nintendo Switch,8000,نعم,https://www.nintendo.com/eu/media/images/11_square_images/games_18/nintendo_switch_download_software/1x1_NSwitchDS_CapcomFightingCollection_image500w.jpg,https://www.nintendo.com/en-gb/Games/Nintendo-Switch-download-software/Capcom-Fighting-Collection-2197876.html,,,"chinese, english, french, german, italian, japanese, korean, portuguese, russian, spanish",Capcom Fighting Collection,EU
930,Perennial Dusk,1496,将花朵献与,Nintendo Switch 2,5000,نعم,,https://www.nintendo.com/en-gb/Games/Nintendo-Switch-download-software/Perennial-Dusk-Kinsenka-3055214.html,,,"chinese, english, japanese",Perennial Dusk -Kinsenka-,EU
931,Minishoot' Adventures,1496,小飞船大冒险,Nintendo Switch,5000,نعم,,https://www.nintendo.com/en-gb/Games/Nintendo-Switch-download-software/Minishoot-Adventures-3037896.html,,,"chinese, english, french, german, italian, japanese, korean, polish, portuguese, russian, spanish",Minishoot' Adventures,EU
932,Bloodstained: Ritual of the Night,1496,血咒之城 月之诅咒,Nintendo Switch,5000,نعم,https://www.nintendo.com/eu/media/images/05_packshots/games_13/nintendo_switch_8/PS_NSwitch_BloodstainedRitualOfTheNight_PEGI_image500w.jpg,https://www.nintendo.com/en-gb/Games/Nintendo-Switch-games/Bloodstained-Ritual-of-the-Night-1563735.html,,,"chinese, english, french, german, italian, japanese, korean, portuguese, russian, spanish",Bloodstained: Ritual of the Night,EU
933,Handyman Flipper: House Stories,1496,家装师达人 小屋物语,Nintendo Switch 2,5000,نعم,,https://www.nintendo.com/en-gb/Games/Nintendo-Switch-download-software/Handyman-Flipper-House-Stories-3148521.html,,,"chinese, english, russian, spanish",Handyman Flipper: House Stories,EU
934,Wingspan,1496,展翅翱翔,Nintendo Switch,7000,نعم,https://www.nintendo.com/eu/media/images/11_square_images/games_18/nintendo_switch_download_software/SQ_NSwitchDS_Wingspan_image500w.jpg,https://www.nintendo.com/en-gb/Games/Nintendo-Switch-download-software/WINGSPAN-1742947.html,,,"chinese, english, french, german, italian, japanese, korean, portuguese, russian, spanish",Wingspan,EU
935,Super Robot Wars X,1496,超级机器人大战X,Nintendo Switch,5000,نعم,,https://www.nintendo.com/en-gb/Games/Nintendo-Switch-download-software/SUPER-ROBOT-WARS-Y-2875169.html,,,"chinese, english, japanese, korean",SUPER ROBOT WARS Y,EU
936,Teenage Mutant Ninja Turtles: The Cowabunga Collection,1496,忍者神龟 考瓦邦加合集,Nintendo Switch,8000,نعم,https://www.nintendo.com/eu/media/images/11_square_images/games_18/nintendo_switch_5/1x1_NSwitch_TeenageMutantNinjaTurtlesTheCowabungaCollection_image500w.jpg,https://www.nintendo.com/en-gb/Games/Nintendo-Switch-games/Teenage-Mutant-Ninja-Turtles-The-Cowabunga-Collection-2256083.html,,,"english, french, german, italian, japanese, spanish",Teenage Mutant Ninja Turtles: The Cowabunga Collection,EU
937,Butt Detective,1496,屁屁侦探,Nintendo Switch,5000,نعم,,https://www.nintendo.com/en-gb/Games/Nintendo-Switch-download-software/Bare-Butt-Boxing-2664158.html,,,"chinese, english, french, german, italian, japanese, korean, portuguese, russian, spanish",Bare Butt Boxing,EU
938,The Legend of Heroes: Trails of Cold Steel III,2358.4,英雄传说 闪之轨迹III,Nintendo Switch,12000,نعم,https://www.nintendo.com/eu/media/images/11_square_images/games_18/nintendo_switch_5/SQ_NSwitch_TheLegendOfHeroesTrailsOfColdSteelIII_image500w.jpg,https://www.nintendo.com/en-gb/Games/Nintendo-Switch-games/The-Legend-of-Heroes-Trails-of-Cold-Steel-III-1748153.html,,,"english, french",The Legend of Heroes: Trails of Cold Steel III,EU
939,Core Keeper,1496,护核纪元,Nintendo Switch,7000,نعم,,https://www.nintendo.com/en-gb/Games/Nintendo-Switch-download-software/Core-Keeper-2480263.html,,,"chinese, english, french, german, italian, japanese, korean, portuguese, russian, spanish",Core Keeper,EU
940,Pool Fever,1496,台球热,Nintendo Switch,5000,نعم,,https://www.nintendo.com/en-gb/Games/Nintendo-Switch-download-software/Pool-Fever-2705350.html,,,"chinese, english, french, german, italian, japanese, korean, portuguese, spanish",Pool Fever,EU
941,River City Girls 2,1496,热血少女2,Nintendo Switch,8000,نعم,https://www.nintendo.com/eu/media/images/11_square_images/games_18/nintendo_switch_5/SQ_NSwitch_RiverCityGirls2_image500w.jpg,https://www.nintendo.com/en-gb/Games/Nintendo-Switch-games/River-City-Girls-2-2090489.html,,,"chinese, english, french, german, italian, japanese, korean, spanish",River City Girls 2,EU
942,Thronefall,1496,王座陨落,Nintendo Switch,5000,نعم,,https://www.nintendo.com/en-gb/Games/Nintendo-Switch-download-software/Thronefall-2669627.html,,,"chinese, english, french, german, japanese, portuguese, russian, spanish",Thronefall,EU
943,Commandos 2: HD Remaster,1496,盟军敢死队2,Nintendo Switch,5000,نعم,,https://store.nintendo.com.hk/70010000034112,70010000034112,H2 INTERACTIVE,中文,Commandos 2 - HD Remaster,HK
944,Battle Spirits: Connected Battlers,1496,巴特尔精灵,Nintendo Switch,5000,نعم,https://www.nintendo.com/eu/media/images/05_packshots/games_13/nintendo_3ds_6/PS_3DS_LittleBattlersExperience_UKV_image500w.jpg,https://www.nintendo.com/en-gb/Games/Nintendo-3DS-games/Little-Battlers-eXperience-1027277.html,,,"english, french, german",Little Battlers eXperience,EU
945,Knightica,1496,斗阵骑士,Nintendo Switch 2,5000,نعم,,https://www.nintendo.com/en-gb/Games/Nintendo-Switch-download-software/Knightica-2886391.html,,,"chinese, english, french, german, japanese, korean, portuguese, russian, spanish",Knightica,EU
946,Crossy Road Castle,1496,天天过马路 城堡,Nintendo Switch,5000,نعم,,https://www.nintendo.com/en-gb/Games/Nintendo-Switch-download-software/Crossy-Road-Castle-2636636.html,,,"chinese, dutch, english, french, german, italian, japanese, korean, portuguese, russian, spanish",Crossy Road Castle,EU
947,Gradius Origins,1496,宇宙巡航舰 起源,Nintendo Switch 2,12000,نعم,,https://www.nintendo.com/en-gb/Games/Nintendo-Switch-games/GRADIUS-ORIGINS-2777813.html,,,"chinese, english, french, german, italian, japanese, korean, portuguese, spanish",GRADIUS ORIGINS,EU
948,Northgard,1496,北境之地,Nintendo Switch,5000,نعم,https://www.nintendo.com/eu/media/images/11_square_images/games_18/nintendo_switch_5/SQ_NSwitch_Northgard_image500w.jpg,https://www.nintendo.com/en-gb/Games/Nintendo-Switch-games/Northgard-1621525.html,,,"chinese, english, french, german, japanese, portuguese, russian, spanish",Northgard,EU
949,Guacamelee! 2,1496,墨西哥英雄2,Nintendo Switch,7000,نعم,https://www.nintendo.com/eu/media/images/11_square_images/games_18/nintendo_switch_download_software/SQ_NSwitchDS_Guacamelee2_image500w.jpg,https://www.nintendo.com/en-gb/Games/Nintendo-Switch-download-software/Guacamelee-2-1475565.html,,,"chinese, english, french, german, italian, korean, portuguese, russian, spanish",Guacamelee! 2,EU
950,Tokyo 24th Ward,1496,东京24区,Nintendo Switch,5000,نعم,,https://www.nintendo.com/en-gb/Games/Nintendo-Switch-download-software/Dementium-The-Ward-2457160.html,,,english,Dementium: The Ward,EU
951,Artifact Seeker,1496,神器行者,Nintendo Switch,5000,نعم,,https://www.nintendo.com/en-gb/Games/Nintendo-Switch-download-software/Artifact-Seeker-2734061.html,,,"chinese, english, french, german, japanese, korean, portuguese, russian, spanish",Artifact Seeker,EU
952,Food Truck Chef: Full Course Edition,1496,美食卡车大厨 完整版,Nintendo Switch 2,5000,نعم,,https://www.nintendo.com/en-gb/Games/Nintendo-Switch-download-software/Food-Truck-Chef-Full-Course-Edition-3012164.html,,,"chinese, english, french, german, japanese, portuguese, spanish",Food Truck Chef - Full Course Edition,EU
953,Before I Go,1496,在我走之前,Nintendo Switch 2,5000,نعم,https://www.nintendo.com/eu/media/images/11_square_images/games_18/nintendo_switch_download_software/SQ_NSwitchDS_GoFishGo_image500w.jpg,https://www.nintendo.com/en-gb/Games/Nintendo-Switch-download-software/Go-Fish-Go--1679447.html,,,"english, french, german, italian, portuguese, spanish",Go! Fish Go!,EU
954,REYNATIS,1496,雷纳提斯,Nintendo Switch,5000,نعم,,https://www.nintendo.com/en-gb/Games/Nintendo-Switch-download-software/REYNATIS-2608541.html,,,english,REYNATIS,EU
955,Lonely Mountains: Downhill,1496,孤山速降,Nintendo Switch,5000,نعم,https://www.nintendo.com/eu/media/images/11_square_images/games_18/nintendo_switch_download_software/SQ_NSwitchDS_LonelyMountainsDownhill_image500w.jpg,https://www.nintendo.com/en-gb/Games/Nintendo-Switch-download-software/Lonely-Mountains-Downhill-1774212.html,,,"chinese, english, french, german, italian, japanese, korean, portuguese, russian, spanish",Lonely Mountains: Downhill,EU
956,Demon Castle Story,1496,魔王城物语,Nintendo Switch 2,5000,نعم,,https://www.nintendo.com/en-gb/Games/Nintendo-Switch-download-software/Demon-Castle-Story-3064683.html,,,"chinese, english, japanese, korean",Demon Castle Story,EU
957,Mega Man Battle Network Legacy Collection Vol.2,1496,洛克人EXE 合集Vol.2,Nintendo Switch,8000,نعم,https://www.nintendo.com/eu/media/images/11_square_images/games_18/nintendo_switch_5/1x1_NSwitch_MegaManBattleNetworkLegacyCollectionVol2_image500w.jpg,https://www.nintendo.com/en-gb/Games/Nintendo-Switch-games/Mega-Man-Battle-Network-Legacy-Collection-Vol-2-2232818.html,,,"chinese, english, japanese",Mega Man Battle Network Legacy Collection Vol. 2,EU
958,They Are Billions,1496,亿万僵尸,Nintendo Switch 2,5000,نعم,,https://www.nintendo.com/en-gb/Games/Nintendo-Switch-2-games/They-are-Billions-2999869.html,,,"chinese, english, french, german, italian, japanese, korean, portuguese, russian, spanish",They are Billions,EU
959,HARVESTELLA,1496,收获之星,Nintendo Switch,5000,نعم,https://www.nintendo.com/eu/media/images/11_square_images/games_18/nintendo_switch_5/1x1_NSwitch_HARVESTELLA_image500w.jpg,https://www.nintendo.com/en-gb/Games/Nintendo-Switch-games/HARVESTELLA-2232234.html,,,"english, french, german, japanese, spanish",HARVESTELLA,EU
960,PICO PARK,1496,萌猫公园,Nintendo Switch,7000,نعم,https://www.nintendo.com/eu/media/images/11_square_images/games_18/nintendo_switch_download_software/SQ_NSwitchDS_PicoPark_image500w.jpg,https://www.nintendo.com/en-gb/Games/Nintendo-Switch-download-software/PICO-PARK-1571671.html,,,"english, japanese",PICO PARK,EU
961,"Ready, Steady, Ship!",1496,赶紧送走,Nintendo Switch,5000,نعم,,https://www.nintendo.com/en-gb/Games/Nintendo-Switch-download-software/Ready-Steady-Ship--2535101.html,,,"english, german, portuguese, spanish","Ready, Steady, Ship!",EU
962,Hakuoki SSL: sweet school life,2142.8,薄樱鬼SSL,Nintendo Switch,7000,نعم,,https://www.nintendo.com/en-gb/Games/Nintendo-Switch-download-software/Hakuoki-SSL-Sweet-School-Life--2991412.html,,,english,Hakuoki SSL ~Sweet School Life~,EU
963,Eidolons: Veil of the Witch,1496,幻灵降世,Nintendo Switch 2,5000,نعم,,https://www.nintendo.com/en-gb/Games/Nintendo-Switch-download-software/Lost-Eidolons-Veil-of-the-Witch-2928994.html,,,"chinese, english, french, german, italian, japanese, korean, portuguese, russian, spanish",Lost Eidolons: Veil of the Witch,EU
964,Twilight Monk,1496,暮光僧侣,Nintendo Switch,5000,نعم,,https://www.nintendo.com/en-gb/Games/Nintendo-Switch-download-software/Twilight-Monk-2779128.html,,,"chinese, english, french, german, italian, japanese, korean, portuguese, russian, spanish",Twilight Monk,EU
965,Anomaly Collapse,1496,异界失控,Nintendo Switch 2,5000,نعم,,https://www.nintendo.com/en-gb/Games/Nintendo-Switch-download-software/Anomaly-Collapse-2860671.html,,,"chinese, english, french, german, japanese, portuguese, russian, spanish",Anomaly Collapse,EU
966,Trinity Trigger,2142.8,圣塔神记,Nintendo Switch,7000,نعم,,https://www.nintendo.com/en-gb/Games/Nintendo-Switch-games/Trinity-Trigger-2361693.html,,,"english, japanese",Trinity Trigger,EU
967,Hidden Through Time,1496,穿越时空的,Nintendo Switch,5000,نعم,https://www.nintendo.com/eu/media/images/11_square_images/games_18/nintendo_switch_download_software/SQ_NSwitchDS_HiddenThroughTime_image500w.jpg,https://www.nintendo.com/en-gb/Games/Nintendo-Switch-download-software/Hidden-Through-Time-1736489.html,,,"chinese, dutch, english, french, german, italian, portuguese, russian, spanish",Hidden Through Time,EU
968,Discounty,1496,打骨折超市日记,Nintendo Switch 2,5000,نعم,,https://www.nintendo.com/en-gb/Games/Nintendo-Switch-download-software/Discounty-2875167.html,,,"chinese, english, french, german, italian, japanese, korean, portuguese, spanish",Discounty,EU
969,Demon Slayer: Sweep the Board!,1496,鬼灭之刃 成为最强队士,Nintendo Switch,8000,نعم,,https://www.nintendo.com/en-gb/Games/Nintendo-Switch-games/Demon-Slayer-Kimetsu-no-Yaiba-Sweep-the-Board--2523560.html,,,"chinese, english, french, german, italian, japanese, spanish",Demon Slayer -Kimetsu no Yaiba- Sweep the Board!,EU
970,Ys Origin,1711.6,伊苏 起源,Nintendo Switch,6000,نعم,https://www.nintendo.com/eu/media/images/05_packshots/games_13/nintendo_switch_8/PS_NSwitch_YsOrigin_PEGI_image500w.jpg,https://www.nintendo.com/en-gb/Games/Nintendo-Switch-download-software/Ys-Origin-1844172.html,,,"english, french, german, italian, japanese, spanish",Ys Origin,EU
971,Risk of Rain Returns,1496,雨中冒险 回归,Nintendo Switch,7000,نعم,,https://www.nintendo.com/en-gb/Games/Nintendo-Switch-download-software/Risk-of-Rain-Returns-2477812.html,,,"chinese, english, french, german, italian, japanese, korean, portuguese, russian, spanish",Risk of Rain Returns,EU
972,Morkull Ragast's Rage,1496,莫库尔 神之升平,Nintendo Switch 2,5000,نعم,,https://www.nintendo.com/en-gb/Games/Nintendo-Switch-download-software/Morkull-Ragast-s-Rage-2569125.html,,,"english, spanish",Morkull Ragast's Rage,EU
973,G.I. Joe: Wrath of Cobra,1496,特种部队 眼镜蛇之怒,Nintendo Switch,5000,نعم,,https://www.nintendo.com/en-gb/Games/Nintendo-Switch-download-software/G-I-JOE-WRATH-OF-COBRA-2706096.html,,,"chinese, english, french, german, italian, japanese, korean, portuguese, russian, spanish",G.I. JOE: WRATH OF COBRA,EU
974,Spindle,1496,爱、死和小猪,Nintendo Switch 2,5000,نعم,,https://www.nintendo.com/en-gb/Games/Nintendo-Switch-download-software/Spindle-2934475.html,,,"english, french, german, italian, japanese, spanish",Spindle,EU
975,Heave Ho,1496,嘿哟走你,Nintendo Switch 2,5000,نعم,https://www.nintendo.com/eu/media/images/11_square_images/games_18/nintendo_switch_download_software/SQ_NSwitchDS_HeaveHo_image500w.jpg,https://www.nintendo.com/en-gb/Games/Nintendo-Switch-download-software/Heave-Ho-1619877.html,,,"chinese, english, french, german, italian, japanese, korean, portuguese, russian, spanish",Heave Ho,EU
976,Penny's Big Breakaway,1496,佩妮大逃脱,Nintendo Switch,5000,نعم,,https://www.nintendo.com/en-gb/Games/Nintendo-Switch-download-software/Penny-s-Big-Breakaway-2401742.html,,,"chinese, english, french, german, italian, japanese, korean, portuguese, russian, spanish",Penny's Big Breakaway,EU
977,Hammerwatch II,1496,铁锤守卫2,Nintendo Switch,5000,نعم,,https://www.nintendo.com/en-gb/Games/Nintendo-Switch-download-software/Hammerwatch-II-2476070.html,,,"chinese, english, french, german, italian, japanese, korean, portuguese, russian, spanish",Hammerwatch II,EU
978,Inscryption,1496,邪恶冥刻,Nintendo Switch,7000,نعم,https://www.nintendo.com/eu/media/images/11_square_images/games_18/nintendo_switch_download_software/1x1_NSwitchDS_Inscryption_image500w.jpg,https://www.nintendo.com/en-gb/Games/Nintendo-Switch-download-software/Inscryption-2297457.html,,,"chinese, english, french, german, italian, japanese, korean, portuguese, russian, spanish",Inscryption,EU
979,eBASEBALL Powerful Pro Baseball 2024-2025,1496,实况力量棒球2024-2025,Nintendo Switch,5000,نعم,https://www.nintendo.com/eu/media/images/03_teaser_module_1_square/games_3/virtual_console_wii_u_2/TM_WiiUVC_Baseball_image500w.png,https://www.nintendo.com/en-gb/Games/NES/Baseball-820164.html,,,english,Baseball,EU
980,The Quarantine Zone: The Last Check,1496,隔离区,Nintendo Switch 2,5000,نعم,https://www.nintendo.com/eu/media/images/11_square_images/games_18/nintendo_switch_download_software/SQ_NSwitchDS_QuarantineCircular_image500w.jpg,https://www.nintendo.com/en-gb/Games/Nintendo-Switch-download-software/Quarantine-Circular-1483921.html,,,english,Quarantine Circular,EU
981,Angel at Dusk,1496,黄昏的天使,Nintendo Switch,5000,نعم,,https://www.nintendo.com/en-gb/Games/Nintendo-Switch-download-software/Angel-at-Dusk-2655475.html,,,"chinese, english, japanese",Angel at Dusk,EU
982,Wildfrost,1496,雪居之地,Nintendo Switch,7000,نعم,https://www.nintendo.com/eu/media/images/11_square_images/games_18/nintendo_switch_download_software/1x1_NSwitchDS_Wildfrost_image500w.jpg,https://www.nintendo.com/en-gb/Games/Nintendo-Switch-download-software/Wildfrost-2210511.html,,,"chinese, english, japanese, korean",Wildfrost,EU
983,Redemption Reapers,1496,灰鹰旅团 救赎,Nintendo Switch,5000,نعم,,https://www.nintendo.com/en-gb/Games/Nintendo-Switch-download-software/Redemption-Reapers-2342533.html,,,"chinese, english, french, german, italian, japanese, korean, portuguese, russian, spanish",Redemption Reapers,EU
984,HELLCARD,1496,地狱卡牌,Nintendo Switch 2,5000,نعم,,https://www.nintendo.com/en-gb/Games/Nintendo-Switch-download-software/HELLCARD-2896821.html,,,"chinese, english, french, german, italian, japanese, korean, portuguese, russian, spanish",HELLCARD,EU
985,Souldiers,1496,英灵士魂,Nintendo Switch,5000,نعم,https://www.nintendo.com/eu/media/images/11_square_images/games_18/nintendo_switch_download_software/1x1_NSwitchDS_Souldiers_image500w.jpg,https://www.nintendo.com/en-gb/Games/Nintendo-Switch-download-software/Souldiers-2213088.html,,,"chinese, english, french, german, portuguese, russian, spanish",Souldiers,EU
986,Nine Parchments,1711.6,九张羊皮纸,Nintendo Switch,6000,نعم,https://www.nintendo.com/eu/media/images/11_square_images/games_18/nintendo_switch_download_software/SQ_NSwitchDS_NineParchments_image500w.jpg,https://www.nintendo.com/en-gb/Games/Nintendo-Switch-download-software/Nine-Parchments-1254676.html,,,"chinese, english, french, german, italian, japanese, russian, spanish",Nine Parchments,EU
987,Grand Mountain Adventure,1496,大山冒险,Nintendo Switch,5000,نعم,https://www.nintendo.com/eu/media/images/11_square_images/games_18/nintendo_switch_5/1x1_NSwitch_GrandMountainAdventure_image500w.jpg,https://www.nintendo.com/en-gb/Games/Nintendo-Switch-games/Grand-Mountain-Adventure-2177852.html,,,"chinese, english, french, german, italian, japanese, spanish",Grand Mountain Adventure,EU
988,All You Need is Help!,1496,互帮乐助,Nintendo Switch,5000,نعم,,https://www.nintendo.com/en-gb/Games/Nintendo-Switch-download-software/All-You-Need-is-Help-2664235.html,,,"chinese, english, french, german, italian, japanese, korean, portuguese, russian, spanish",All You Need is Help,EU
989,Never Grave: The Witch and The Curse,1496,不寐之境 女巫与魔咒,Nintendo Switch 2,5000,نعم,,https://www.nintendo.com/en-gb/Games/Nintendo-Switch-download-software/Never-Grave-The-Witch-and-The-Curse-3031900.html,,,"chinese, english, japanese",Never Grave: The Witch and The Curse,EU
990,Just Dance 2021,1496,舞力全开2021,Nintendo Switch,8000,نعم,https://www.nintendo.com/eu/media/images/migration/games_7/packshot/wii_15/portrait_5/justdance_pegi_image500w.png,https://www.nintendo.com/en-gb/Games/Wii/Just-Dance-281573.html,,,,Just Dance,EU
991,Into the Emberlands,1496,雾方福地,Nintendo Switch 2,5000,نعم,,https://www.nintendo.com/en-gb/Games/Nintendo-Switch-download-software/Into-The-Emberlands-2848916.html,,,"chinese, english, french, german, japanese, korean, russian, spanish",Into The Emberlands,EU
992,Legendary Spell,1496,传说魔法,Nintendo Switch 2,5000,نعم,,https://www.nintendo.com/en-gb/Games/Nintendo-Switch-download-software/Legendary-Spell-3050156.html,,,"chinese, english, japanese",Legendary Spell,EU
993,Grimoire Groves,1496,魔导森林,Nintendo Switch 2,5000,نعم,,https://www.nintendo.com/en-gb/Games/Nintendo-Switch-download-software/Grimoire-Groves-3043026.html,,,"chinese, english, french, german, portuguese, spanish",Grimoire Groves,EU
994,Puyo Puyo Tetris 2S,1496,魔法气泡 俄罗斯方块2S,Nintendo Switch 2,12000,نعم,,https://www.nintendo.com/en-gb/Games/Nintendo-Switch-2-games/Puyo-Puyo-Tetris-2S-2807727.html,,,"chinese, english, french, german, italian, japanese, korean, spanish",Puyo Puyo™ Tetris® 2S,EU
995,Paper Trail,1496,纸间谜迹,Nintendo Switch,5000,نعم,,https://www.nintendo.com/en-gb/Games/Nintendo-Switch-download-software/Paper-Trail-2372093.html,,,"chinese, english, french, german, italian, japanese, korean, portuguese, spanish",Paper Trail,EU
996,Bread & Fred,1496,面包和年糕,Nintendo Switch,5000,نعم,,https://www.nintendo.com/en-gb/Games/Nintendo-Switch-download-software/Bread-Fred-2581238.html,,,"chinese, english, french, german, italian, japanese, korean, portuguese, spanish",Bread & Fred,EU
997,Aviary Attorney,1496,飞禽律师之事件簿,Nintendo Switch,5000,نعم,https://www.nintendo.com/eu/media/images/11_square_images/games_18/nintendo_switch_download_software/SQ_NSwitchDS_AviaryAttorneyDefinitiveEdition_image500w.jpg,https://www.nintendo.com/en-gb/Games/Nintendo-Switch-download-software/Aviary-Attorney-Definitive-Edition-1701672.html,,,english,Aviary Attorney: Definitive Edition,EU
998,Godlike Burger,1496,宇宙汉堡王,Nintendo Switch,5000,نعم,https://www.nintendo.com/eu/media/images/11_square_images/games_18/nintendo_switch_download_software/1x1_NSwitchDS_GodlikeBurger_image500w.jpg,https://www.nintendo.com/en-gb/Games/Nintendo-Switch-download-software/Godlike-Burger-2294341.html,,,"chinese, english, french, german, italian, japanese, korean, russian, spanish",Godlike Burger,EU
999,GYLT,1496,GYLT,Nintendo Switch,5000,نعم,,https://www.nintendo.com/en-gb/Games/Nintendo-Switch-download-software/GYLT-2528837.html,,,"chinese, english, french, german, italian, japanese, korean, portuguese, russian, spanish",GYLT,EU
1000,Popucom,1496,泡姆泡姆,Nintendo Switch 2,5000,نعم,,https://www.nintendo.com/en-gb/Games/Nintendo-Switch-download-software/POPUCOM-2968750.html,,,"chinese, english, french, german, italian, japanese, korean, portuguese, russian, spanish",POPUCOM,EU
1001,Slay the Princess: The Pristine Cut,1496,杀死公主,Nintendo Switch,5000,نعم,,https://www.nintendo.com/en-gb/Games/Nintendo-Switch-download-software/Slay-the-Princess-The-Pristine-Cut-2671625.html,,,"chinese, english, french, german, italian, japanese, korean, portuguese, russian, spanish",Slay the Princess - The Pristine Cut,EU
1002,Yet Another Zombie Defense HD,1496,又一个僵尸,Nintendo Switch,5000,نعم,https://www.nintendo.com/eu/media/images/11_square_images/games_18/nintendo_switch_download_software/SQ_NSwitchDS_YetAnotherZombieDefenseHD_image500w.jpg,https://www.nintendo.com/en-gb/Games/Nintendo-Switch-download-software/Yet-Another-Zombie-Defense-HD-1536357.html,,,"chinese, english, french, german, italian, japanese, korean, portuguese, russian, spanish",Yet Another Zombie Defense HD,EU
1003,Bendy and the Dark Revival,1496,班迪与黑暗复兴,Nintendo Switch 2,7000,نعم,,https://www.nintendo.com/en-gb/Games/Nintendo-Switch-download-software/Bendy-and-the-Dark-Revival-2850119.html,,,"chinese, english, french, german, italian, japanese, portuguese, russian, spanish",Bendy and the Dark Revival,EU
1004,Outward: Definitive Edition,1496,物质世界 决定版,Nintendo Switch,5000,نعم,,https://www.nintendo.com/en-gb/Games/Nintendo-Switch-games/Outward-Definitive-Edition-2524640.html,,,english,Outward Definitive Edition,EU
1005,Phantom Kingdom,1496,幽灵王国,Nintendo Switch,5000,نعم,,https://www.nintendo.com/en-gb/Games/Nintendo-Switch-download-software/The-Phantom-2763999.html,,,english,The Phantom,EU
1006,Go Vacation,1496,去度假,Nintendo Switch,5000,نعم,,https://store.nintendo.com.hk/70010000009229,70010000009229,BANDAI NAMCO / Nintendo,,Go Vacation,HK
1007,The Operator,1496,接线疑云,Nintendo Switch,5000,نعم,,https://www.nintendo.com/en-gb/Games/Nintendo-Switch-download-software/The-Operator-2830578.html,,,"chinese, english, french, german, italian, portuguese, russian, spanish",The Operator,EU
1008,Viewfinder,1496,取景器,Nintendo Switch 2,5000,نعم,,https://www.nintendo.com/en-gb/Games/Nintendo-Switch-download-software/Viewfinder-2950898.html,,,"chinese, english, french, german, italian, japanese, korean, portuguese, russian, spanish",Viewfinder,EU
1009,DRAGON QUEST BUILDERS 2,1496,勇者斗恶龙 创世小玩家2,Nintendo Switch 2,12000,نعم,,https://store.nintendo.com.hk/70010000020629,70010000020629,BANDAI NAMCO,中文,Dragon Quest Builders 2,HK
1010,Against the Storm,1496,风暴之城,Nintendo Switch 2,7000,نعم,,https://www.nintendo.com/en-gb/Games/Nintendo-Switch-download-software/Against-the-Storm-2822877.html,,,"chinese, english, french, german, italian, japanese, korean, portuguese, russian, spanish",Against the Storm,EU
1011,Tiny Terry's Turbo Trip,1496,瞎闹猎车手,Nintendo Switch,5000,نعم,,https://www.nintendo.com/en-gb/Games/Nintendo-Switch-download-software/Tiny-Terry-s-Turbo-Trip-2731096.html,,,"chinese, english, french, german, japanese, korean, portuguese, spanish",Tiny Terry's Turbo Trip,EU
1012,Shadows of the Damned: Hella Remastered,1496,被诅咒的暗影,Nintendo Switch,5000,نعم,,https://www.nintendo.com/en-gb/Games/Nintendo-Switch-download-software/Shadows-of-the-Damned-Hella-Remastered-2640308.html,,,"chinese, english, french, german, italian, japanese, spanish",Shadows of the Damned: Hella Remastered,EU
1013,God Wars,2574,诸神战纪,Nintendo Switch 2,8000,نعم,https://www.nintendo.com/eu/media/images/11_square_images/games_18/nintendo_switch_download_software/SQ_NSwitchDS_RhythmOfTheGods_image500w.jpg,https://www.nintendo.com/en-gb/Games/Nintendo-Switch-download-software/Rhythm-of-the-Gods-1741288.html,,,english,Rhythm of the Gods,EU
1014,Mika and The Witch's Mountain,1496,美佳和女巫之山,Nintendo Switch,5000,نعم,,https://www.nintendo.com/en-gb/Games/Nintendo-Switch-download-software/Mika-and-the-Witch-s-Mountain-2624124.html,,,"english, french, german, italian, portuguese, spanish",Mika and the Witch's Mountain,EU
1015,The Hero Quest: Deathless,1496,不死之身,Nintendo Switch 2,5000,نعم,,https://www.nintendo.com/en-gb/Games/Nintendo-Switch-download-software/Deathless-The-Hero-Quest-2930664.html,,,"chinese, english, russian, spanish",Deathless. The Hero Quest,EU
1016,Azure Striker Gunvolt 3,1496,苍蓝雷霆3,Nintendo Switch,7000,نعم,https://www.nintendo.com/eu/media/images/11_square_images/games_18/nintendo_switch_download_software/1x1_NSwitchDS_AzureStrikerGunvolt3_image500w.jpg,https://www.nintendo.com/en-gb/Games/Nintendo-Switch-download-software/Azure-Striker-GUNVOLT-3-2234554.html,,,"chinese, english, french, german, italian, japanese, korean, portuguese, spanish",Azure Striker GUNVOLT 3,EU
1017,UnderMine,1496,矿坑之下,Nintendo Switch,5000,نعم,https://www.nintendo.com/eu/media/images/11_square_images/games_18/nintendo_switch_download_software/SQ_NSwitchDS_UnderMine_image500w.jpg,https://www.nintendo.com/en-gb/Games/Nintendo-Switch-download-software/UnderMine-1914403.html,,,"chinese, english, french, german, italian, japanese, korean, portuguese, russian, spanish",UnderMine,EU
1018,Valiant Hearts: The Great War,1496,勇敢的心 伟大战争,Nintendo Switch,7000,نعم,https://www.nintendo.com/eu/media/images/11_square_images/games_18/nintendo_switch_5/SQ_NSwitch_ValiantHeartsTheGreatWar_enGB_image500w.jpg,https://www.nintendo.com/en-gb/Games/Nintendo-Switch-games/Valiant-Hearts-The-Great-War--1466140.html,,,"chinese, dutch, english, french, german, italian, japanese, portuguese, russian, spanish",Valiant Hearts: The Great War®,EU
1019,Killer Frequency,1496,致命频率,Nintendo Switch 2,5000,نعم,,https://www.nintendo.com/en-gb/Games/Nintendo-Switch-games/Killer-Frequency-2371772.html,,,"chinese, english, french, german, italian, japanese, korean, portuguese, russian, spanish",Killer Frequency,EU
1020,Muse Dash,1496,喵斯快跑,Nintendo Switch,7000,نعم,https://www.nintendo.com/eu/media/images/11_square_images/games_18/nintendo_switch_download_software/SQ_NSwitchDS_MuseDash_image500w.jpg,https://www.nintendo.com/en-gb/Games/Nintendo-Switch-download-software/Muse-Dash-1569028.html,,,"chinese, english, japanese, korean",Muse Dash,EU
1021,Shantae: Half-Genie Hero,1496,桑塔 半精灵英雄,Nintendo Switch 2,12000,نعم,https://www.nintendo.com/eu/media/images/11_square_images/games_18/wii_u_download_software_3/SQ_WiiUDS_ShantaeHalfGenieHero_image500w.jpg,https://www.nintendo.com/en-gb/Games/Wii-U-download-software/Shantae-Half-Genie-Hero-1168709.html,,,"english, french, german, italian, spanish",Shantae: Half-Genie Hero,EU
1022,Lost in Play,1496,迷失游乐园,Nintendo Switch,5000,نعم,https://www.nintendo.com/eu/media/images/11_square_images/games_18/nintendo_switch_download_software/1x1_NSwitchDS_LostInPlay_image500w.jpg,https://www.nintendo.com/en-gb/Games/Nintendo-Switch-download-software/Lost-in-Play-2245945.html,,,"chinese, dutch, english, french, german, italian, japanese, korean, portuguese, russian, spanish",Lost in Play,EU
1023,Phantom Brave: The Lost Hero,1496,通灵战士 [4:40 Switch 2],Nintendo Switch 2,5000,نعم,,https://www.nintendo.com/en-gb/Games/Nintendo-Switch-games/Phantom-Brave-The-Lost-Hero-2684840.html,,,"english, french",Phantom Brave: The Lost Hero,EU
1024,Captain Blood,1496,血船船长,Nintendo Switch,5000,نعم,,https://www.nintendo.com/en-gb/Games/Nintendo-Switch-download-software/Captain-Blood-2811443.html,,,"chinese, english, french, german, italian, japanese, korean, portuguese, russian, spanish",Captain Blood,EU
1025,The Rumble Fish 2,1496,斗鱼2,Nintendo Switch 2,5000,نعم,https://www.nintendo.com/eu/media/images/11_square_images/games_18/nintendo_switch_download_software/1x1_NSwitchDS_TheRumbleFish2_image500w.jpg,https://www.nintendo.com/en-gb/Games/Nintendo-Switch-download-software/The-Rumble-Fish-2-2298478.html,,,"chinese, english, french, german, italian, japanese, korean, portuguese, spanish",The Rumble Fish 2,EU
1026,Worms W.M.D,1496,百战天虫,Nintendo Switch,7000,نعم,https://www.nintendo.com/eu/media/images/11_square_images/games_18/nintendo_switch_download_software/SQ_NSwitchDS_WormsWMD_image500w.jpg,https://www.nintendo.com/en-gb/Games/Nintendo-Switch-download-software/Worms-W-M-D-1308051.html,,,"chinese, english, french, german, italian, japanese, russian, spanish",Worms W.M.D,EU
1027,Revue Starlight,1496,少女歌剧,Nintendo Switch,5000,نعم,,https://www.nintendo.com/en-gb/Games/Nintendo-Switch-download-software/Revue-Starlight-El-Dorado-2632946.html,,,"chinese, english, japanese",Revue Starlight El Dorado,EU
1028,Fabledom,1496,寓言之地,Nintendo Switch,5000,نعم,,https://www.nintendo.com/en-gb/Games/Nintendo-Switch-download-software/Fabledom-2599751.html,,,"chinese, english, french, german, japanese, korean, portuguese, russian, spanish",Fabledom,EU
1029,American Arcadia,1496,美国阿卡迪亚,Nintendo Switch,5000,نعم,,https://www.nintendo.com/en-gb/Games/Nintendo-Switch-download-software/American-Arcadia-2804719.html,,,"chinese, english, french, german, japanese, korean, polish, portuguese, russian, spanish",American Arcadia,EU
1030,Chained Together: Survive Together,1496,链在一起生存,Nintendo Switch,5000,نعم,,https://www.nintendo.com/en-gb/Games/Nintendo-Switch-download-software/Chained-Survive-Together-2778904.html,,,english,Chained Survive Together,EU
1031,Harvest Moon: Home Sweet Home,2142.8,牧场物语 甜蜜之家,Nintendo Switch 2,9000,نعم,,https://www.nintendo.com/en-gb/Games/Nintendo-Switch-games/Harvest-Moon-Home-Sweet-Home-Special-Edition-2918521.html,,,"english, german",Harvest Moon®: Home Sweet Home Special Edition,EU
1032,Shadow Labyrinth – Nintendo Switch 2 Edition,1496,暗之迷宫,Nintendo Switch 2,5000,نعم,,https://www.nintendo.com/en-gb/Games/Nintendo-Switch-games/Shadow-Labyrinth-2779671.html,,,"english, french, german, italian, spanish",Shadow Labyrinth,EU
1033,Carmen Sandiego,1496,新神偷卡门,Nintendo Switch,5000,نعم,,https://www.nintendo.com/en-gb/Games/Nintendo-Switch-download-software/Carmen-Sandiego-2728187.html,,,"english, french, german, italian, japanese, portuguese, spanish",Carmen Sandiego,EU
1034,The Beast Inside,1496,心魔,Nintendo Switch,7000,نعم,,https://www.nintendo.com/en-gb/Games/Nintendo-Switch-download-software/The-Beast-Inside-2685161.html,,,"chinese, english, french, german, portuguese, russian, spanish",The Beast Inside,EU
1035,Space Adventure Cobra: The Awakening,1496,太空冒险 哥普拉,Nintendo Switch 2,5000,نعم,,https://www.nintendo.com/en-gb/Games/Nintendo-Switch-games/Space-Adventure-Cobra-The-Awakening-2875317.html,,,"chinese, english, french, japanese, korean",Space Adventure Cobra - The Awakening,EU
1036,Lucky Tower Ultimate,1496,终极幸运之塔,Nintendo Switch 2,5000,نعم,,https://www.nintendo.com/en-gb/Games/Nintendo-Switch-download-software/Lucky-Tower-Ultimate-3052980.html,,,"chinese, english, french, german, italian, portuguese, russian, spanish",Lucky Tower Ultimate,EU
1037,Fuga: Melodies of Steel,1496,战场的赋格曲,Nintendo Switch,7000,نعم,https://www.nintendo.com/eu/media/images/11_square_images/games_18/nintendo_switch_download_software/SQ_NSwitchDS_FugaMelodiesOfSteel_image500w.jpg,https://www.nintendo.com/en-gb/Games/Nintendo-Switch-download-software/Fuga-Melodies-of-Steel-2016269.html,,,"chinese, english, french, german, italian, japanese, korean, portuguese, russian, spanish",Fuga: Melodies of Steel,EU
1038,Chernobylite: Complete Edition,1496,切尔诺贝利,Nintendo Switch,5000,نعم,,https://www.nintendo.com/en-gb/Games/Nintendo-Switch-download-software/Chernobylite-Complete-Edition-2702497.html,,,"chinese, english, french, german, italian, japanese, portuguese, russian, spanish",Chernobylite Complete Edition,EU
1039,Factorio,2358.4,异星工厂,Nintendo Switch 2,10000,نعم,https://www.nintendo.com/eu/media/images/11_square_images/games_18/nintendo_switch_download_software/1x1_NSwitchDS_Factorio_image500w.jpg,https://www.nintendo.com/en-gb/Games/Nintendo-Switch-download-software/Factorio-2265209.html,,,"chinese, dutch, english, french, german, italian, japanese, korean, portuguese, russian, spanish",Factorio,EU
1040,Nobunaga's Ambition: Taishi,1711.6,信长之野望 大志,Nintendo Switch,6000,نعم,https://www.nintendo.com/eu/media/images/03_teaser_module_1_square/games_3/virtual_console_wii_u_2/TM_WiiUVC_NobunagasAmbition_image500w.png,https://www.nintendo.com/en-gb/Games/Super-Nintendo/Nobunaga-s-Ambition-920383.html,,,english,Nobunaga's Ambition,EU
1041,Monster Train 2,1496,怪物火车2,Nintendo Switch,5000,نعم,,https://www.nintendo.com/en-gb/Games/Nintendo-Switch-download-software/Monster-Train-2-2832180.html,,,"chinese, english, french, german, japanese, korean, portuguese, russian, spanish",Monster Train 2,EU
1042,Shantae Advance: Risky Revolution,1496,桑塔 瑞丝革命,Nintendo Switch 2,12000,نعم,,https://www.nintendo.com/en-gb/Games/Nintendo-Switch-games/Shantae-Advance-Risky-Revolution-2480496.html,,,"english, french, german, italian, spanish",Shantae Advance: Risky Revolution,EU
1043,Battle Suit Aces,1496,战斗装甲王牌,Nintendo Switch 2,5000,نعم,,https://www.nintendo.com/en-gb/Games/Nintendo-Switch-download-software/Battle-Suit-Aces-2928338.html,,,"chinese, english, japanese",Battle Suit Aces,EU
1044,Cookie Cutter: Overkill Edition,1496,千篇一律,Nintendo Switch,5000,نعم,https://www.nintendo.com/eu/media/images/11_square_images/games_18/nintendo_switch_download_software/SQ_NSwitchDS_VictorVranOverkillEdition_image500w.jpg,https://www.nintendo.com/en-gb/Games/Nintendo-Switch-download-software/Victor-Vran-Overkill-Edition-1424731.html,,,"chinese, english, french, german, italian, japanese, spanish",Victor Vran Overkill Edition,EU
1045,WRC Generations,1496,世界拉力锦标赛 Generations,Nintendo Switch 2,5000,نعم,https://www.nintendo.com/eu/media/images/11_square_images/games_18/nintendo_switch_5/1x1_NSwitch_WrcGenerationsTheFiaWrcOfficialGame_image500w.jpg,https://www.nintendo.com/en-gb/Games/Nintendo-Switch-games/WRC-Generations-The-FIA-WRC-Official-Game-2313435.html,,,"chinese, english, french, german, italian, japanese, korean, portuguese, russian, spanish",WRC Generations – The FIA WRC Official Game,EU
1046,Absolute Fear -AOONI-,1496,青鬼,Nintendo Switch 2,5000,نعم,https://www.nintendo.com/eu/media/images/11_square_images/games_18/nintendo_switch_download_software/SQ_NSwitchDS_AbsoluteDrift_image500w.jpg,https://www.nintendo.com/en-gb/Games/Nintendo-Switch-download-software/Absolute-Drift-1878618.html,,,"english, french, german, italian, portuguese, russian, spanish",Absolute Drift,EU
1047,SOMA,1496,苏玛,Nintendo Switch 2,5000,نعم,,https://www.nintendo.com/en-gb/Games/Nintendo-Switch-download-software/SOMA-2869311.html,,,"chinese, english, french, german, italian, japanese, portuguese, russian, spanish",SOMA,EU
1048,Cthulhu Mythos ADV,1496,克苏鲁神话,Nintendo Switch 2,5000,نعم,https://www.nintendo.com/eu/media/images/05_packshots/games_13/nintendo_switch_8/PS_NSwitch_CallOfCthulhu_PEGI_image500w.jpg,https://www.nintendo.com/en-gb/Games/Nintendo-Switch-games/Call-of-Cthulhu-1637467.html,,,"chinese, english, french, german, italian, korean, portuguese, russian, spanish",Call of Cthulhu,EU
1049,Beholder 2,1496,旁观者2,Nintendo Switch,5000,نعم,https://www.nintendo.com/eu/media/images/11_square_images/games_18/nintendo_switch_download_software/SQ_NSwitchDS_Beholder2_image500w.jpg,https://www.nintendo.com/en-gb/Games/Nintendo-Switch-download-software/Beholder-2-1618953.html,,,"chinese, english, german, korean, russian, spanish",Beholder 2,EU
1050,QQQbeats,1496,QQQ节拍,Nintendo Switch 2,5000,نعم,,https://www.nintendo.com/en-gb/Games/Nintendo-Switch-download-software/QQQbeats--2910138.html,,,"english, japanese",QQQbeats!!!,EU
1051,Felix the Cat,1496,菲力猫,Nintendo Switch 2,5000,نعم,,https://www.nintendo.com/en-gb/Games/Nintendo-Switch-download-software/Felix-the-Cat-2540587.html,,,"english, french, german, italian, japanese, spanish",Felix the Cat,EU
1052,The World of Kungfu: Dragon and Eagle,1496,大江湖 龙与鹰,Nintendo Switch,5000,نعم,,https://www.nintendo.com/en-gb/Games/Nintendo-Switch-download-software/The-World-of-Kungfu-Dragon-and-Eagle-2670805.html,,,"chinese, english, japanese",The World of Kungfu: Dragon and Eagle,EU
1053,Touhou Mystia's Izakaya,1927.2,东方夜雀食堂,Nintendo Switch,7000,نعم,,https://www.nintendo.com/en-gb/Games/Nintendo-Switch-download-software/Touhou-Mystia-s-Izakaya-2559046.html,,,"chinese, english, japanese",Touhou Mystia's Izakaya,EU
1054,Journey to the Savage Planet,1496,狂野星球之旅,Nintendo Switch 2,5000,نعم,,https://store.nintendo.com.hk/70010000029098,70010000029098,H2 Interactive,中文,Journey to the savage planet,HK
1055,Reel It! Ocean Fishing,1496,卷起来 海洋钓鱼,Nintendo Switch 2,5000,نعم,,https://www.nintendo.com/en-gb/Games/Nintendo-Switch-download-software/Reel-it-Ocean-Fishing-2898588.html,,,"english, japanese",Reel it! Ocean Fishing,EU
1056,Forgive Me Father 2,1496,原谅我父亲2,Nintendo Switch 2,5000,نعم,,https://www.nintendo.com/en-gb/Games/Nintendo-Switch-games/Forgive-Me-Father-2-3004637.html,,,"chinese, english, french, german, polish, russian, spanish",Forgive Me Father 2,EU
1057,FruitBus,1496,水果巴士,Nintendo Switch 2,5000,نعم,,https://www.nintendo.com/en-gb/Games/Nintendo-Switch-games/Fruitbus-2870707.html,,,"chinese, english, french, german, italian, japanese, korean, portuguese, russian, spanish",Fruitbus,EU
1058,Snezhinka: Sentinel Girls 2,1496,救国少女,Nintendo Switch,5000,نعم,,https://www.nintendo.com/en-gb/Games/Nintendo-Switch-download-software/Snezhinka-2741691.html,,,"chinese, english, japanese, korean",Snezhinka,EU
1059,Pilo and the Holobook,1496,皮罗与全息书,Nintendo Switch,5000,نعم,,https://www.nintendo.com/en-gb/Games/Nintendo-Switch-download-software/Pilo-and-the-Holobook-2751275.html,,,"chinese, english, french, german, japanese, korean",Pilo and the Holobook,EU
1060,Morbid: The Lords of Ire,1496,病态 愤怒之主,Nintendo Switch,5000,نعم,,https://www.nintendo.com/en-gb/Games/Nintendo-Switch-download-software/Morbid-The-Lords-of-Ire-2547933.html,,,"chinese, english, french, german, japanese, korean, russian, spanish",Morbid: The Lords of Ire,EU
1061,Tactics Ogre: Reborn,1711.6,皇家骑士团 重生,Nintendo Switch,7000,نعم,https://www.nintendo.com/eu/media/images/11_square_images/games_18/nintendo_switch_5/1x1_NSwitch_TacticsOgreReborn_image500w.jpg,https://www.nintendo.com/en-gb/Games/Nintendo-Switch-games/Tactics-Ogre-Reborn-2248804.html,,,"chinese, english, french, german, japanese, korean, spanish",Tactics Ogre: Reborn,EU
1062,Bad Cheese,1496,坏奶酪,Nintendo Switch 2,5000,نعم,,https://www.nintendo.com/en-gb/Games/Nintendo-Switch-download-software/Bad-Cheese-2899296.html,,,"chinese, english, french, german, japanese, korean, polish, portuguese, russian, spanish",Bad Cheese,EU
1063,Tales of Underworld: Soulbind,1496,灵魂契约 冥界物语,Nintendo Switch 2,12000,نعم,,https://www.nintendo.com/en-gb/Games/Nintendo-Switch-download-software/Soulbind-Tales-Of-The-Underworld-2901342.html,,,"chinese, english, french, german, italian, japanese, korean, portuguese, russian, spanish",Soulbind: Tales Of The Underworld,EU
1064,Sumikko Gurashi,1496,角落小伙伴,Nintendo Switch,5000,نعم,,https://www.nintendo.com/en-gb/Games/Nintendo-Switch-download-software/Sumikkogurashi-Create-a-Wonderful-Sumikko-Island--2963876.html,,,"chinese, english, japanese, korean",Sumikkogurashi Create a Wonderful Sumikko Island!,EU
1065,The Last Campfire,1496,最后的篝火,Nintendo Switch,5000,نعم,https://www.nintendo.com/eu/media/images/11_square_images/games_18/nintendo_switch_download_software/SQ_NSwitchDS_TheLastCampfire_image500w.jpg,https://www.nintendo.com/en-gb/Games/Nintendo-Switch-download-software/The-Last-Campfire-1742914.html,,,"chinese, dutch, english, french, german, italian, japanese, korean, portuguese, russian, spanish",The Last Campfire,EU
1066,Hidden Cats in London,1496,藏在伦敦的猫,Nintendo Switch,5000,نعم,,https://www.nintendo.com/en-gb/Games/Nintendo-Switch-download-software/Hidden-Cats-in-London-2459842.html,,,"english, french, german, japanese, portuguese, spanish",Hidden Cats in London,EU
1067,Voice Love on Air,1496,纯爱声放送,Nintendo Switch,5000,نعم,,https://www.nintendo.com/en-gb/Games/Nintendo-Switch-download-software/Voice-Love-on-Air-2716864.html,,,"chinese, english, japanese",Voice Love on Air,EU
1068,SOWON: The Toy Wonderland,1496,SOWON 玩具仙境,Nintendo Switch,5000,نعم,,https://www.nintendo.com/en-gb/Games/Nintendo-Switch-download-software/SOWON-The-Toy-Wonderland-2561435.html,,,"chinese, english, french, german, japanese, korean, portuguese, russian, spanish",SOWON : The Toy Wonderland,EU
1069,Cauldron,1496,魔法坩埚,Nintendo Switch 2,5000,نعم,,https://www.nintendo.com/en-gb/Games/Nintendo-Switch-download-software/Cauldron-2936257.html,,,"chinese, english, french, german, japanese, portuguese",Cauldron,EU
1070,Haven,1496,避风港,Nintendo Switch,5000,نعم,https://www.nintendo.com/eu/media/images/11_square_images/games_18/nintendo_switch_download_software/SQ_NSwitchDS_Haven_image500w.jpg,https://www.nintendo.com/en-gb/Games/Nintendo-Switch-download-software/Haven-1719432.html,,,"chinese, english, french, german, italian, japanese, portuguese, russian, spanish",Haven,EU
1071,Lapin,1496,勇敢兔兔,Nintendo Switch 2,5000,نعم,,https://www.nintendo.com/en-gb/Games/Nintendo-Switch-download-software/LAPIN-2898366.html,,,"chinese, english, french, german, japanese, korean, spanish",LAPIN,EU
1072,Pixel Cafe: Extended Edition,1496,像素风咖啡,Nintendo Switch,5000,نعم,,https://www.nintendo.com/en-gb/Games/Nintendo-Switch-download-software/Pixel-Cafe-2472607.html,,,"chinese, english, french, german, japanese",Pixel Cafe,EU
1073,Rivertails: Stronger Together,1496,河尾 强强联手,Nintendo Switch 2,5000,نعم,,https://www.nintendo.com/en-gb/Games/Nintendo-Switch-download-software/River-Tails-Stronger-Together-2599718.html,,,"chinese, english, french, german, italian, japanese, korean, portuguese, russian, spanish",River Tails: Stronger Together,EU
1074,Turbo Kid,1496,涡轮小子,Nintendo Switch 2,5000,نعم,,https://www.nintendo.com/en-gb/Games/Nintendo-Switch-download-software/Turbo-Kid-2873340.html,,,"chinese, english, french, german, japanese, portuguese, spanish",Turbo Kid,EU
1075,King's Bounty II,1496,国王的恩赐2,Nintendo Switch,5000,نعم,https://www.nintendo.com/eu/media/images/11_square_images/games_18/nintendo_switch_5/SQ_NSwitch_KingsBountyII_image500w.jpg,https://www.nintendo.com/en-gb/Games/Nintendo-Switch-games/King-s-Bounty-II-1747972.html,,,"chinese, english, french, german, italian, japanese, korean, russian, spanish",King's Bounty II,EU
1076,Potion Permit,1496,杏林物语,Nintendo Switch,7000,نعم,https://www.nintendo.com/eu/media/images/05_packshots/games_13/nintendo_switch_8/PS_NSwitch_PotionPermit_PEGI_image500w.png,https://www.nintendo.com/en-gb/Games/Nintendo-Switch-games/Potion-Permit-2253810.html,,,"chinese, english, french, german, japanese, korean, portuguese, russian, spanish",Potion Permit,EU
1077,R-Type Delta HD Boosted,1496,异形战机Delta 高清增强版,Nintendo Switch 2,5000,نعم,,https://www.nintendo.com/en-gb/Games/Nintendo-Switch-games/R-Type-Delta-HD-Boosted-2957853.html,,,"english, japanese",R-Type Delta: HD Boosted,EU
1078,Arise: A Simple Story – Definitive Edition,1496,重生之旅,Nintendo Switch,5000,نعم,https://www.nintendo.com/eu/media/images/11_square_images/games_18/nintendo_switch_download_software/1x1_NSwitchDS_AriseASimpleStoryDefinitiveEdition_image500w.jpg,https://www.nintendo.com/en-gb/Games/Nintendo-Switch-download-software/Arise-A-Simple-Story-Definitive-Edition-2197987.html,,,"chinese, english, french, german, italian, japanese, korean, portuguese, russian, spanish",Arise: A Simple Story - Definitive Edition,EU
1079,NAIAD,1496,水泽仙女,Nintendo Switch 2,5000,نعم,https://www.nintendo.com/eu/media/images/11_square_images/games_18/nintendo_switch_download_software/1x1_NSwitchDS_NAIAD_image500w.jpg,https://www.nintendo.com/en-gb/Games/Nintendo-Switch-download-software/NAIAD-2236074.html,,,"chinese, english, french, german, italian, japanese, korean, portuguese, russian, spanish",NAIAD,EU
1080,Wand of Fortune R2,1496,幸运之杖R2,Nintendo Switch 2,5000,نعم,,https://www.nintendo.com/en-gb/Games/Nintendo-Switch-download-software/Rendering-Ranger-R2-Rewind--2779360.html,,,"english, french, german, italian, japanese, portuguese, spanish",Rendering Ranger: R2 [Rewind],EU
1081,AMNESIA World,2574,失忆症 W,Nintendo Switch,10000,نعم,https://www.nintendo.com/eu/media/images/11_square_images/games_18/nintendo_switch_download_software/SQ_NSwitchDS_AmnesiaCollection_image500w.jpg,https://www.nintendo.com/en-gb/Games/Nintendo-Switch-download-software/Amnesia-Collection-1640594.html,,,"english, german, italian, portuguese, russian, spanish",Amnesia: Collection,EU
1082,Endless Ocean Luminous,1496,永恒蔚蓝 流光,Nintendo Switch,5000,نعم,,https://www.nintendo.com/en-gb/Games/Nintendo-Switch-games/Endless-Ocean-Luminous-2523941.html,,,"chinese, dutch, english, french, german, italian, japanese, korean, spanish",Endless Ocean Luminous,EU
1083,The Touryst Deluxe,1496,旅行者 豪华版,Nintendo Switch 2,5000,نعم,,https://www.nintendo.com/en-gb/Games/Nintendo-Switch-2-games/The-Touryst-Deluxe-2920940.html,,,"english, french, german, japanese, spanish",The Touryst Deluxe,EU
1084,Tails of Iron 2: Whiskers of Winter,1496,铁尾传奇2,Nintendo Switch,5000,نعم,,https://www.nintendo.com/en-gb/Games/Nintendo-Switch-download-software/Tails-of-Iron-2-Whiskers-of-Winter-2715881.html,,,"chinese, english, french, german, italian, japanese, korean, portuguese, russian, spanish",Tails of Iron 2: Whiskers of Winter,EU
1085,Call of the Elder Gods,1496,古神之呼唤,Nintendo Switch 2,5000,نعم,,https://www.nintendo.com/en-gb/Games/Nintendo-Switch-download-software/Call-of-the-Elder-Gods-3096635.html,,,"chinese, english, french, german, italian, japanese, korean, polish, portuguese, russian, spanish",Call of the Elder Gods,EU
1086,Nickelodeon All-Star Brawl,1496,尼克卡通 全明星大乱斗,Nintendo Switch,5000,نعم,https://www.nintendo.com/eu/media/images/05_packshots/games_13/nintendo_switch_8/PS_NSwitch_NickelodeonAllStarBrawl_PEGI_image500w.jpg,https://www.nintendo.com/en-gb/Games/Nintendo-Switch-games/Nickelodeon-All-Star-Brawl-2040474.html,,,"dutch, english, french, german, italian, spanish",Nickelodeon All-Star Brawl,EU
1087,Squids Odyssey,1496,鱿鱼奥德赛,Nintendo Switch,5000,نعم,https://www.nintendo.com/eu/media/images/03_teaser_module_1_square/games_3/wiiu_download_software_1/TM_WiiUDS_SquidsOdyssey_image500w.png,https://www.nintendo.com/en-gb/Games/Nintendo-3DS-download-software/Squids-Odyssey-886953.html,,,"english, french, german, italian, spanish",Squids Odyssey,EU
1088,Japanese Rural Life Adventure,1496,日本乡下的生活,Nintendo Switch 2,5000,نعم,,https://www.nintendo.com/en-gb/Games/Nintendo-Switch-download-software/Japanese-Rural-Life-Adventure-3043993.html,,,"chinese, dutch, english, french, german, italian, japanese, korean, portuguese, russian, spanish",Japanese Rural Life Adventure,EU
1089,Richman 10,1496,大富翁10,Nintendo Switch,7000,نعم,https://www.nintendo.com/eu/media/images/11_square_images/games_18/nintendo_switch_download_software/SQ_NSwitchDS_RichMan10_image500w.jpg,https://www.nintendo.com/en-gb/Games/Nintendo-Switch-download-software/RichMan-10-2155637.html,,,"chinese, english, japanese",RichMan 10,EU
1090,Tales of Xillia Remastered,1496,无尽传说 重制版,Nintendo Switch 2,12000,نعم,,https://www.nintendo.com/en-gb/Games/Nintendo-Switch-games/Tales-of-Xillia-Remastered-2909955.html,,,"english, french, german, italian, russian, spanish",Tales of Xillia Remastered,EU
1091,Welcome to Empyreum,1496,胡闹酒店,Nintendo Switch,5000,نعم,,https://www.nintendo.com/en-gb/Games/Nintendo-Switch-download-software/Welcome-to-Empyreum-2829830.html,,,"chinese, english, french, german, italian, japanese, portuguese, russian, spanish",Welcome to Empyreum,EU
1092,DRAGON QUEST HEROES I·II,1496,勇者斗恶龙 英雄,Nintendo Switch,8000,نعم,https://www.nintendo.com/eu/media/images/11_square_images/games_18/nintendo_switch_download_software/SQ_NSwitchDS_DragonQuest_image500w.jpg,https://www.nintendo.com/en-gb/Games/Nintendo-Switch-download-software/DRAGON-QUEST-1646624.html,,,"chinese, english, korean",DRAGON QUEST,EU
1093,Akiba's Trip,1496,秋叶脱物语 [4:56],Nintendo Switch,5000,نعم,https://www.nintendo.com/eu/media/images/05_packshots/games_13/nintendo_switch_8/PS_NSwitch_AkibasTripHellboundAndDebriefed_PEGI_image500w.jpg,https://www.nintendo.com/en-gb/Games/Nintendo-Switch-games/AKIBA-S-TRIP-Hellbound-Debriefed-1976406.html,,,"chinese, english, japanese, korean",AKIBA'S TRIP: Hellbound & Debriefed,EU
1094,Chained Echoes,1496,宿命,Nintendo Switch,7000,نعم,https://www.nintendo.com/eu/media/images/11_square_images/games_18/nintendo_switch_download_software/1x1_NSwitchDS_ChainedEchoes_image500w.jpg,https://www.nintendo.com/en-gb/Games/Nintendo-Switch-download-software/Chained-Echoes-2306413.html,,,"english, french, german, korean",Chained Echoes,EU
1095,The Witch's House MV,1496,魔女之家,Nintendo Switch,5000,نعم,https://www.nintendo.com/eu/media/images/11_square_images/games_18/nintendo_switch_download_software/1x1_NSwitchDS_TheWitchsHouseMV_image500w.jpg,https://www.nintendo.com/en-gb/Games/Nintendo-Switch-download-software/The-Witch-s-House-MV-2277515.html,,,"chinese, english, french, german, japanese, korean, portuguese, russian, spanish",The Witch's House MV,EU
1096,Arcaea,1496,韵律源点,Nintendo Switch,7000,نعم,https://www.nintendo.com/eu/media/images/11_square_images/games_18/nintendo_switch_download_software/SQ_NSwitchDS_Arcaea_image500w.jpg,https://www.nintendo.com/en-gb/Games/Nintendo-Switch-download-software/Arcaea-1964682.html,,,"chinese, english, japanese, korean",Arcaea,EU
1097,Fishing Star: World Tour,1496,钓鱼之星 世界巡游,Nintendo Switch,5000,نعم,https://www.nintendo.com/eu/media/images/11_square_images/games_18/nintendo_switch_download_software/SQ_NSwitchDS_FishingStarWorldTour_image500w.jpg,https://www.nintendo.com/en-gb/Games/Nintendo-Switch-download-software/Fishing-Star-World-Tour-1502974.html,,,"chinese, english, french, german, italian, japanese, spanish",Fishing Star World Tour,EU
1098,Momodora: Moonlit Farewell,1496,莫莫多拉 月下告别,Nintendo Switch,5000,نعم,,https://www.nintendo.com/en-gb/Games/Nintendo-Switch-download-software/Momodora-Moonlit-Farewell-2739111.html,,,"chinese, english, french, german, italian, japanese, korean, portuguese, russian, spanish",Momodora: Moonlit Farewell,EU
1099,Nero & Sci: Prodigal Edition,1496,尼罗和赛,Nintendo Switch 2,5000,نعم,,https://www.nintendo.com/en-gb/Games/Nintendo-Switch-download-software/Nero-Sci-Integral-Edition-3097664.html,,,"chinese, english, french, german, japanese, korean, spanish",Néro & Sci ∫ Integral Edition,EU
1100,Cake Bash,1496,奶油蛋糕,Nintendo Switch 2,5000,نعم,https://www.nintendo.com/eu/media/images/11_square_images/games_18/nintendo_switch_download_software/SQ_NSwitchDS_CakeBash_image500w.jpg,https://www.nintendo.com/en-gb/Games/Nintendo-Switch-download-software/Cake-Bash-1849043.html,,,"chinese, english, french, german, italian, japanese, korean, portuguese, russian, spanish",Cake Bash,EU
1101,Do You Even Forklift?,1496,你会操作叉车吗,Nintendo Switch 2,5000,نعم,https://www.nintendo.com/eu/media/images/11_square_images/games_18/nintendo_switch_download_software/SQ_NSwitchDS_EvenTheOcean_image500w.jpg,https://www.nintendo.com/en-gb/Games/Nintendo-Switch-download-software/Even-the-Ocean-1826754.html,,,"chinese, english, german, russian, spanish",Even the Ocean,EU
1102,Biomorph,1496,化形战士,Nintendo Switch,5000,نعم,,https://www.nintendo.com/en-gb/Games/Nintendo-Switch-download-software/BIOMORPH-2788327.html,,,"chinese, english, french, japanese, portuguese",BIOMORPH,EU
1103,The Wild at Heart,1496,狂野之心,Nintendo Switch,5000,نعم,https://www.nintendo.com/eu/media/images/05_packshots/games_13/nintendo_switch_8/PS_NSwitch_TheWildAtHeart_PEGI_image500w.jpg,https://www.nintendo.com/en-gb/Games/Nintendo-Switch-games/The-Wild-at-Heart-2078814.html,,,"chinese, english, french, german, japanese, korean, portuguese, spanish",The Wild at Heart,EU
1104,KAMITSUBAKI CITY ENSEMBLE,1496,神椿市合奏,Nintendo Switch,5000,نعم,,https://www.nintendo.com/en-gb/Games/Nintendo-Switch-download-software/KAMITSUBAKI-CITY-ENSEMBLE-2637994.html,,,"chinese, english, japanese, korean",KAMITSUBAKI CITY ENSEMBLE,EU
1105,Bluey's Quest for the Gold Pen,1496,布鲁伊寻找金笔,Nintendo Switch 2,5000,نعم,,https://www.nintendo.com/en-gb/Games/Nintendo-Switch-games/Bluey-s-Quest-For-The-Gold-Pen-3079114.html,,,"chinese, english, french, german, italian, japanese, korean, portuguese, russian, spanish",Bluey's Quest For The Gold Pen,EU
1106,Final Frontier Story,1496,探险异星物语,Nintendo Switch 2,5000,نعم,,https://www.nintendo.com/en-gb/Games/Nintendo-Switch-download-software/Final-Frontier-Story-2950382.html,,,"chinese, english, japanese, korean",Final Frontier Story,EU
1107,Advance Wars 1+2: Re-Boot Camp,1496,高级战争1+2,Nintendo Switch,7000,نعم,https://www.nintendo.com/eu/media/images/05_packshots/games_13/nintendo_switch_8/PS_NSwitch_AdvanceWars1plus2RebootCamp_PEGI_image500w.jpg,https://www.nintendo.com/en-gb/Games/Nintendo-Switch-games/Advance-Wars-1-2-Re-Boot-Camp-1987406.html,,,"dutch, english, french, german, italian, spanish",Advance Wars 1+2: Re-Boot Camp,EU
1108,BOTI: Byteland Overclocked,1711.6,波提 字节国,Nintendo Switch,6000,نعم,,https://www.nintendo.com/en-gb/Games/Nintendo-Switch-download-software/Boti-Byteland-Overclocked-2729686.html,,,"chinese, english, german, japanese, korean, portuguese, spanish",Boti: Byteland Overclocked,EU
1109,PAC-MAN WORLD Re-Pac,1496,吃豆人,Nintendo Switch,8000,نعم,https://www.nintendo.com/eu/media/images/05_packshots/games_13/nintendo_switch_8/PS_NSwitch_PacManWorldRePac_PEGI_image500w.jpg,https://www.nintendo.com/en-gb/Games/Nintendo-Switch-games/PAC-MAN-WORLD-Re-PAC-2233046.html,,,"english, french, german, italian, russian, spanish",PAC-MAN WORLD Re-PAC,EU
1110,SANABI,1496,闪避刺客,Nintendo Switch,7000,نعم,,https://www.nintendo.com/en-gb/Games/Nintendo-Switch-download-software/SANABI-2479472.html,,,"chinese, english, french, german, japanese, korean, portuguese, russian",SANABI,EU
1111,Tails of Iron,1496,钢铁之尾,Nintendo Switch,5000,نعم,https://www.nintendo.com/eu/media/images/05_packshots/games_13/nintendo_switch_8/PS_NSwitch_TailsOfIron_PEGI_image500w.jpg,https://www.nintendo.com/en-gb/Games/Nintendo-Switch-games/Tails-Of-Iron-2029347.html,,,"chinese, english, french, german, italian, japanese, korean, portuguese, russian, spanish",Tails Of Iron,EU
1112,SaGa Emerald Beyond,1496,沙加 翡翠之境,Nintendo Switch 2,5000,نعم,,https://www.nintendo.com/en-gb/Games/Nintendo-Switch-download-software/SaGa-Emerald-Beyond-2440564.html,,,english,SaGa Emerald Beyond,EU
1113,Mortal Glory 2,1496,荣耀死斗2,Nintendo Switch 2,5000,نعم,,https://www.nintendo.com/en-gb/Games/Nintendo-Switch-download-software/Mortal-Glory-2-2874684.html,,,"chinese, english, french, german, japanese, korean, portuguese",Mortal Glory 2,EU
1114,Override 2: Super Mech League – Ultraman Deluxe Edition,1496,践踏2 超级机甲,Nintendo Switch,8000,نعم,https://www.nintendo.com/eu/media/images/05_packshots/games_13/nintendo_switch_8/PS_NSwitch_Override2SuperMechLeague_PEGI_image500w.jpg,https://www.nintendo.com/en-gb/Games/Nintendo-Switch-games/Override-2-Super-Mech-League-1896115.html,,,"chinese, english, french, german, italian, japanese, korean, portuguese, spanish",Override 2: Super Mech League,EU
1115,Citizen Sleeper 2: Starward Vector,1496,深空梦里,Nintendo Switch 2,5000,نعم,,https://www.nintendo.com/en-gb/Games/Nintendo-Switch-download-software/Citizen-Sleeper-2-Starward-Vector-2710670.html,,,"chinese, english, french, japanese",Citizen Sleeper 2: Starward Vector,EU
1116,Good Job!,1496,Good Job!,Nintendo Switch,5000,نعم,,https://store.nintendo.com.hk/70010000029724,70010000029724,Nintendo,,Good Job!,HK
1117,Kona II: Brume,1496,科纳风暴2,Nintendo Switch,5000,نعم,,https://www.nintendo.com/en-gb/Games/Nintendo-Switch-download-software/Kona-II-Brume-2463825.html,,,"chinese, english, french, german, italian, japanese, korean, russian, spanish",Kona II: Brume,EU
1118,Twilight of Aurora,1496,永恒深渊黄昏,Nintendo Switch 2,5000,نعم,https://www.nintendo.com/eu/media/images/05_packshots/games_13/wiiu_download_software_2/PS_WiiUDS_ChasingAurora_image500w.png,https://www.nintendo.com/en-gb/Games/Wii-U-download-software/Chasing-Aurora-679856.html,,,english,Chasing Aurora,EU
1119,Katana Kami: A Way of the Samurai Story,1496,侍道外传 刀神,Nintendo Switch,7000,نعم,https://www.nintendo.com/eu/media/images/11_square_images/games_18/nintendo_switch_download_software/SQ_NSwitchDS_KatanaKamiAWayOfTheSamuraiStory_image500w.jpg,https://www.nintendo.com/en-gb/Games/Nintendo-Switch-download-software/KATANA-KAMI-A-Way-of-the-Samurai-Story-1729072.html,,,"chinese, english, japanese",KATANA KAMI: A Way of the Samurai Story,EU
1120,Trident's Tale,1496,三叉戟传说,Nintendo Switch,5000,نعم,,https://www.nintendo.com/en-gb/Games/Nintendo-Switch-download-software/Trident-s-Tale-2805531.html,,,"chinese, english, french, german, italian, japanese, korean, portuguese, spanish",Trident's Tale,EU
1121,Sunderfolk,1496,破碎族裔,Nintendo Switch,5000,نعم,,https://www.nintendo.com/en-gb/Games/Nintendo-Switch-download-software/Sunderfolk-2775809.html,,,"chinese, english, french, german, italian, portuguese, spanish",Sunderfolk,EU
1122,Prison Architect,1496,监狱建造师,Nintendo Switch,7000,نعم,https://www.nintendo.com/eu/media/images/11_square_images/games_18/nintendo_switch_download_software/SQ_NSwitchDS_PrisonArchitectNintendoSwitchEdition_image500w.jpg,https://www.nintendo.com/en-gb/Games/Nintendo-Switch-download-software/Prison-Architect-Nintendo-Switch-Edition-1423533.html,,,"chinese, dutch, english, french, german, italian, japanese, portuguese, russian, spanish",Prison Architect: Nintendo Switch Edition,EU
1123,Weko: The Mask Gatherer,1496,面具收集者维科,Nintendo Switch 2,5000,نعم,,https://www.nintendo.com/en-gb/Games/Nintendo-Switch-download-software/Weko-The-Mask-Gatherer-2851808.html,,,"chinese, english, french, japanese, korean, portuguese, russian",Wéko The Mask Gatherer ,EU
1124,even if TEMPEST,3652,even if TEMPEST,Nintendo Switch,9000,نعم,https://www.nintendo.com/eu/media/images/11_square_images/games_18/nintendo_switch_download_software/1x1_NSwitchDS_EvenIfTempest_image500w.jpg,https://www.nintendo.com/en-gb/Games/Nintendo-Switch-download-software/even-if-TEMPEST-2219192.html,,,"english, japanese",even if TEMPEST,EU
1125,The Rewinder,1496,山海旅人,Nintendo Switch,5000,نعم,,https://www.nintendo.com/en-gb/Games/Nintendo-Switch-download-software/The-Rewinder-2417784.html,,,"chinese, english, japanese",The Rewinder,EU
1126,Romancing SaGa -Minstrel Song- Remastered,1711.6,浪漫沙加,Nintendo Switch,9000,نعم,https://www.nintendo.com/eu/media/images/11_square_images/games_18/nintendo_switch_download_software/SQ_NSwitchDS_RomancingSaga2_image500w.jpg,https://www.nintendo.com/en-gb/Games/Nintendo-Switch-download-software/Romancing-SaGa-2-1319093.html,,,english,Romancing SaGa 2,EU
1127,Barbie Horse Trails,1496,芭比马术小径,Nintendo Switch 2,12000,نعم,,https://www.nintendo.com/en-gb/Games/Nintendo-Switch-games/Barbie-Horse-Trails-2905790.html,,,"chinese, dutch, english, french, german, italian, portuguese, spanish",Barbie™ Horse Trails,EU
1128,Dordogne,1496,田园记,Nintendo Switch,5000,نعم,https://www.nintendo.com/eu/media/images/11_square_images/games_18/nintendo_switch_download_software/1x1_NSwitchDS_Dordogne_image500w.jpg,https://www.nintendo.com/en-gb/Games/Nintendo-Switch-download-software/Dordogne-2295582.html,,,"chinese, english, french, german, italian, japanese, korean, portuguese, russian, spanish",Dordogne,EU
1129,LYNKED,1496,超能连结,Nintendo Switch 2,5000,نعم,,https://www.nintendo.com/en-gb/Games/Nintendo-Switch-download-software/Lynked-Banner-of-the-Spark-2910995.html,,,"chinese, english, french, german, italian, japanese, korean, portuguese, spanish",Lynked: Banner of the Spark,EU
1130,Etrian Odyssey I·II·III HD Remaster,1496,世界树的迷宫,Nintendo Switch,7000,نعم,,https://www.nintendo.com/en-gb/Games/Nintendo-Switch-download-software/Etrian-Odyssey-HD-2339228.html,,,"english, french, german, italian, spanish",Etrian Odyssey HD,EU
1131,Cast n Chill,1496,抛竿放松,Nintendo Switch 2,5000,نعم,,https://www.nintendo.com/en-gb/Games/Nintendo-Switch-download-software/Cast-n-Chill-2981237.html,,,"chinese, english, french, german, italian, japanese, korean, portuguese, russian, spanish",Cast n Chill,EU
1132,Picross S: Doraemon & F Characters edition,1496,绘图方块S,Nintendo Switch,8000,نعم,,https://www.nintendo.com/en-gb/Games/Nintendo-Switch-download-software/PICROSS-S-Doraemon-F-Characters-edition-2772022.html,,,"chinese, english, french, german, italian, japanese, korean, portuguese, spanish",PICROSS S Doraemon & F Characters edition,EU
1133,Rogue Legacy 2,1496,盗贼遗产2,Nintendo Switch,7000,نعم,https://www.nintendo.com/eu/media/images/11_square_images/games_18/nintendo_switch_download_software/1x1_NSwitchDS_RogueLegacy2_image500w.jpg,https://www.nintendo.com/en-gb/Games/Nintendo-Switch-download-software/Rogue-Legacy-2-2293550.html,,,"chinese, english, french, german, italian, japanese, korean, portuguese, russian, spanish",Rogue Legacy 2,EU
1134,Date with Devil,1496,魅魔的约会,Nintendo Switch 2,5000,نعم,,https://www.nintendo.com/en-gb/Games/Nintendo-Switch-download-software/Date-with-Devils-2842017.html,,,"chinese, english, french, german, italian, japanese, korean, portuguese, spanish",Date with Devils,EU
1135,Observer: System Redux,1496,观察者 系统还原,Nintendo Switch 2,5000,نعم,,https://www.nintendo.com/en-gb/Games/Nintendo-Switch-2-games/Observer-System-Redux-3110802.html,,,"chinese, english, french, german, italian, japanese, korean, polish, portuguese, russian, spanish",Observer: System Redux,EU
1136,The Wandering Village,1496,漂泊牧歌,Nintendo Switch 2,5000,نعم,,https://www.nintendo.com/en-gb/Games/Nintendo-Switch-download-software/The-Wandering-Village-2796034.html,,,"chinese, english, french, german, italian, japanese, korean, portuguese, russian, spanish",The Wandering Village,EU
1137,Carto,1496,无尽旅图,Nintendo Switch,5000,نعم,https://www.nintendo.com/eu/media/images/11_square_images/games_18/nintendo_switch_download_software/SQ_NSwitchDS_Carto_image500w.jpg,https://www.nintendo.com/en-gb/Games/Nintendo-Switch-download-software/Carto-1859331.html,,,"chinese, english, french, german, japanese, korean, russian, spanish",Carto,EU
1138,Let's School,1496,学园构想家,Nintendo Switch,5000,نعم,,https://www.nintendo.com/en-gb/Games/Nintendo-Switch-download-software/Let-s-School-2582872.html,,,"chinese, english, french, german, japanese, korean, russian",Let's School,EU
1139,Eiyuden Chronicle: Hundred Heroes,1496,百英雄传,Nintendo Switch,7000,نعم,,https://www.nintendo.com/en-gb/Games/Nintendo-Switch-games/Eiyuden-Chronicle-Hundred-Heroes-2445785.html,,,"english, french, german, italian, japanese, portuguese, russian, spanish",Eiyuden Chronicle: Hundred Heroes,EU
1140,Kingdoms of Amalur: Re-Reckoning,1496,阿玛拉王国,Nintendo Switch,5000,نعم,https://www.nintendo.com/eu/media/images/05_packshots/games_13/nintendo_switch_8/PS_NSwitch_KingdomsOfAmalurReReckoning_PEGI_image500w.jpg,https://www.nintendo.com/en-gb/Games/Nintendo-Switch-games/Kingdoms-of-Amalur-Re-Reckoning-1909572.html,,,"chinese, english, french, german, italian, japanese, russian, spanish",Kingdoms of Amalur: Re-Reckoning,EU
1141,Marvel vs. Capcom Fighting Collection: Arcade Classics,1496,漫威大战卡普空,Nintendo Switch,8000,نعم,,https://www.nintendo.com/en-gb/Games/Nintendo-Switch-games/MARVEL-vs-CAPCOM-Fighting-Collection-Arcade-Classics-2640006.html,,,"chinese, english, french, german, italian, japanese, korean, portuguese, russian, spanish",MARVEL vs. CAPCOM Fighting Collection: Arcade Classics,EU
1142,Baten Kaitos I & II HD Remaster,1496,霸天开拓史,Nintendo Switch,7000,نعم,,https://www.nintendo.com/en-gb/Games/Nintendo-Switch-games/Baten-Kaitos-I-II-HD-Remaster-2337916.html,,,"english, french, german, italian, spanish",Baten Kaitos I & II HD Remaster,EU
1143,CrossCode,1496,远星物语,Nintendo Switch,5000,نعم,https://www.nintendo.com/eu/media/images/11_square_images/games_18/nintendo_switch_download_software/SQ_NSwitchDS_CrossCode_image500w.jpg,https://www.nintendo.com/en-gb/Games/Nintendo-Switch-download-software/CrossCode-1501057.html,,,"chinese, english, german, japanese, korean",CrossCode,EU
1144,Just Dance 2023 Edition,1496,舞力全开2023,Nintendo Switch,8000,نعم,https://www.nintendo.com/eu/media/images/migration/games_7/packshot/wii_15/portrait_5/justdance_pegi_image500w.png,https://www.nintendo.com/en-gb/Games/Wii/Just-Dance-281573.html,,,,Just Dance,EU
1145,Cardboard Town,1496,卡牌城镇,Nintendo Switch 2,5000,نعم,,https://www.nintendo.com/en-gb/Games/Nintendo-Switch-download-software/Cardboard-Town-2870711.html,,,"chinese, english, french, german, japanese, korean, portuguese, russian, spanish",Cardboard Town,EU
1146,GINKA,1496,银花,Nintendo Switch,5000,نعم,,,,,,,
1147,Greedy Snake,1496,贪吃蛇,Nintendo Switch,5000,نعم,,https://www.nintendo.com/en-gb/Games/Nintendo-Switch-download-software/Greedy-Snake-2571148.html,,,"chinese, dutch, english, french, german, italian, japanese, korean, portuguese, russian, spanish",Greedy Snake,EU
1148,Pode,1496,星星回家,Nintendo Switch,5000,نعم,https://www.nintendo.com/eu/media/images/11_square_images/games_18/nintendo_switch_download_software/SQ_NSwitchDS_Pode_image500w.jpg,https://www.nintendo.com/en-gb/Games/Nintendo-Switch-download-software/Pode-1389790.html,,,"chinese, english, french, german, italian, japanese, portuguese, russian, spanish",Pode,EU
1149,Wizard of Legend II,1496,巫师传奇2,Nintendo Switch 2,5000,نعم,https://www.nintendo.com/eu/media/images/11_square_images/games_18/nintendo_switch_download_software/SQ_NSwitchDS_WizardOfLegend_image500w.jpg,https://www.nintendo.com/en-gb/Games/Nintendo-Switch-download-software/Wizard-of-Legend-1373662.html,,,"chinese, english, french, german, japanese, korean, russian, spanish",Wizard of Legend,EU
1150,Bear and Breakfast,1496,熊与早餐,Nintendo Switch,5000,نعم,https://www.nintendo.com/eu/media/images/11_square_images/games_18/nintendo_switch_download_software/SQ_NSwitchDS_BearAndBreakfast_image500w.jpg,https://www.nintendo.com/en-gb/Games/Nintendo-Switch-download-software/Bear-and-Breakfast-1822741.html,,,"chinese, english, french, german, japanese, portuguese, spanish",Bear and Breakfast,EU
1151,SEDAP! A Culinary Adventure,1496,猎厨狂欢,Nintendo Switch 2,5000,نعم,,https://www.nintendo.com/en-gb/Games/Nintendo-Switch-download-software/SEDAP-A-Culinary-Adventure-2937925.html,,,"chinese, english, french, german, italian, japanese, korean, portuguese, russian, spanish",SEDAP! A Culinary Adventure,EU
1152,Astrea: Six-Sided Oracles,1496,阿斯特赖亚,Nintendo Switch,5000,نعم,,https://www.nintendo.com/en-gb/Games/Nintendo-Switch-download-software/Astrea-Six-Sided-Oracles-2657037.html,,,"chinese, english, french, german, japanese, portuguese, russian, spanish",Astrea: Six-Sided Oracles,EU
1153,Gimmick! 2,1496,噱头2,Nintendo Switch,5000,نعم,,https://www.nintendo.com/en-gb/Games/Nintendo-Switch-download-software/Gimmick-2-2615797.html,,,"chinese, english, french, german, italian, japanese, korean, spanish",Gimmick! 2,EU
1154,World of Goo,1496,粘粘世界,Nintendo Switch,5000,نعم,https://www.nintendo.com/eu/media/images/05_packshots/games_13/nintendo_switch_8/PS_NSwitch_WorldOfGoo_PEGI_image500w.jpg,https://www.nintendo.com/en-gb/Games/Nintendo-Switch-download-software/World-of-Goo-1207865.html,,,"dutch, english, french, german, italian, spanish",World of Goo,EU
1155,GRIS,1927.2,格瑞丝,Nintendo Switch,9000,نعم,https://www.nintendo.com/eu/media/images/11_square_images/games_18/nintendo_switch_download_software/SQ_NSwitchDS_Gris_image500w.jpg,https://www.nintendo.com/en-gb/Games/Nintendo-Switch-download-software/GRIS-1483920.html,,,"english, french, german, japanese, portuguese, russian, spanish",GRIS,EU
1156,Shogun Showdown,1496,将军对决,Nintendo Switch,5000,نعم,,https://www.nintendo.com/en-gb/Games/Nintendo-Switch-download-software/Shogun-Showdown-2561690.html,,,"chinese, english, french, german, japanese, korean, portuguese, russian, spanish",Shogun Showdown,EU
1157,Sailing Era,1496,风帆纪元,Nintendo Switch,5000,نعم,,https://www.nintendo.com/en-gb/Games/Nintendo-Switch-download-software/Sailing-Era-2418695.html,,,"chinese, english, japanese",Sailing Era,EU
1158,A Street Cat's Tale 2,1496,流浪猫的故事2,Nintendo Switch,5000,نعم,https://www.nintendo.com/eu/media/images/11_square_images/games_18/nintendo_switch_download_software/SQ_NSwitchDS_AStreetCatsTale_image500w.jpg,https://www.nintendo.com/en-gb/Games/Nintendo-Switch-download-software/A-Street-Cat-s-Tale-1732135.html,,,"chinese, english, japanese, korean",A Street Cat's Tale,EU
1159,The Arcana: Dark Cards of Madness,1496,奥秘 黑暗纸牌与疯狂之王,Nintendo Switch 2,5000,نعم,,https://www.nintendo.com/en-gb/Games/Nintendo-Switch-download-software/The-Arcana-Dark-Tarot-Kings-of-Madness-3021857.html,,,"chinese, english, japanese, korean, spanish",The Arcana: Dark Tarot & Kings of Madness,EU
1160,Garden Witch Life,1496,花园女巫的生活,Nintendo Switch,5000,نعم,,https://www.nintendo.com/en-gb/Games/Nintendo-Switch-download-software/Garden-Witch-Life-2576092.html,,,"chinese, english, french, german, italian, japanese, korean, portuguese, spanish",Garden Witch Life,EU
1161,Thank Goodness You're Here!,1496,谢天谢地你来啦,Nintendo Switch,5000,نعم,,https://www.nintendo.com/en-gb/Games/Nintendo-Switch-download-software/Thank-Goodness-You-re-Here--2604294.html,,,"chinese, english, french, german, japanese, korean, portuguese, russian, spanish",Thank Goodness You're Here!,EU
1162,Kingdom Hearts,1496,王国之心,Nintendo Switch,8000,نعم,,https://www.nintendo.com/en-gb/Games/Nintendo-Switch-2-games/KINGDOM-HEARTS-IV-3112504.html,,,"english, french, german, italian, spanish",KINGDOM HEARTS IV,EU
1163,Ys Memoire: The Oath in Felghana,1711.6,伊苏回忆录 菲尔加纳的誓约,Nintendo Switch,6000,نعم,,https://www.nintendo.com/en-gb/Games/Nintendo-Switch-games/Ys-Memoire-The-Oath-in-Felghana-2684991.html,,,english,Ys Memoire: The Oath in Felghana,EU
1164,Clive 'N' Wrench,1496,猴兔大作战,Nintendo Switch,5000,نعم,https://www.nintendo.com/eu/media/images/11_square_images/games_18/nintendo_switch_5/1x1_NSwitch_CliveNWrench_image500w.jpg,https://www.nintendo.com/en-gb/Games/Nintendo-Switch-games/Clive-N-Wrench-2330925.html,,,"chinese, dutch, english, french, german, japanese, korean, portuguese, spanish",Clive 'N' Wrench,EU
1165,LEGO Worlds,1496,乐高世界,Nintendo Switch,8000,نعم,https://www.nintendo.com/eu/media/images/05_packshots/games_13/nintendo_switch_8/PS_NSwitch_LegoWorlds_PEGI_image500w.jpg,https://www.nintendo.com/en-gb/Games/Nintendo-Switch-games/LEGO-Worlds-1255094.html,,,"chinese, dutch, english, french, german, italian, japanese, korean, portuguese, russian, spanish",LEGO® Worlds,EU
1166,Storyteller,1496,讲述者,Nintendo Switch,5000,نعم,https://www.nintendo.com/eu/media/images/11_square_images/games_18/nintendo_switch_download_software/1x1_NSwitchDS_Storyteller_image500w.jpg,https://www.nintendo.com/en-gb/Games/Nintendo-Switch-download-software/Storyteller-2297348.html,,,"chinese, english, french, german, italian, japanese, korean, portuguese, russian, spanish",Storyteller,EU
1167,Ogu and the Secret Forest,1496,奥咕和秘密森林,Nintendo Switch,5000,نعم,,https://www.nintendo.com/en-gb/Games/Nintendo-Switch-download-software/Ogu-and-the-Secret-Forest-2802276.html,,,"chinese, english, french, german, italian, japanese, korean, portuguese, russian, spanish",Ogu and the Secret Forest,EU
1168,Whisper of the House,1496,呓语小镇,Nintendo Switch 2,5000,نعم,,https://www.nintendo.com/en-gb/Games/Nintendo-Switch-download-software/Whisper-of-the-House-3118943.html,,,"chinese, english, french, german, japanese, korean, portuguese, spanish",Whisper of the House,EU
1169,Spelunker Party!,1496,全民挖掘,Nintendo Switch,5000,نعم,https://www.nintendo.com/eu/media/images/11_square_images/games_18/nintendo_switch_download_software/SQ_NSwitchDS_SpelunkerParty_image500w.jpg,https://www.nintendo.com/en-gb/Games/Nintendo-Switch-download-software/Spelunker-Party--1289569.html,,,english,Spelunker Party!,EU
1170,Headbangers: Rhythm Royale,1496,摇头鸽 节奏,Nintendo Switch,5000,نعم,,https://www.nintendo.com/en-gb/Games/Nintendo-Switch-download-software/Headbangers-Rhythm-Royale-2403658.html,,,"chinese, english, french, german, italian, japanese, korean, portuguese, russian, spanish",Headbangers Rhythm Royale,EU
1171,KIBORG,1496,虐杀熔炉,Nintendo Switch 2,5000,نعم,,https://www.nintendo.com/en-gb/Games/Nintendo-Switch-download-software/KIBORG-2969573.html,,,"chinese, english, french, german, italian, japanese, korean, portuguese, russian, spanish",KIBORG,EU
1172,Selfy Collection,1496,SELFY系列,Nintendo Switch,5000,نعم,https://www.nintendo.com/eu/media/images/11_square_images/games_18/nintendo_switch_download_software/SQ_NSwitchDS_SelfyCollectionTheDreamFashionStylist_image500w.jpg,https://www.nintendo.com/en-gb/Games/Nintendo-Switch-download-software/SELFY-COLLECTION-The-dream-fashion-stylist--1845584.html,,,"english, japanese",SELFY COLLECTION The dream fashion stylist!,EU
1173,Nexomon: Extinction,1496,尼可梦 灭绝,Nintendo Switch,5000,نعم,https://www.nintendo.com/eu/media/images/05_packshots/games_13/nintendo_switch_8/PS_NSwitch_NexomonExtinction_PEGI_image500w.png,https://www.nintendo.com/en-gb/Games/Nintendo-Switch-games/Nexomon-Extinction-1815617.html,,,"english, french, german, italian, portuguese, russian, spanish",Nexomon: Extinction,EU
1174,Aquatic Life: Fish Simulator RPG,1496,水生生活,Nintendo Switch,5000,نعم,,https://www.nintendo.com/en-gb/Games/Nintendo-Switch-download-software/Aquatic-Life-Fish-Simulator-RPG-2706032.html,,,english,Aquatic Life: Fish Simulator RPG,EU
1175,DoDonPachi SaiDaiOuJou,1496,怒首领蜂最大往生,Nintendo Switch,5000,نعم,,https://www.nintendo.com/en-gb/Games/Nintendo-Switch-download-software/DODONPACHI-SAIDAIOUJOU-2757185.html,,,japanese,DODONPACHI SAIDAIOUJOU,EU
1176,DoDonPachi DaiOuJou,1496,怒首领蜂大往生,Nintendo Switch,5000,نعم,https://www.nintendo.com/eu/media/images/11_square_images/games_18/nintendo_switch_download_software/SQ_NSwitchDS_DoDonPachiResurrection_image500w.jpg,https://www.nintendo.com/en-gb/Games/Nintendo-Switch-download-software/DoDonPachi-Resurrection-2081552.html,,,"english, japanese",DoDonPachi Resurrection,EU
1177,Herdling,1496,牧群之旅,Nintendo Switch 2,5000,نعم,,https://www.nintendo.com/en-gb/Games/Nintendo-Switch-download-software/Herdling-2887758.html,,,"chinese, english, french, german, italian, japanese, korean, portuguese, russian, spanish",Herdling,EU
1178,Code: Realize ~Future Blessings~,1496,祝福的未来,Nintendo Switch 2,5000,نعم,https://www.nintendo.com/eu/media/images/11_square_images/games_18/nintendo_switch_5/SQ_NSwitch_CodeRealizeFutureBlessings_image500w.jpg,https://www.nintendo.com/en-gb/Games/Nintendo-Switch-games/Code-Realize-Future-Blessings--1752654.html,,,english,Code: Realize ~Future Blessings~,EU
1179,Olympia Soiree,1496,奥林匹亚的晚宴,Nintendo Switch 2,5000,نعم,https://www.nintendo.com/eu/media/images/05_packshots/games_13/nintendo_switch_8/PS_NSwitch_OlympiaSoiree_PEGI_image500w.jpg,https://www.nintendo.com/en-gb/Games/Nintendo-Switch-games/Olympia-Soiree-2020527.html,,,english,Olympia Soirée,EU
1180,Slime Heroes,1496,史莱姆英雄,Nintendo Switch 2,5000,نعم,,https://www.nintendo.com/en-gb/Games/Nintendo-Switch-download-software/Slime-Heroes-2886524.html,,,"chinese, english, french, german, italian, japanese, korean, portuguese, russian, spanish",Slime Heroes,EU
1181,The Perfect Pencil,1496,神来之笔,Nintendo Switch 2,5000,نعم,,https://www.nintendo.com/en-gb/Games/Nintendo-Switch-download-software/The-Perfect-Pencil-2989137.html,,,"chinese, english, italian, portuguese, russian, spanish",The Perfect Pencil,EU
1182,Cassette Beasts,1496,磁带妖怪,Nintendo Switch,5000,نعم,,https://www.nintendo.com/en-gb/Games/Nintendo-Switch-download-software/Cassette-Beasts-2383755.html,,,"chinese, english, french, german, italian, japanese, korean, portuguese, spanish",Cassette Beasts,EU
1183,Demonschool,1496,恶魔学校,Nintendo Switch 2,5000,نعم,,https://www.nintendo.com/en-gb/Games/Nintendo-Switch-download-software/Demonschool-2889967.html,,,"chinese, english, french, japanese, spanish",Demonschool,EU
1184,Greyhill Incident,1496,灰丘事件,Nintendo Switch 2,5000,نعم,,https://www.nintendo.com/en-gb/Games/Nintendo-Switch-download-software/Greyhill-Incident-Re-probed-Edition-3017961.html,,,"chinese, english, french, german, italian, japanese, polish, portuguese, spanish",Greyhill Incident Re-probed Edition,EU
1185,Bad North,1496,残酷北方,Nintendo Switch,5000,نعم,https://www.nintendo.com/eu/media/images/11_square_images/games_18/nintendo_switch_download_software/SQ_NSwitchDS_BadNorth_image500w.jpg,https://www.nintendo.com/en-gb/Games/Nintendo-Switch-download-software/Bad-North-1423739.html,,,"chinese, english, french, german, italian, japanese, korean, portuguese, russian, spanish",Bad North,EU
1186,The Centennial Case: A Shijima Story,1496,春逝百年抄,Nintendo Switch,5000,نعم,https://www.nintendo.com/eu/media/images/11_square_images/games_18/nintendo_switch_download_software/1x1_NSwitchDS_TheCentennialCaseAShijimaStory_image500w.jpg,https://www.nintendo.com/en-gb/Games/Nintendo-Switch-download-software/The-Centennial-Case-A-Shijima-Story-2205574.html,,,"chinese, english, french, german, italian, japanese, korean, spanish",The Centennial Case: A Shijima Story,EU
1187,Lost in Loss,1496,迷失在失落中,Nintendo Switch 2,5000,نعم,,https://www.nintendo.com/en-gb/Games/Nintendo-Switch-download-software/Lost-in-Loss-2877987.html,,,"chinese, english, french, german, japanese, korean, russian",Lost in Loss,EU
1188,Outbound,1496,车居绿活,Nintendo Switch 2,5000,نعم,,https://www.nintendo.com/en-gb/Games/Nintendo-Switch-2-games/Outbound-3037837.html,,,"chinese, dutch, english, french, german, italian, japanese, korean, polish, portuguese, russian, spanish",Outbound,EU
1189,Islanders: New Shores,1496,岛民 新天地,Nintendo Switch 2,5000,نعم,,https://www.nintendo.com/en-gb/Games/Nintendo-Switch-download-software/ISLANDERS-New-Shores-2851402.html,,,"chinese, english, french, german, italian, japanese, korean, portuguese, russian, spanish",ISLANDERS: New Shores,EU
1190,Curse of the Dead Gods,1496,无间冥寺,Nintendo Switch,5000,نعم,https://www.nintendo.com/eu/media/images/11_square_images/games_18/nintendo_switch_download_software/SQ_NSwitchDS_CurseOfTheDeadGods_image500w.jpg,https://www.nintendo.com/en-gb/Games/Nintendo-Switch-download-software/Curse-of-the-Dead-Gods-1914512.html,,,"chinese, english, french, german, italian, japanese, korean, portuguese, russian, spanish",Curse of the Dead Gods,EU
1191,DORAEMON: Nobita's New Dinosaur,1496,哆啦A梦 大雄的新恐龙,Nintendo Switch,8000,نعم,https://www.nintendo.com/eu/media/images/05_packshots/games_13/nintendo_switch_8/PS_NSwitch_DoraemonStoryOfSeasons_image500w.jpg,https://www.nintendo.com/en-gb/Games/Nintendo-Switch-games/Doraemon-Story-of-Seasons-1654203.html,,,"english, french, german, italian, spanish",Doraemon Story of Seasons,EU
1192,To the Moon,1496,去月球,Nintendo Switch,5000,نعم,https://www.nintendo.com/eu/media/images/migration/games_7/packshot/nintendods_1/square_5/PS_Moon_enGB_rdax_90x81_image500w.png,https://www.nintendo.com/en-gb/Games/Nintendo-DS/Moon-271738.html,,,,Moon,EU
1193,Dinosaur Survival: Prehistoric RPG,1496,恐龙生存,Nintendo Switch 2,5000,نعم,,https://www.nintendo.com/en-gb/Games/Nintendo-Switch-download-software/Dinosaur-Survival-Simulator-Prehistoric-RPG-3028220.html,,,english,Dinosaur Survival Simulator - Prehistoric RPG,EU
1194,Broforce,1496,武装原型,Nintendo Switch,7000,نعم,https://www.nintendo.com/eu/media/images/11_square_images/games_18/nintendo_switch_download_software/SQ_NSwitchDS_Broforce_image500w.jpg,https://www.nintendo.com/en-gb/Games/Nintendo-Switch-download-software/Broforce-1433995.html,,,"english, french, german, italian, japanese, korean, portuguese, spanish",Broforce,EU
1195,The Aquarium Does Not Dance,1496,水族馆不会跳舞,Nintendo Switch 2,5000,نعم,,https://www.nintendo.com/en-gb/Games/Nintendo-Switch-download-software/The-Aquarium-does-not-dance-2866625.html,,,"chinese, english, japanese, korean",The Aquarium does not dance,EU
1196,Highwater,1496,水隐之城,Nintendo Switch,5000,نعم,,https://www.nintendo.com/en-gb/Games/Nintendo-Switch-download-software/Highwater-2534233.html,,,"chinese, english, french, german, italian, japanese, korean, portuguese, spanish",Highwater,EU
1197,Rubber Bandits,1496,橡胶强盗,Nintendo Switch 2,5000,نعم,https://www.nintendo.com/eu/media/images/11_square_images/games_18/nintendo_switch_download_software/1x1_NSwitchDS_RubberBandits_image500w.jpg,https://www.nintendo.com/en-gb/Games/Nintendo-Switch-download-software/Rubber-Bandits-2320509.html,,,"chinese, english, french, german, italian, japanese, korean, portuguese, russian, spanish",Rubber Bandits,EU
1198,Tetris Forever,1496,俄罗斯方块 Forever,Nintendo Switch,8000,نعم,,https://www.nintendo.com/en-gb/Games/Nintendo-Switch-download-software/Tetris-Forever-2682406.html,,,"chinese, english, french, german, italian, japanese, korean, spanish",Tetris® Forever,EU
1199,Tinykin,1496,小眷灵,Nintendo Switch,7000,نعم,https://www.nintendo.com/eu/media/images/11_square_images/games_18/nintendo_switch_download_software/1x1_NSwitchDS_Tinykin_image500w.jpg,https://www.nintendo.com/en-gb/Games/Nintendo-Switch-download-software/Tinykin-2257048.html,,,"chinese, english, french, german, japanese, portuguese, russian, spanish",Tinykin,EU
1200,Sun Haven,1496,太阳港,Nintendo Switch,7000,نعم,,https://www.nintendo.com/en-gb/Games/Nintendo-Switch-download-software/Sun-Haven-2715065.html,,,"chinese, dutch, english, french, german, italian, japanese, korean, portuguese, russian, spanish",Sun Haven,EU
1201,The Nameless: Slay Dragon,1496,无名者 屠龙,Nintendo Switch 2,5000,نعم,,https://www.nintendo.com/en-gb/Games/Nintendo-Switch-download-software/The-Nameless-Slay-Dragon-2893844.html,,,"chinese, english, japanese, korean",The Nameless: Slay Dragon,EU
1202,Moncage,1496,笼中窥梦,Nintendo Switch 2,5000,نعم,https://www.nintendo.com/eu/media/images/11_square_images/games_18/nintendo_switch_download_software/1x1_NSwitchDS_Moncage_image500w.jpg,https://www.nintendo.com/en-gb/Games/Nintendo-Switch-download-software/Moncage-2268636.html,,,"chinese, english, german, japanese, korean, portuguese, spanish",Moncage,EU
1203,Everlasting Flowers,1496,永恒之花,Nintendo Switch,5000,نعم,https://www.nintendo.com/eu/media/images/11_square_images/games_18/nintendo_switch_download_software/SQ_NSwitchDS_DemoniacaEverlastingNight_image500w.jpg,https://www.nintendo.com/en-gb/Games/Nintendo-Switch-download-software/Demoniaca-Everlasting-Night-2102698.html,,,"chinese, english, italian, russian, spanish",Demoniaca: Everlasting Night,EU
1204,Bramble: The Mountain King,1496,布兰博 山之王,Nintendo Switch,5000,نعم,,https://www.nintendo.com/en-gb/Games/Nintendo-Switch-games/Bramble-The-Mountain-King-2341085.html,,,"chinese, english, french, german, italian, japanese, portuguese, russian, spanish",Bramble: The Mountain King,EU
1205,The Gardens Between,1496,花园之间,Nintendo Switch,5000,نعم,https://www.nintendo.com/eu/media/images/11_square_images/games_18/nintendo_switch_download_software/SQ_NSwitchDS_TheGardensBetween_image500w.jpg,https://www.nintendo.com/en-gb/Games/Nintendo-Switch-download-software/The-Gardens-Between-1423649.html,,,"chinese, dutch, english, french, german, italian, japanese, korean, portuguese, russian, spanish",The Gardens Between,EU
1206,Gorogoa,1496,画中世界,Nintendo Switch,7000,نعم,https://www.nintendo.com/eu/media/images/11_square_images/games_18/nintendo_switch_download_software/SQ_NSwitchDS_Gorogoa_image500w.jpg,https://www.nintendo.com/en-gb/Games/Nintendo-Switch-download-software/Gorogoa-1318474.html,,,"dutch, english, french, german, italian, japanese, russian, spanish",Gorogoa,EU
1207,Run for Money: The Great Mission,1496,逃走中 大任务,Nintendo Switch,5000,نعم,,https://www.nintendo.com/en-gb/Games/Nintendo-Switch-download-software/-Run-for-Money-Hunter-VS-Runner-Which-Side-Will-You-Win--3011167.html,,,"english, japanese","""Run for Money"": Hunter VS Runner! Which Side Will You Win!?",EU
1208,Death's Door,1496,死亡之门,Nintendo Switch,7000,نعم,https://www.nintendo.com/eu/media/images/11_square_images/games_18/nintendo_switch_download_software/SQ_NSwitchDS_DeathsDoor_image500w.jpg,https://www.nintendo.com/en-gb/Games/Nintendo-Switch-download-software/Death-s-Door-2076629.html,,,"chinese, english, french, german, japanese, korean, portuguese, russian, spanish",Death's Door,EU
1209,Labyrinth City: Pierre the Maze Detective,1496,迷宫大侦探,Nintendo Switch,5000,نعم,https://www.nintendo.com/eu/media/images/11_square_images/games_18/nintendo_switch_download_software/SQ_NSwitchDS_LabyrinthCityPierreTheMazeDetective_image500w.jpg,https://www.nintendo.com/en-gb/Games/Nintendo-Switch-download-software/Labyrinth-City-Pierre-the-Maze-Detective-1951279.html,,,"chinese, english, french, german, italian, japanese, korean, russian, spanish",Labyrinth City: Pierre the Maze Detective,EU
1210,Forestrike,1496,预视武宗,Nintendo Switch 2,5000,نعم,,https://www.nintendo.com/en-gb/Games/Nintendo-Switch-download-software/Forestrike-2951453.html,,,"chinese, english, french, german, japanese, korean, portuguese, russian, spanish",Forestrike,EU
1211,Cozy Grove,1496,和睦森林,Nintendo Switch,7000,نعم,https://www.nintendo.com/eu/media/images/11_square_images/games_18/nintendo_switch_download_software/SQ_NSwitchDS_CozyGrove_image500w.jpg,https://www.nintendo.com/en-gb/Games/Nintendo-Switch-download-software/Cozy-Grove-1943931.html,,,"chinese, dutch, english, french, german, italian, japanese, korean, portuguese, russian, spanish",Cozy Grove,EU
1212,Dinkum,1496,金垦小镇,Nintendo Switch 2,7000,نعم,,https://www.nintendo.com/en-gb/Games/Nintendo-Switch-download-software/Dinkum-2910938.html,,,"chinese, english, french, german, italian, japanese, korean, portuguese, russian, spanish",Dinkum,EU
1213,Mary Skelter: Nightmares,1496,神狱塔 断罪玛丽,Nintendo Switch,5000,نعم,https://www.nintendo.com/eu/media/images/11_square_images/games_18/nintendo_switch_download_software/SQ_NSwitchDS_MarySkelter2_image500w.jpg,https://www.nintendo.com/en-gb/Games/Nintendo-Switch-download-software/Mary-Skelter-2-1621029.html,,,english,Mary Skelter 2,EU
1214,Moving Out,1496,胡闹搬家,Nintendo Switch,7000,نعم,,https://store.nintendo.com.hk/70010000029910,70010000029910,Team17,中文,Moving Out,HK
1215,Reus 2,1496,造物主2,Nintendo Switch 2,5000,نعم,,https://www.nintendo.com/en-gb/Games/Nintendo-Switch-download-software/Reus-2-2930206.html,,,"chinese, english, french, german, portuguese, russian, spanish",Reus 2,EU
1216,Expeditions: A MudRunner Game,1711.6,远征 泥泞奔驰,Nintendo Switch,7000,نعم,,https://www.nintendo.com/en-gb/Games/Nintendo-Switch-games/Expeditions-A-MudRunner-Game-2521958.html,,,"chinese, english, french, german, italian, japanese, korean, portuguese, russian, spanish",Expeditions: A MudRunner Game,EU
1217,Fantasy Aquarium,1496,幻想鱼箱,Nintendo Switch 2,5000,نعم,,https://www.nintendo.com/en-gb/Games/Nintendo-Switch-download-software/Fantasy-Aquarium-2958146.html,,,"chinese, english, japanese",Fantasy Aquarium,EU
1218,Romancing SaGa 2,1711.6,浪漫沙加2,Nintendo Switch,9000,نعم,https://www.nintendo.com/eu/media/images/11_square_images/games_18/nintendo_switch_download_software/SQ_NSwitchDS_RomancingSaga2_image500w.jpg,https://www.nintendo.com/en-gb/Games/Nintendo-Switch-download-software/Romancing-SaGa-2-1319093.html,,,english,Romancing SaGa 2,EU
1219,Dokapon Kingdom: Connect,1496,多卡波王国,Nintendo Switch,7000,نعم,,https://www.nintendo.com/en-gb/Games/Nintendo-Switch-games/Dokapon-Kingdom-Connect-2358201.html,,,english,Dokapon Kingdom Connect,EU
1220,Nicktoons & The Dice of Destiny,1496,尼克通与命运之骰,Nintendo Switch 2,5000,نعم,,https://www.nintendo.com/en-gb/Games/Nintendo-Switch-games/Nicktoons-The-Dice-of-Destiny-2909674.html,,,"dutch, english, french, german, italian, spanish",Nicktoons & The Dice of Destiny,EU
1221,Heian-kyo Story,1496,平安古都物语,Nintendo Switch,5000,نعم,https://www.nintendo.com/eu/media/images/05_packshots/games_13/nintendo_3ds_6/PS_3DS_HometownStory_PEGI3_image500w.png,https://www.nintendo.com/en-gb/Games/Nintendo-3DS-games/Hometown-Story-859460.html,,,"english, french, german",Hometown Story,EU
1222,Outpath,1496,浮岛新世界,Nintendo Switch 2,5000,نعم,,https://www.nintendo.com/en-gb/Games/Nintendo-Switch-download-software/Outpath-3022836.html,,,"chinese, english, french, german, italian, japanese, korean, polish, portuguese, russian, spanish",Outpath,EU
1223,Asfalia: Panic at the Mansion,1496,阿斯法利亚 豪宅惊魂,Nintendo Switch 2,5000,نعم,,https://www.nintendo.com/en-gb/Games/Nintendo-Switch-download-software/Asfalia-Panic-at-the-Mansion-2928822.html,,,"chinese, english, french, german, japanese, portuguese, russian, spanish",Asfalia: Panic at the Mansion,EU
1224,Of Blades & Tails,1496,刀锋与尾巴,Nintendo Switch 2,5000,نعم,,https://www.nintendo.com/en-gb/Games/Nintendo-Switch-download-software/Of-Blades-Tails-2946121.html,,,"chinese, english, french, german, japanese, korean, portuguese, russian, spanish",Of Blades & Tails,EU
1225,Cat Rescue Story,1496,救猫物语,Nintendo Switch,5000,نعم,,https://www.nintendo.com/en-gb/Games/Nintendo-Switch-games/Cat-Rescue-Story-2661966.html,,,"chinese, dutch, english, french, german, italian, japanese, korean, portuguese, russian, spanish",Cat Rescue Story,EU
1226,LAIKA: Aged Through Blood,1496,莱卡 鲜血铸就,Nintendo Switch,5000,نعم,,https://www.nintendo.com/en-gb/Games/Nintendo-Switch-download-software/Laika-Aged-Through-Blood-2737413.html,,,"chinese, english, french, german, japanese, korean, russian, spanish",Laika: Aged Through Blood,EU
1227,DEEMO,1496,古树旋律,Nintendo Switch,7000,نعم,,https://store.nintendo.com.hk/70010000013723,70010000013723,Flyhigh Works,中文,DEEMO,HK
1228,LUNAR Remastered Collection,1496,露娜,Nintendo Switch,5000,نعم,,https://www.nintendo.com/en-gb/Games/Nintendo-Switch-games/LUNAR-Remastered-Collection-2745132.html,,,"english, french, german, japanese",LUNAR Remastered Collection,EU
1229,Orphans,1496,孤儿,Nintendo Switch,5000,نعم,,https://www.nintendo.com/en-gb/Games/Nintendo-Switch-download-software/Orphans-2807042.html,,,"chinese, english, french, german, italian, japanese, portuguese, russian, spanish",Orphans,EU
1230,Elderand,1496,埃尔德朗,Nintendo Switch,5000,نعم,https://www.nintendo.com/eu/media/images/11_square_images/games_18/nintendo_switch_download_software/1x1_NSwitchDS_Elderand_image500w.jpg,https://www.nintendo.com/en-gb/Games/Nintendo-Switch-download-software/Elderand-2326804.html,,,"chinese, english, french, german, italian, portuguese, russian, spanish",Elderand,EU
1231,Iron Meat,1496,钢铁之躯,Nintendo Switch,5000,نعم,,https://www.nintendo.com/en-gb/Games/Nintendo-Switch-games/Iron-Meat-2643788.html,,,"chinese, english, french, german, italian, japanese, korean, portuguese, russian, spanish",Iron Meat,EU
1232,Truck Driver: Gold Edition,1496,卡车司机 黄金版,Nintendo Switch 2,5000,نعم,https://www.nintendo.com/eu/media/images/05_packshots/games_13/nintendo_switch_8/PS_NSwitch_TruckDriver_PEGI_image500w.jpg,https://www.nintendo.com/en-gb/Games/Nintendo-Switch-games/Truck-Driver-1878617.html,,,"chinese, dutch, english, french, german, italian, japanese, korean, portuguese, russian, spanish",Truck Driver,EU
1233,Rune Factory 3 Special,1496,符文工房3,Nintendo Switch,7000,نعم,https://www.nintendo.com/eu/media/images/11_square_images/games_18/nintendo_switch_5/1x1_NSwitch_RuneFactory3Special_image500w.jpg,https://www.nintendo.com/en-gb/Games/Nintendo-Switch-games/Rune-Factory-3-Special-2264974.html,,,"english, french, german, spanish",Rune Factory 3 Special,EU
1234,Aragami 2,1496,荒神2,Nintendo Switch,5000,نعم,https://www.nintendo.com/eu/media/images/05_packshots/games_13/nintendo_switch_8/PS_NSwitch_Aragami2_image500w.jpg,https://www.nintendo.com/en-gb/Games/Nintendo-Switch-games/Aragami-2-2285228.html,,,"english, french, german, portuguese, russian, spanish",Aragami 2,EU
1235,Momotaro Dentetsu World,1496,桃太郎电铁 世界,Nintendo Switch,7000,نعم,,https://www.nintendo.com/en-gb/Games/Nintendo-Switch-download-software/Fairytale-Theatre-Momotaro-s-Adventure-2502293.html,,,"english, japanese",Fairytale Theatre-Momotaro's Adventure-,EU
1236,Monster Sanctuary,1496,怪物庇护所,Nintendo Switch,5000,نعم,https://www.nintendo.com/eu/media/images/11_square_images/games_18/nintendo_switch_download_software/SQ_NSwitchDS_MonsterSanctuary_image500w.jpg,https://www.nintendo.com/en-gb/Games/Nintendo-Switch-download-software/Monster-Sanctuary-1872240.html,,,"chinese, english, french, german, italian, japanese, portuguese, russian, spanish",Monster Sanctuary,EU
1237,From Space,1496,霓虹入侵者,Nintendo Switch,5000,نعم,https://www.nintendo.com/eu/media/images/11_square_images/games_18/nintendo_switch_download_software/1x1_NSwitchDS_SpaceRaidersInSpace_image500w.jpg,https://www.nintendo.com/en-gb/Games/Nintendo-Switch-download-software/Space-Raiders-in-Space-2271049.html,,,english,Space Raiders in Space,EU
1238,Train Life: A Railway Simulator,1496,火车生活 铁路模拟,Nintendo Switch,5000,نعم,https://www.nintendo.com/eu/media/images/11_square_images/games_18/nintendo_switch_5/1x1_NSwitch_TrainLifeARailwaySimulator_image500w.jpg,https://www.nintendo.com/en-gb/Games/Nintendo-Switch-games/Train-Life-A-Railway-Simulator-2330370.html,,,"chinese, dutch, english, french, german, italian, japanese, portuguese, russian, spanish",Train Life : A Railway Simulator,EU
1239,Shadow Corridor 2,1496,影之回廊2,Nintendo Switch,5000,نعم,,https://www.nintendo.com/en-gb/Games/Nintendo-Switch-download-software/Shadow-Corridor-2-2685056.html,,,"chinese, english, japanese, korean",Shadow Corridor 2,EU
1240,Magical Delicacy,1496,魔法餐作室,Nintendo Switch,5000,نعم,,https://www.nintendo.com/en-gb/Games/Nintendo-Switch-download-software/Magical-Delicacy-2629002.html,,,"chinese, english, french, german, japanese, spanish",Magical Delicacy,EU
1241,Braid: Anniversary Edition,1496,时空幻境 周年纪念版,Nintendo Switch,5000,نعم,,https://www.nintendo.com/en-gb/Games/Nintendo-Switch-download-software/Braid-Anniversary-Edition-2479777.html,,,"chinese, english, french, german, italian, japanese, korean, portuguese, spanish","Braid, Anniversary Edition",EU
1242,Zombiewood,1496,僵尸之地,Nintendo Switch,5000,نعم,,,,,,,
1243,Chillin' by the Fire,1496,篝火悠然,Nintendo Switch 2,5000,نعم,,https://www.nintendo.com/en-gb/Games/Nintendo-Switch-2-games/Chillin-by-the-Fire-2881358.html,,,"chinese, english, french, german, italian, japanese, korean, portuguese, spanish",Chillin' by the Fire,EU
1244,Machi Koro,1496,大家一起骰子街,Nintendo Switch,5000,نعم,,https://www.nintendo.com/en-gb/Games/Nintendo-Switch-download-software/MACHI-KORO-With-Everyone-2589697.html,,,"chinese, dutch, english, french, german, japanese, korean, spanish",MACHI KORO With Everyone,EU
1245,Meteorfall: Krumit's Tale,1496,星陨传说,Nintendo Switch 2,5000,نعم,,https://www.nintendo.com/en-gb/Games/Nintendo-Switch-download-software/Meteorfall-Krumit-s-Tale-2922809.html,,,"chinese, english, japanese, korean, russian, spanish",Meteorfall: Krumit's Tale,EU
1246,Fatal Zone,1496,致命区域,Nintendo Switch 2,5000,نعم,https://www.nintendo.com/eu/media/images/11_square_images/games_18/nintendo_3ds_download_software_8/SQ_3DSDS_FatalFracture_image500w.jpg,https://www.nintendo.com/en-gb/Games/Nintendo-3DS-download-software/Fatal-Fracture-1686932.html,,,english,Fatal Fracture,EU
1247,Noctuary,1496,梦灯花,Nintendo Switch 2,5000,نعم,,,,,,,
1248,Terra Memoria,1496,泰拉往事,Nintendo Switch,5000,نعم,,https://www.nintendo.com/en-gb/Games/Nintendo-Switch-download-software/Terra-Memoria-2544516.html,,,"chinese, english, french, german, japanese, korean, portuguese, spanish",Terra Memoria,EU
1249,The Wild Age,1496,狂野时代,Nintendo Switch 2,5000,نعم,,https://www.nintendo.com/en-gb/Games/Nintendo-Switch-download-software/The-Wild-Age-2929742.html,,,"chinese, english, french, german, italian, japanese, korean, portuguese, russian, spanish",The Wild Age,EU
1250,MAMIYA – A Shared Illusion of the World's End,1496,世界灭亡共有幻想 马米娅,Nintendo Switch 2,5000,نعم,,https://www.nintendo.com/en-gb/Games/Nintendo-Switch-download-software/MAMIYA-A-Shared-Illusion-of-the-World-s-End-3108720.html,,,"chinese, english, japanese",MAMIYA - A Shared Illusion of the World's End -,EU
1251,Spirit Mancer,1496,魂宠猎人,Nintendo Switch,5000,نعم,,https://www.nintendo.com/en-gb/Games/Nintendo-Switch-games/Spirit-Mancer-2693059.html,,,"chinese, english, french, german, japanese, portuguese, spanish",Spirit Mancer,EU
1252,Cozy Tiny Home,1496,舒适的小房子,Nintendo Switch 2,5000,نعم,,https://www.nintendo.com/en-gb/Games/Nintendo-Switch-download-software/Cozy-Tiny-Home-2954993.html,,,"english, japanese",Cozy Tiny Home,EU
1253,METAL SUITS: Counter-attack,1496,铁血机甲 反攻,Nintendo Switch,5000,نعم,,https://www.nintendo.com/en-gb/Games/Nintendo-Switch-download-software/METAL-SUITS-Counter-attack-2739095.html,,,"chinese, english, french, german, japanese, korean, portuguese, russian, spanish",METAL SUITS: Counter-attack,EU
1254,Chicken Police – Into the HIVE!,1496,公鸡神探 深入蜂巢,Nintendo Switch 2,5000,نعم,,https://www.nintendo.com/en-gb/Games/Nintendo-Switch-download-software/Chicken-Police-Into-the-HIVE--2953754.html,,,"chinese, english, french, german, japanese, korean, portuguese, russian, spanish",Chicken Police: Into the HIVE!,EU
1255,Card-en-Ciel,1496,天穹卡牌,Nintendo Switch 2,5000,نعم,,https://www.nintendo.com/en-gb/Games/Nintendo-Switch-download-software/Card-en-Ciel-2648460.html,,,"chinese, english, french, german, italian, japanese, korean, portuguese, spanish",Card-en-Ciel,EU
1256,Nightmare: The Lunatic,1496,噩梦 疯子,Nintendo Switch 2,5000,نعم,,https://www.nintendo.com/en-gb/Games/Nintendo-Switch-download-software/Nightmare-The-Lunatic-2968740.html,,,"english, french, german, italian, portuguese, russian, spanish",Nightmare: The Lunatic,EU
1257,DOKAPON! Sword of Fury,1496,多卡波 愤怒,Nintendo Switch,7000,نعم,,https://www.nintendo.com/en-gb/Games/Nintendo-Switch-download-software/DOKAPON-Sword-of-Fury-2804363.html,,,"english, japanese",DOKAPON! Sword of Fury,EU
1258,A Perfect Day,1496,完美的一天,Nintendo Switch,5000,نعم,,https://www.nintendo.com/en-gb/Games/Nintendo-Switch-download-software/A-Perfect-Day-2458948.html,,,"chinese, english, japanese",A Perfect Day,EU
1259,The Oregon Trail,1496,俄勒冈之旅,Nintendo Switch,5000,نعم,https://www.nintendo.com/eu/media/images/11_square_images/games_18/nintendo_switch_download_software/1x1_NSwitchDS_TheOregonTrail_image500w.jpg,https://www.nintendo.com/en-gb/Games/Nintendo-Switch-download-software/The-Oregon-Trail-2301126.html,,,"chinese, dutch, english, french, german, italian, japanese, korean, portuguese, russian, spanish",The Oregon Trail,EU
1260,Europa,1496,欧罗巴,Nintendo Switch,5000,نعم,,https://www.nintendo.com/en-gb/Games/Nintendo-Switch-download-software/Europa-2556247.html,,,"chinese, english, french, german, italian, japanese, portuguese, spanish",Europa,EU
1261,Wanderstop,1496,漫游停靠,Nintendo Switch 2,5000,نعم,,https://www.nintendo.com/en-gb/Games/Nintendo-Switch-download-software/Wanderstop-3115569.html,,,"chinese, english, french, german, italian, japanese, korean, portuguese, spanish",Wanderstop,EU
1262,Nordic Ashes: The Complete Saga,1496,北欧灰烬,Nintendo Switch 2,5000,نعم,,https://www.nintendo.com/en-gb/Games/Nintendo-Switch-games/Nordic-Ashes-The-Complete-Saga-2971414.html,,,"chinese, dutch, english, french, german, italian, japanese, korean, polish, portuguese, russian, spanish",Nordic Ashes: The Complete Saga,EU
1263,Caravan SandWitch,1496,漫漫长路 沙,Nintendo Switch,5000,نعم,,https://www.nintendo.com/en-gb/Games/Nintendo-Switch-download-software/Caravan-SandWitch-2638958.html,,,"chinese, english, french, german, japanese, korean, portuguese, spanish",Caravan SandWitch,EU
1264,Sonic Colours: Ultimate,1496,索尼克缤纷,Nintendo Switch,8000,نعم,https://www.nintendo.com/eu/media/images/05_packshots/games_13/nintendo_switch_8/PS_NSwitch_SonicColoursUltimate_PEGI_image500w.jpg,https://www.nintendo.com/en-gb/Games/Nintendo-Switch-games/Sonic-Colours-Ultimate-2014880.html,,,"english, french, german, italian, japanese, russian, spanish",Sonic Colours: Ultimate,EU
1265,Dance with Devils,1496,与魔共舞,Nintendo Switch,5000,نعم,https://www.nintendo.com/eu/media/images/migration/games_7/packshot/wii_15/portrait_5/justdance_pegi_image500w.png,https://www.nintendo.com/en-gb/Games/Wii/Just-Dance-281573.html,,,,Just Dance,EU
1266,REVIVAL: Recolonization,1496,废土帝国,Nintendo Switch 2,5000,نعم,,https://www.nintendo.com/en-gb/Games/Nintendo-Switch-download-software/Revival-Recolonization-2956687.html,,,"chinese, english, french, german, japanese, korean, russian",Revival: Recolonization,EU
1267,Strikeforce Heroes,1496,战火英雄,Nintendo Switch 2,5000,نعم,https://www.nintendo.com/eu/media/images/migration/games_7/packshot/wii_15/portrait_5/PS_Wii_NoMoreHeroes_pegi_rdax_90x127_image500w.png,https://www.nintendo.com/en-gb/Games/Wii/No-More-Heroes-282475.html,,,,No More Heroes,EU
1268,Maximus 2,1496,街头角斗士,Nintendo Switch,5000,نعم,https://www.nintendo.com/eu/media/images/11_square_images/games_18/nintendo_switch_download_software/1x1_NSwitchDS_Maximus2_image500w.jpg,https://www.nintendo.com/en-gb/Games/Nintendo-Switch-download-software/Maximus-2-2311367.html,,,"chinese, english, portuguese, russian",Maximus 2,EU
1269,Blade Chimera,1496,幻刃奇美拉,Nintendo Switch,5000,نعم,,https://www.nintendo.com/en-gb/Games/Nintendo-Switch-download-software/BLADECHIMERA-2478720.html,,,"chinese, english, french, german, italian, japanese, korean, spanish",BLADECHIMERA,EU
1270,Garden Story,1496,花园物语,Nintendo Switch,7000,نعم,https://www.nintendo.com/eu/media/images/11_square_images/games_18/nintendo_switch_download_software/SQ_NSwitchDS_GardenStory_image500w.jpg,https://www.nintendo.com/en-gb/Games/Nintendo-Switch-download-software/Garden-Story-1821737.html,,,"chinese, english, french, german, italian, japanese, korean, portuguese, russian, spanish",Garden Story,EU
1271,The House in Fata Morgana,1711.6,海市蜃楼之馆,Nintendo Switch,6000,نعم,https://www.nintendo.com/eu/media/images/11_square_images/games_18/nintendo_switch_download_software/SQ_NSwitchDS_TheHouseInFataMorgana_image500w.jpg,https://www.nintendo.com/en-gb/Games/Nintendo-Switch-download-software/The-House-in-Fata-Morgana-Dreams-of-the-Revenants-Edition-1946935.html,,,english,The House in Fata Morgana: Dreams of the Revenants Edition,EU
1272,Operation: Tango,1496,行动代号 探戈,Nintendo Switch,5000,نعم,,https://www.nintendo.com/en-gb/Games/Nintendo-Switch-download-software/Operation-Tango-2620773.html,,,"chinese, english, french, german, italian, japanese, korean, portuguese, russian, spanish",Operation: Tango,EU
1273,Shikurai no Bouken Meshi,1496,食尸者的冒险饭,Nintendo Switch,5000,لا — يابانية/صينية,https://www.nintendo.com/eu/media/images/11_square_images/games_18/nintendo_switch_download_software/SQ_NSwitchDS_ArcadeArchivesPistolDaimyoNoBouken_image500w.jpg,https://www.nintendo.com/en-gb/Games/Nintendo-Switch-download-software/Arcade-Archives-PISTOL-DAIMYO-NO-BOUKEN-2164374.html,,,"english, french, german, italian, japanese, spanish",Arcade Archives PISTOL DAIMYO NO BOUKEN,EU
1274,Gal Guardians: Servants of the Dark,1496,少女魔役,Nintendo Switch,5000,نعم,,https://www.nintendo.com/en-gb/Games/Nintendo-Switch-download-software/Gal-Guardians-Servants-of-the-Dark-2769330.html,,,"chinese, english, french, german, italian, japanese, korean, portuguese, spanish",Gal Guardians: Servants of the Dark,EU
1275,Azure Striker Gunvolt Trilogy Enhanced,1496,苍蓝雷霆 三稜合极版,Nintendo Switch,7000,نعم,,https://www.nintendo.com/en-gb/Games/Nintendo-Switch-download-software/Azure-Striker-Gunvolt-Trilogy-Enhanced-2879733.html,,,"chinese, english, french, german, italian, japanese, korean, portuguese, spanish",Azure Striker Gunvolt Trilogy Enhanced,EU
1276,Diluvian Winds,1496,洪流之风,Nintendo Switch 2,5000,نعم,,https://www.nintendo.com/en-gb/Games/Nintendo-Switch-download-software/Diluvian-Winds-2867166.html,,,"chinese, english, french, german, japanese, korean, portuguese, spanish",Diluvian Winds,EU
1277,JUST DANCE 2024 EDITION,1496,舞力全开 2024,Nintendo Switch,8000,نعم,https://www.nintendo.com/eu/media/images/migration/games_7/packshot/wii_15/portrait_5/justdance_pegi_image500w.png,https://www.nintendo.com/en-gb/Games/Wii/Just-Dance-281573.html,,,,Just Dance,EU
1278,Eternights,1496,永夜,Nintendo Switch,5000,نعم,,https://www.nintendo.com/en-gb/Games/Nintendo-Switch-download-software/Eternights-2642508.html,,,"chinese, english, french, german, italian, japanese, korean, portuguese, spanish",Eternights,EU
1279,Ninja Issen,1496,忍者一闪,Nintendo Switch,5000,نعم,,https://www.nintendo.com/en-gb/Games/Nintendo-Switch-download-software/Ninja-Issen-The-Scroll-of-Dimension-2745365.html,,,"chinese, english, japanese, korean",Ninja Issen (忍者一閃) : The Scroll of Dimension,EU
1280,The Plucky Squire,1496,勇敢小骑士,Nintendo Switch,7000,نعم,,https://www.nintendo.com/en-gb/Games/Nintendo-Switch-download-software/The-Plucky-Squire-2650334.html,,,"chinese, english, french, german, japanese, korean, portuguese, russian, spanish",The Plucky Squire,EU
1281,Vigil: The Longest Night,1496,守夜人 长夜,Nintendo Switch,5000,نعم,https://www.nintendo.com/eu/media/images/11_square_images/games_18/nintendo_switch_download_software/SQ_NSwitchDS_VigilTheLongestNight_image500w.jpg,https://www.nintendo.com/en-gb/Games/Nintendo-Switch-download-software/Vigil-The-Longest-Night-1847072.html,,,"chinese, english, german, japanese, korean, portuguese, russian, spanish",Vigil: The Longest Night,EU
1282,DYSMANTLE,1496,摧毁,Nintendo Switch,7000,نعم,https://www.nintendo.com/eu/media/images/11_square_images/games_18/nintendo_switch_download_software/1x1_NSwitchDS_Dysmantle_image500w.jpg,https://www.nintendo.com/en-gb/Games/Nintendo-Switch-download-software/DYSMANTLE-2189853.html,,,"chinese, english, french, german, italian, japanese, korean, portuguese, russian, spanish",DYSMANTLE,EU
1283,Snow Bros. Wonderland,1496,雪人兄弟 仙境,Nintendo Switch,5000,نعم,,https://www.nintendo.com/en-gb/Games/Nintendo-Switch-games/Snow-Bros-Wonderland-2699463.html,,,"chinese, english, french, german, italian, japanese, korean, spanish",Snow Bros. Wonderland,EU
1284,Sonic Wings Reunion,1496,四国战机 重聚,Nintendo Switch,8000,نعم,,https://www.nintendo.com/en-gb/Games/Nintendo-Switch-games/Sonic-Wings-Reunion-2928993.html,,,"chinese, english, french, german, japanese, korean, portuguese, spanish",Sonic Wings Reunion,EU
1285,Songs of Conquest,1496,征服之歌,Nintendo Switch,5000,نعم,,https://www.nintendo.com/en-gb/Games/Nintendo-Switch-games/Songs-of-Conquest-2858651.html,,,"chinese, english, french, german, italian, japanese, korean, portuguese, russian, spanish",Songs of Conquest,EU
1286,Pro Wrestler Story,1496,摔角擂台物语,Nintendo Switch,5000,نعم,,https://www.nintendo.com/en-gb/Games/Nintendo-Switch-download-software/Pro-Wrestler-Story-2746268.html,,,"chinese, english, japanese, korean",Pro Wrestler Story,EU
1287,Pocky & Rocky Reshrined,1496,奇奇怪界 黑斗篷之谜,Nintendo Switch,5000,نعم,https://www.nintendo.com/eu/media/images/11_square_images/games_18/nintendo_switch_5/1x1_NSwitch_PockyAndRockyReshrined_image500w.jpg,https://www.nintendo.com/en-gb/Games/Nintendo-Switch-games/Pocky-Rocky-Reshrined-2223124.html,,,"chinese, english, french, german, japanese, korean",Pocky & Rocky Reshrined,EU
1288,Voice of Cards: The Forsaken Maiden,1496,卡牌之声 残,Nintendo Switch,5000,نعم,https://www.nintendo.com/eu/media/images/11_square_images/games_18/nintendo_switch_download_software/SQ_NSwitchDS_VoiceOfCardsTheForsakenMaiden_image500w.jpg,https://www.nintendo.com/en-gb/Games/Nintendo-Switch-download-software/Voice-of-Cards-The-Forsaken-Maiden-2166806.html,,,"english, french, german, italian, japanese, spanish",Voice of Cards: The Forsaken Maiden,EU
1289,Voidwrought,1496,星穹遗迹,Nintendo Switch,5000,نعم,,https://www.nintendo.com/en-gb/Games/Nintendo-Switch-download-software/Voidwrought-2664557.html,,,"chinese, english, french, german, japanese, korean, portuguese, russian, spanish",Voidwrought,EU
1290,Record of Lodoss War: Deedlit in Wonder Labyrinth,1496,罗德斯岛战记,Nintendo Switch,5000,نعم,https://www.nintendo.com/eu/media/images/11_square_images/games_18/nintendo_switch_download_software/SQ_NSwitchDS_RecordOfLodossWarDeedlitInWonderLabyrinth_image500w.jpg,https://www.nintendo.com/en-gb/Games/Nintendo-Switch-download-software/Record-of-Lodoss-War-Deedlit-in-Wonder-Labyrinth-2156914.html,,,"chinese, english, french, german, italian, japanese, korean, portuguese, russian, spanish",Record of Lodoss War -Deedlit in Wonder Labyrinth-,EU
1291,Asfalia: The Cranky Volcano,1496,阿斯法利亚,Nintendo Switch 2,5000,نعم,,https://www.nintendo.com/en-gb/Games/Nintendo-Switch-download-software/Asfalia-The-Cranky-Volcano-2928996.html,,,"chinese, english, french, german, japanese, portuguese, russian, spanish",Asfalia: The Cranky Volcano,EU
1292,The Coma 3: Bloodline,1496,昏迷3 血脉,Nintendo Switch 2,5000,نعم,,https://www.nintendo.com/en-gb/Games/Nintendo-Switch-download-software/The-Coma-3-Bloodlines-3119054.html,,,"chinese, english, french, german, japanese, korean, russian",The Coma 3: Bloodlines,EU
1293,Dead Darkness,1496,至暗死境,Nintendo Switch 2,5000,نعم,,https://www.nintendo.com/en-gb/Games/Nintendo-Switch-download-software/Dead-of-Darkness-2848168.html,,,"chinese, english, french, german, italian, russian, spanish",Dead of Darkness,EU
1294,Time Treker,1496,绝境使者,Nintendo Switch 2,5000,نعم,,https://www.nintendo.com/en-gb/Games/Nintendo-Switch-download-software/Time-Treker-2912354.html,,,"chinese, english, french, german, italian, japanese, korean, portuguese, russian, spanish",Time Treker,EU
1295,Clover Reset,1496,幸运四叶,Nintendo Switch 2,5000,نعم,,https://www.nintendo.com/en-gb/Games/Nintendo-Switch-download-software/Clover-Reset-3037222.html,,,"chinese, english, japanese",Clover Reset,EU
1296,FRONT MISSION 1st: Remake,1496,雷霆任务1,Nintendo Switch,5000,نعم,https://www.nintendo.com/eu/media/images/11_square_images/games_18/nintendo_switch_download_software/SQ_NSwitchDS_FrontMission1stRemake_image500w.jpg,https://www.nintendo.com/en-gb/Games/Nintendo-Switch-download-software/FRONT-MISSION-1st-Remake-2171006.html,,,"chinese, english, french, german, italian, japanese, portuguese, spanish",FRONT MISSION 1st: Remake,EU
1297,Knights of Braveland,1496,勇敢之地骑,Nintendo Switch,5000,نعم,https://www.nintendo.com/eu/media/images/11_square_images/games_18/nintendo_switch_download_software/SQ_NSwitchDS_BravelandTrilogy_image500w.jpg,https://www.nintendo.com/en-gb/Games/Nintendo-Switch-download-software/Braveland-Trilogy-1517164.html,,,"chinese, english, french, german, italian, portuguese, russian, spanish",Braveland Trilogy,EU
1298,Escape Ever After,1496,逃出从此以后,Nintendo Switch 2,5000,نعم,,https://www.nintendo.com/en-gb/Games/Nintendo-Switch-download-software/Escape-from-Ever-After-3001775.html,,,"chinese, english, japanese, portuguese, russian, spanish",Escape from Ever After,EU
1299,Elrentaros Wanderings,1496,艾伦塔罗斯,Nintendo Switch,5000,نعم,,https://www.nintendo.com/en-gb/Games/Nintendo-Switch-download-software/Elrentaros-Wanderings-2594487.html,,,english,Elrentaros Wanderings,EU
1300,Yuritachi Goumaden,1496,百合太刀,Nintendo Switch 2,5000,لا — يابانية/صينية,,,,,,,
1301,Harukanaru Toki no Naka de 7,1496,遥远时空7,Nintendo Switch 2,5000,نعم,https://www.nintendo.com/eu/media/images/05_packshots/games_13/nintendo_switch_8/PS_NSwitch_Toki_PEGI_image500w.jpg,https://www.nintendo.com/en-gb/Games/Nintendo-Switch-games/Toki-1478644.html,,,"dutch, english, french, german, italian, portuguese, spanish",Toki,EU
1302,Sumikko Gurashi: Let's Party,1711.6,角落小伙伴 来派对,Nintendo Switch,6000,لا — يابانية/صينية,,https://www.nintendo.com/en-gb/Games/Nintendo-Switch-download-software/Sumikkogurashi-Create-a-Wonderful-Sumikko-Island--2963876.html,,,"chinese, english, japanese, korean",Sumikkogurashi Create a Wonderful Sumikko Island!,EU
1303,DRAGON QUEST X Offline,1496,勇者斗恶龙10 目醒的五个种族,Nintendo Switch,8000,نعم,https://www.nintendo.com/eu/media/images/11_square_images/games_18/nintendo_switch_download_software/SQ_NSwitchDS_DragonQuest_image500w.jpg,https://www.nintendo.com/en-gb/Games/Nintendo-Switch-download-software/DRAGON-QUEST-1646624.html,,,"chinese, english, korean",DRAGON QUEST,EU
1304,Simon the Sorcerer Origins,1496,魔法师西蒙 起源,Nintendo Switch 2,5000,نعم,,https://www.nintendo.com/en-gb/Games/Nintendo-Switch-games/Simon-the-Sorcerer-Origins-2884080.html,,,"chinese, english, french, german, italian, japanese, korean, portuguese, russian, spanish",Simon the Sorcerer Origins,EU
1305,Griftlands,1496,欺诈之地,Nintendo Switch,5000,نعم,https://www.nintendo.com/eu/media/images/11_square_images/games_18/nintendo_switch_download_software/SQ_NSwitchDS_Griftlands_image500w.jpg,https://www.nintendo.com/en-gb/Games/Nintendo-Switch-download-software/Griftlands-1864803.html,,,"chinese, english, french, german, japanese, korean, portuguese, russian, spanish",Griftlands,EU
1306,Nikoderiko: The Magical World,1496,尼克德里科,Nintendo Switch,5000,نعم,,https://www.nintendo.com/en-gb/Games/Nintendo-Switch-download-software/Nikoderiko-The-Magical-World-2670536.html,,,"chinese, english, french, german, italian, japanese, portuguese, russian, spanish",Nikoderiko: The Magical World,EU
1307,Romancing SaGa 3,1496,浪漫沙加3,Nintendo Switch,8000,نعم,https://www.nintendo.com/eu/media/images/11_square_images/games_18/nintendo_switch_download_software/SQ_NSwitchDS_RomancingSaga3_image500w.jpg,https://www.nintendo.com/en-gb/Games/Nintendo-Switch-download-software/Romancing-SaGa-3-1673819.html,,,"english, japanese",Romancing SaGa 3,EU
1308,Ritual of Raven,1496,乌鸦的仪式,Nintendo Switch 2,5000,نعم,,https://www.nintendo.com/en-gb/Games/Nintendo-Switch-download-software/Ritual-of-Raven-2880890.html,,,"chinese, english, french, german, japanese, korean, portuguese, spanish",Ritual of Raven,EU
1309,My Time at Sandrock,1496,沙石镇时光,Nintendo Switch,7000,نعم,,https://www.nintendo.com/en-gb/Games/Nintendo-Switch-games/My-Time-at-Sandrock-2370306.html,,,"chinese, english, french, german, italian, japanese, portuguese, russian, spanish",My Time at Sandrock,EU
1310,Uncle Chop's Rocket Shop,1496,叔叔乔普的火箭店,Nintendo Switch,5000,نعم,,https://www.nintendo.com/en-gb/Games/Nintendo-Switch-download-software/Uncle-Chop-s-Rocket-Shop-2703610.html,,,"chinese, english, french, german, italian, japanese, russian, spanish",Uncle Chop's Rocket Shop,EU
1311,Is This Seat Taken?,1496,这个座位有人吗,Nintendo Switch,5000,نعم,,https://www.nintendo.com/en-gb/Games/Nintendo-Switch-download-software/Is-This-Seat-Taken-2887930.html,,,"chinese, english, french, german, japanese, portuguese, russian, spanish",Is This Seat Taken?,EU
1312,Upin & Ipin Universe,1496,优宾和怡宾,Nintendo Switch,5000,نعم,,https://www.nintendo.com/en-gb/Games/Nintendo-Switch-download-software/Upin-Ipin-Universe-2866280.html,,,english,Upin & Ipin Universe,EU
1313,Fire Emblem Warriors,1496,火焰纹章无双,Nintendo Switch,8000,نعم,https://www.nintendo.com/eu/media/images/05_packshots/games_13/new_nintendo_3ds_6/PS_N3DS_FireEmblemWarriors_UKV_image500w.jpg,https://www.nintendo.com/en-gb/Games/New-Nintendo-3DS/Fire-Emblem-Warriors-1175329.html,,,"english, french, german, italian, spanish",Fire Emblem Warriors,EU
1314,Harvest Moon: The Winds of Anthos,1496,牧场物语 丰饶之地,Nintendo Switch,7000,نعم,,https://www.nintendo.com/en-gb/Games/Nintendo-Switch-games/Harvest-Moon-The-Winds-of-Anthos-2431244.html,,,"chinese, english, french, german, spanish",Harvest Moon: The Winds of Anthos,EU
1315,The Town of Nie,1496,祭品小镇,Nintendo Switch,5000,نعم,,https://www.nintendo.com/en-gb/Games/Nintendo-Switch-download-software/The-Town-of-Nie-2643284.html,,,"chinese, english, japanese",The Town of Nie,EU
1316,Dungeons 4,1496,地下城4,Nintendo Switch,5000,نعم,,https://www.nintendo.com/en-gb/Games/Nintendo-Switch-games/Dungeons-4-Nintendo-Switch-Edition-2664319.html,,,"chinese, english, french, german, italian, japanese, korean, portuguese, russian, spanish",Dungeons 4 - Nintendo Switch™ Edition,EU
1317,Path of Mystery: Brush with Death,1496,谜路 鸣美,Nintendo Switch 2,5000,نعم,,https://www.nintendo.com/en-gb/Games/Nintendo-Switch-games/Path-of-Mystery-A-Brush-with-Death-3010812.html,,,"chinese, english",Path of Mystery: A Brush with Death,EU
1318,Xuan-Yuan Sword: Mists Beyond the Mountains,1496,轩辕剑叁 云和山的彼端,Nintendo Switch,5000,نعم,,https://www.nintendo.com/en-gb/Games/Nintendo-Switch-download-software/Xuan-Yuan-Sword-Mists-Beyond-the-Mountains-2475744.html,,,"chinese, english, japanese",Xuan Yuan Sword: Mists Beyond the Mountains,EU
1319,Winning Post 10 2025,1496,赛马大亨,Nintendo Switch,5000,نعم,,https://www.nintendo.com/en-gb/Games/Nintendo-Switch-download-software/10-Seconds-to-Win--2504280.html,,,"english, portuguese",10 Seconds to Win!,EU
1320,Rogue Waters,1496,恶棍水域,Nintendo Switch,5000,نعم,,https://www.nintendo.com/en-gb/Games/Nintendo-Switch-download-software/Rogue-Waters-2764379.html,,,"chinese, english, french, german, italian, japanese, korean, portuguese, russian, spanish",Rogue Waters,EU
1321,Dungeon Minesweeper,1496,贪婪地城,Nintendo Switch 2,5000,نعم,,https://www.nintendo.com/en-gb/Games/Nintendo-Switch-download-software/Dungeon-Minesweeper-2937927.html,,,"chinese, dutch, english, french, german, italian, japanese, korean, portuguese, russian, spanish",Dungeon Minesweeper,EU
1322,ILA: A Frosty Glide,1496,ILA 霜冻,Nintendo Switch 2,5000,نعم,,https://www.nintendo.com/en-gb/Games/Nintendo-Switch-download-software/ILA-A-Frosty-Glide-2942762.html,,,"chinese, english, french, german, italian, japanese, korean, portuguese, russian, spanish",ILA: A Frosty Glide,EU
1323,LOOP8: Summer of Gods,1496,LOOP8 降神,Nintendo Switch,5000,نعم,,https://www.nintendo.com/en-gb/Games/Nintendo-Switch-games/Loop8-Summer-of-Gods-2339788.html,,,"english, french, german, japanese, spanish",Loop8: Summer of Gods,EU
1324,Spidersaurs,1496,蜘蛛龙,Nintendo Switch 2,5000,نعم,https://www.nintendo.com/eu/media/images/11_square_images/games_18/nintendo_switch_download_software/1x1_NSwitchDS_Spidersaurs_image500w.jpg,https://www.nintendo.com/en-gb/Games/Nintendo-Switch-download-software/Spidersaurs-2240567.html,,,english,Spidersaurs,EU
1325,Sumikkogurashi Create a Wonderful Sumikko Island!,1496,角落小伙伴 小岛,Nintendo Switch 2,5000,نعم,,https://www.nintendo.com/en-gb/Games/Nintendo-Switch-download-software/Sumikkogurashi-Create-a-Wonderful-Sumikko-Island--2963876.html,,,"chinese, english, japanese, korean",Sumikkogurashi Create a Wonderful Sumikko Island!,EU
1326,Death Mask,1496,死亡面具,Nintendo Switch 2,5000,لا — يابانية/صينية,,https://www.nintendo.com/en-gb/Games/Nintendo-Switch-download-software/Death-Mask-2890833.html,,,"chinese, english, japanese",Death Mask,EU
1327,Fuyuzono no Ikenie,2574,冬园的祭贄,Nintendo Switch 2,8000,لا — يابانية/صينية,,,,,,,
1328,Renai 0 Kilometer,1496,恋爱0公里,Nintendo Switch 2,5000,لا — يابانية/صينية,https://www.nintendo.com/eu/media/images/11_square_images/games_18/nintendo_switch_download_software/SQ_NSwitchDS_640_image500w.jpg,https://www.nintendo.com/en-gb/Games/Nintendo-Switch-download-software/64-0-1669525.html,,,"chinese, dutch, english, french, german, italian, japanese, korean, portuguese, russian, spanish",64.0,EU
1329,I Am Future: Cozy Apocalypse Survival,1496,我是未来,Nintendo Switch 2,5000,نعم,,https://www.nintendo.com/en-gb/Games/Nintendo-Switch-download-software/I-Am-Future-Cozy-Apocalypse-Survival-2995002.html,,,"chinese, english, french, german, japanese, korean, portuguese, russian, spanish",I Am Future: Cozy Apocalypse Survival,EU
1330,Atelier Lydie & Suelle: The Alchemists and the Mysterious Paintings,1496,莉蒂与丝尔,Nintendo Switch,8000,نعم,https://www.nintendo.com/eu/media/images/05_packshots/games_13/nintendo_switch_8/PS_NSwitch_AtelierLydieSuelleTheAlchemistsAndTheMysteriousPaintings_PEGI_1_image500w.jpg,https://www.nintendo.com/en-gb/Games/Nintendo-Switch-games/Atelier-Lydie-Suelle-The-Alchemists-and-the-Mysterious-Paintings--1358150.html,,,english,Atelier Lydie & Suelle ~The Alchemists and the Mysterious Paintings~,EU
1331,Digimon Story Cyber Sleuth: Hacker's Memory,1496,数码宝贝故事 黑客记忆,Nintendo Switch,8000,نعم,https://www.nintendo.com/eu/media/images/05_packshots/games_13/nintendo_switch_8/PS_NSwitch_Packshot_DigimonStoryCyberSleuthCompleteEdition_UKV_image500w.jpg,https://www.nintendo.com/en-gb/Games/Nintendo-Switch-games/Digimon-Story-Cyber-Sleuth-Complete-Edition-1657633.html,,,"english, german",Digimon Story Cyber Sleuth: Complete Edition,EU
1332,Rolling Star,1496,滚动之星,Nintendo Switch 2,5000,نعم,,https://www.nintendo.com/en-gb/Games/Nintendo-Switch-download-software/THE-Rolling-Rolling-Rolling-Rice-Ball-3179501.html,,,"english, japanese",THE Rolling Rolling Rolling Rice Ball,EU
1333,Swords & Soldiers II: Shawarmageddon,1496,剑与勇士2,Nintendo Switch,5000,نعم,https://www.nintendo.com/eu/media/images/11_square_images/games_18/nintendo_switch_download_software/SQ_NSwitchDS_SwordsSoldiers2Shawarmageddon_image500w.jpg,https://www.nintendo.com/en-gb/Games/Nintendo-Switch-download-software/Swords-Soldiers-2-Shawarmageddon-1515660.html,,,"chinese, dutch, english, french, german, portuguese, russian, spanish",Swords & Soldiers 2 Shawarmageddon,EU
1334,C.A.R.D.S. RPG: The Misty Battlefield,1496,雾隐战记,Nintendo Switch,5000,نعم,,https://www.nintendo.com/en-gb/Games/Nintendo-Switch-download-software/C-A-R-D-S-RPG-The-Misty-Battlefield-2555827.html,,,"chinese, english, french, german, italian, japanese, portuguese, spanish",C.A.R.D.S. RPG: The Misty Battlefield,EU
1335,Day of the Shell,1496,晶骸之日,Nintendo Switch 2,5000,نعم,,https://www.nintendo.com/en-gb/Games/Nintendo-Switch-download-software/Day-of-the-Shell-2865014.html,,,"chinese, english, french, german, japanese, korean, russian, spanish",Day of the Shell,EU
1336,Brigandine: The Legend of Runersia,1496,幻想大陆战记,Nintendo Switch,7000,نعم,,https://store.nintendo.com.hk/70010000029271,70010000029271,Justdan,中文,Brigandine The Legend of Runersia,HK
1337,GetsuFumaDen: Undying Moon,1496,月风魔传,Nintendo Switch,5000,نعم,https://www.nintendo.com/eu/media/images/11_square_images/games_18/nintendo_switch_download_software/SQ_NSwitchDS_GetsuFumaDenUndyingMoon_image500w.jpg,https://www.nintendo.com/en-gb/Games/Nintendo-Switch-download-software/GetsuFumaDen-Undying-Moon-1951317.html,,,"chinese, english, french, german, italian, japanese, korean, portuguese, spanish",GetsuFumaDen: Undying Moon,EU
1338,Little Cozy Home,1496,温馨小屋,Nintendo Switch 2,5000,نعم,,https://www.nintendo.com/en-gb/Games/Nintendo-Switch-download-software/Little-Cozy-Home-2994509.html,,,"chinese, english, french, german, italian, japanese, korean, spanish",Little Cozy Home,EU
1339,Becastled,1496,城堡,Nintendo Switch 2,5000,نعم,,https://www.nintendo.com/en-gb/Games/Nintendo-Switch-download-software/Becastled-2918653.html,,,"chinese, english, french, german, japanese, portuguese, spanish",Becastled,EU
1340,Cabernet,1496,午夜赤霞,Nintendo Switch,5000,نعم,,https://www.nintendo.com/en-gb/Games/Nintendo-Switch-download-software/Cabernet-2746637.html,,,"chinese, english, german, spanish",Cabernet,EU
1341,Mineko's Night Market,1496,峰子的夜市,Nintendo Switch,5000,نعم,https://www.nintendo.com/eu/media/images/11_square_images/games_18/nintendo_switch_download_software/SQ_NSwitchDS_MinekosNightMarket_image500w.jpg,https://www.nintendo.com/en-gb/Games/Nintendo-Switch-download-software/Mineko-s-Night-Market-1436984.html,,,"chinese, english, french, german, japanese, korean, russian, spanish",Mineko's Night Market,EU
1342,Knights and Bikes,1496,骑士与单车,Nintendo Switch 2,5000,نعم,https://www.nintendo.com/eu/media/images/11_square_images/games_18/nintendo_switch_download_software/SQ_NSwitchDS_KnightsAndBikes_image500w.jpg,https://www.nintendo.com/en-gb/Games/Nintendo-Switch-download-software/Knights-and-Bikes-1711262.html,,,english,Knights and Bikes,EU
1343,Tiny Bookshop,1496,小小书店,Nintendo Switch 2,5000,نعم,,https://www.nintendo.com/en-gb/Games/Nintendo-Switch-download-software/Tiny-Bookshop-2888547.html,,,"chinese, english, french, german, japanese, russian, spanish",Tiny Bookshop,EU
1344,A Game About Digging A Hole,1496,掘地求财,Nintendo Switch 2,5000,نعم,,https://www.nintendo.com/en-gb/Games/Nintendo-Switch-download-software/A-Game-About-Digging-A-Hole--2937672.html,,,"chinese, english, french, german, italian, japanese, korean, portuguese, russian, spanish",A Game About Digging A Hole™,EU
1345,Goodnight Universe,1496,晚安宇宙,Nintendo Switch 2,5000,نعم,,https://www.nintendo.com/en-gb/Games/Nintendo-Switch-download-software/Goodnight-Universe-2995004.html,,,"chinese, english, french, german, japanese, portuguese, spanish",Goodnight Universe,EU
1346,Outlanders,1496,异乡人,Nintendo Switch 2,5000,نعم,,https://www.nintendo.com/en-gb/Games/Nintendo-Switch-download-software/Outlanders-2936158.html,,,"chinese, dutch, english, french, german, italian, japanese, korean, portuguese, russian, spanish",Outlanders,EU
1347,Codename: Ocean Keeper,1496,代号 海洋守卫,Nintendo Switch,5000,نعم,,https://www.nintendo.com/en-gb/Games/Nintendo-Switch-download-software/Codename-Ocean-Keeper-2734046.html,,,"chinese, english, french, german, italian, japanese, korean, portuguese, russian, spanish",Codename: Ocean Keeper,EU
1348,Roots of Pacha,1496,柏查的根源,Nintendo Switch,5000,نعم,,https://www.nintendo.com/en-gb/Games/Nintendo-Switch-download-software/Roots-of-Pacha-2476644.html,,,"chinese, english, french, german, japanese, portuguese, russian, spanish",Roots of Pacha,EU
1349,Kiniro no Hidamari to Kimi no Tonari,1496,金色阳光,Nintendo Switch 2,5000,نعم,,,,,,,
1350,Sophia the Traveler,1496,旅人苏菲亚,Nintendo Switch,5000,نعم,,https://www.nintendo.com/en-gb/Games/Nintendo-Switch-download-software/Sophia-the-Traveler-2543941.html,,,"chinese, english, german, italian, japanese, korean, spanish",Sophia the Traveler,EU
1351,Root Film,1496,方根胶卷,Nintendo Switch 2,5000,نعم,https://www.nintendo.com/eu/media/images/05_packshots/games_13/nintendo_switch_8/PS_NSwitch_RootFilm_PEGI_image500w.jpg,https://www.nintendo.com/en-gb/Games/Nintendo-Switch-games/Root-Film-1892971.html,,,english,Root Film,EU
1352,Deadly Days,1496,致命时日,Nintendo Switch,5000,نعم,https://www.nintendo.com/eu/media/images/11_square_images/games_18/nintendo_switch_download_software/SQ_NSwitchDS_DeadlyDays_image500w.jpg,https://www.nintendo.com/en-gb/Games/Nintendo-Switch-download-software/Deadly-Days-1829570.html,,,"chinese, english, french, german, italian, japanese, korean, portuguese, russian, spanish",Deadly Days,EU
1353,Hora da Faxina,1496,扫除大作战,Nintendo Switch 2,5000,نعم,,https://www.nintendo.com/en-gb/Games/Nintendo-Switch-download-software/Da-Da-Daungo-2483789.html,,,japanese,Da Da Daungo,EU
1354,Ooblets,1496,高脚精灵,Nintendo Switch,7000,نعم,https://www.nintendo.com/eu/media/images/11_square_images/games_18/nintendo_switch_download_software/1x1_NSwitchDS_Ooblets_image500w.jpg,https://www.nintendo.com/en-gb/Games/Nintendo-Switch-download-software/Ooblets-2209603.html,,,"english, french, german, spanish",Ooblets,EU
1355,Super Mining Mechs,1496,采矿机器,Nintendo Switch 2,5000,نعم,,https://www.nintendo.com/en-gb/Games/Nintendo-Switch-download-software/Super-Mining-Mechs-2923427.html,,,"chinese, dutch, english, french, german, italian, japanese, korean, portuguese, russian, spanish",Super Mining Mechs,EU
1356,Buried Stars,1496,深埋之星,Nintendo Switch,5000,نعم,https://www.nintendo.com/eu/media/images/11_square_images/games_18/nintendo_switch_download_software/SQ_NSwitchDS_BuriedStars_image500w.jpg,https://www.nintendo.com/en-gb/Games/Nintendo-Switch-download-software/Buried-Stars-1812094.html,,,"chinese, english, japanese, korean",Buried Stars,EU
1357,Airplane Delivery Simulator 2024,1496,飞机货运模拟,Nintendo Switch,5000,نعم,,https://www.nintendo.com/en-gb/Games/Nintendo-Switch-download-software/Airplane-Delivery-Simulator-2024-Realistic-Geographical-2567127.html,,,english,Airplane Delivery Simulator 2024: Realistic Geographical,EU
1358,Savage Age,1496,蛮之纪,Nintendo Switch,5000,نعم,,https://www.nintendo.com/en-gb/Games/Nintendo-Switch-download-software/Savage-Age-2549924.html,,,"chinese, english, french, german, japanese, korean, russian, spanish",Savage Age,EU
1359,Loretta,1496,洛蕾塔,Nintendo Switch,5000,نعم,,https://www.nintendo.com/en-gb/Games/Nintendo-Switch-download-software/Loretta-2547179.html,,,"chinese, english, japanese, korean, russian, spanish",Loretta,EU
1360,Atelier Ryza: Ever Darkness & the Secret Hideout,1496,莱莎的炼金工房,Nintendo Switch,8000,نعم,https://www.nintendo.com/eu/media/images/05_packshots/games_13/nintendo_switch_8/PS_NSwitch_AtelierRyzaEverDarknessAndTheSecretHideout_PEGI_image500w.jpg,https://www.nintendo.com/en-gb/Games/Nintendo-Switch-games/Atelier-Ryza-Ever-Darkness-and-the-Secret-Hideout-1651289.html,,,english,Atelier Ryza: Ever Darkness and the Secret Hideout,EU
1361,Goblin Slayer -Another Adventurer- Nightmare Feast,1496,哥布林杀手,Nintendo Switch,5000,نعم,https://www.nintendo.com/eu/media/images/11_square_images/games_18/nintendo_switch_download_software/SQ_NSwitchDS_GoblinSword_image500w.jpg,https://www.nintendo.com/en-gb/Games/Nintendo-Switch-download-software/Goblin-Sword-1721419.html,,,"english, french, german, japanese, spanish",Goblin Sword,EU
1362,Torchlight III,1496,火炬之光3,Nintendo Switch,7000,نعم,https://www.nintendo.com/eu/media/images/11_square_images/games_18/nintendo_switch_download_software/SQ_NSwitchDS_TorchlightIII_image500w.jpg,https://www.nintendo.com/en-gb/Games/Nintendo-Switch-download-software/Torchlight-III-1822757.html,,,"chinese, english, french, german, italian, japanese, portuguese, russian, spanish",Torchlight III,EU
1363,SteamWorld Heist II,1496,蒸汽世界 劫掠2,Nintendo Switch,7000,نعم,,https://www.nintendo.com/en-gb/Games/Nintendo-Switch-download-software/SteamWorld-Heist-II-2558196.html,,,"chinese, english, french, german, italian, japanese, portuguese, russian, spanish",SteamWorld Heist II,EU
1364,Laundry Store Simulator,1496,洗衣店模拟,Nintendo Switch 2,5000,نعم,,https://www.nintendo.com/en-gb/Games/Nintendo-Switch-download-software/Laundry-Simulator-2025-2817309.html,,,english,Laundry Simulator 2025,EU
1365,Urban Myth Dissolution Center,1496,都市传说解体中心,Nintendo Switch,5000,نعم,,https://www.nintendo.com/en-gb/Games/Nintendo-Switch-games/Urban-Myth-Dissolution-Center-2480665.html,,,"chinese, english, french, german, italian, japanese, korean, portuguese, russian, spanish",Urban Myth Dissolution Center,EU
1366,Sea Fantasy,1496,海洋幻想,Nintendo Switch 2,5000,نعم,,https://www.nintendo.com/en-gb/Games/Nintendo-Switch-download-software/Sea-Fantasy-2851358.html,,,"chinese, english, japanese, korean",Sea Fantasy,EU
1367,Very Very Valet,1496,胡闹停车,Nintendo Switch 2,5000,نعم,https://www.nintendo.com/eu/media/images/05_packshots/games_13/nintendo_switch_8/PS_NSwitch_VeryVeryValet_PEGI_image500w.jpg,https://www.nintendo.com/en-gb/Games/Nintendo-Switch-games/Very-Very-Valet-1952355.html,,,"chinese, english, french, german, italian, japanese, korean, russian, spanish",Very Very Valet,EU
1368,Ship of Fools,1496,同舟共济,Nintendo Switch,5000,نعم,https://www.nintendo.com/eu/media/images/11_square_images/games_18/nintendo_switch_download_software/1x1_NSwitchDS_ShipOfFools_image500w.jpg,https://www.nintendo.com/en-gb/Games/Nintendo-Switch-download-software/Ship-of-Fools-2304790.html,,,"chinese, english, french, german, italian, japanese, korean, russian, spanish",Ship of Fools,EU
1369,Scott Pilgrim EX,1496,歪小子斯科特 EX,Nintendo Switch 2,5000,نعم,,https://www.nintendo.com/en-gb/Games/Nintendo-Switch-download-software/Scott-Pilgrim-EX-3017448.html,,,"chinese, english, french, german, italian, japanese, korean, portuguese, russian, spanish",Scott Pilgrim EX,EU
1370,Strange Antiquities,1496,奇异古物,Nintendo Switch 2,5000,نعم,,https://www.nintendo.com/en-gb/Games/Nintendo-Switch-download-software/Strange-Antiquities-2888529.html,,,"chinese, english, french, german, italian, korean, portuguese, russian, spanish",Strange Antiquities,EU
1371,Little Rocket Lab,1496,小小火箭实验室,Nintendo Switch 2,5000,نعم,,https://www.nintendo.com/en-gb/Games/Nintendo-Switch-download-software/Little-Rocket-Lab-2955324.html,,,"chinese, english, french, german, italian, spanish",Little Rocket Lab,EU
1372,hololive Hanafuda,1496,hololive 花牌,Nintendo Switch 2,5000,نعم,,https://www.nintendo.com/en-gb/Games/Nintendo-Switch-download-software/Holo-s-Hanafuda-2877429.html,,,"chinese, dutch, english, french, german, italian, japanese, korean, portuguese, spanish",Holo's Hanafuda,EU
1373,Ninja Ming,1496,忍者明,Nintendo Switch 2,5000,نعم,,https://www.nintendo.com/en-gb/Games/Nintendo-Switch-download-software/Ninja-Ming-2920942.html,,,"chinese, english, japanese, portuguese, russian, spanish",Ninja Ming,EU
1374,Code: Realize ~Wintertide Miracles~,1927.2,白银的奇迹,Nintendo Switch,7000,نعم,https://www.nintendo.com/eu/media/images/05_packshots/games_13/nintendo_switch_8/PS_NSwitch_CodeRealizeWintertideMiracles_image500w.jpg,https://www.nintendo.com/en-gb/Games/Nintendo-Switch-games/Code-Realize-Wintertide-Miracles--1910448.html,,,english,Code: Realize ~Wintertide Miracles~,EU
1375,Pretty Princess Magical Garden Island,1496,漂亮公主 魔法花园小岛,Nintendo Switch,5000,نعم,,https://www.nintendo.com/en-gb/Games/Nintendo-Switch-games/Pretty-Princess-Magical-Garden-Island-2404453.html,,,english,Pretty Princess Magical Garden Island,EU
1376,Preserve,1496,东篱之下,Nintendo Switch,5000,نعم,,https://www.nintendo.com/en-gb/Games/Nintendo-Switch-download-software/Preserve-2783826.html,,,"chinese, english, french, german, italian, japanese, korean, spanish",Preserve,EU
1377,Wand of Fortune R,1496,幸运之杖R,Nintendo Switch,5000,نعم,https://www.nintendo.com/eu/media/images/11_square_images/games_18/nintendo_switch_download_software/SQ_NSwitchDS_WandWars_image500w.jpg,https://www.nintendo.com/en-gb/Games/Nintendo-Switch-download-software/Wand-Wars-1632410.html,,,english,Wand Wars,EU
1378,On Your Tail,1496,如尾相随,Nintendo Switch,5000,نعم,,https://www.nintendo.com/en-gb/Games/Nintendo-Switch-download-software/On-Your-Tail-2478464.html,,,"chinese, english, french, german, italian, japanese, korean, portuguese, spanish",On Your Tail,EU
1379,Alice Gear Aegis CS: Concerto of Simulatrix,1496,机战少女 Alice,Nintendo Switch,5000,نعم,https://www.nintendo.com/eu/media/images/05_packshots/games_13/nintendo_switch_8/PS_NSwitch_AliceGearAegisCsConcertoOfSimulatrix_PEGI_image500w.jpg,https://www.nintendo.com/en-gb/Games/Nintendo-Switch-games/Alice-Gear-Aegis-CS-Concerto-of-Simulatrix-2304055.html,,,"english, japanese",Alice Gear Aegis CS Concerto of Simulatrix,EU
1380,Astral Ascent,1496,星界战士,Nintendo Switch,7000,نعم,,https://www.nintendo.com/en-gb/Games/Nintendo-Switch-download-software/Astral-Ascent-2468979.html,,,"chinese, english, french, japanese, korean, portuguese, russian, spanish",Astral Ascent,EU
1381,JUST DANCE 2017,1496,舞力全开 2017,Nintendo Switch,8000,نعم,https://www.nintendo.com/eu/media/images/migration/games_7/packshot/wii_15/portrait_5/justdance_pegi_image500w.png,https://www.nintendo.com/en-gb/Games/Wii/Just-Dance-281573.html,,,,Just Dance,EU
1382,Layton's Mystery Journey: Katrielle and the Millionaires' Conspiracy – Deluxe Edition,1496,雷顿 神秘之旅,Nintendo Switch,8000,نعم,https://www.nintendo.com/eu/media/images/05_packshots/games_13/nintendo_switch_8/PS_NSwitch_LaytonsMysteryJourneyKatrielleAndTheMillionairesConspiracyDeluxeEdition_PEGI_enGB_image500w.jpg,https://www.nintendo.com/en-gb/Games/Nintendo-Switch-games/LAYTON-S-MYSTERY-JOURNEY-Katrielle-and-the-Millionaires-Conspiracy-Deluxe-Edition-1589842.html,,,"dutch, english, french, german, italian, spanish",LAYTON'S MYSTERY JOURNEY™: Katrielle and the Millionaires' Conspiracy Deluxe Edition,EU
1383,SHINE POST,1927.2,闪耀路标,Nintendo Switch 2,7000,نعم,https://www.nintendo.com/eu/media/images/11_square_images/games_18/nintendo_switch_download_software/1x1_NSwitchDS_PostVoid_image500w.jpg,https://www.nintendo.com/en-gb/Games/Nintendo-Switch-download-software/POST-VOID-2262563.html,,,"chinese, dutch, english, french, german, japanese, korean, spanish",POST VOID,EU
1384,Shiren the Wanderer: The Mystery Dungeon of Serpentcoil Island,1496,千变的迷宫 风来的希炼,Nintendo Switch,7000,نعم,,https://www.nintendo.com/en-gb/Games/Nintendo-Switch-games/Shiren-the-Wanderer-The-Mystery-Dungeon-of-Serpentcoil-Island-2505891.html,,,english,Shiren the Wanderer: The Mystery Dungeon of Serpentcoil Island,EU
1385,Best Served Cold,1496,十年不晚,Nintendo Switch,5000,نعم,,https://www.nintendo.com/en-gb/Games/Nintendo-Switch-download-software/Best-Served-Cold-2871557.html,,,"chinese, english, japanese, korean",Best Served Cold,EU
1386,Atelier Sophie: The Alchemist of the Mysterious Book,1496,苏菲的炼金工房,Nintendo Switch,8000,نعم,https://www.nintendo.com/eu/media/images/11_square_images/games_18/nintendo_switch_download_software/SQ_NSwitchDS_AtelierSophieTheAlchemistOfTheMysteriousBookDx_image500w.jpg,https://www.nintendo.com/en-gb/Games/Nintendo-Switch-download-software/Atelier-Sophie-The-Alchemist-of-the-Mysterious-Book-DX-1957206.html,,,english,Atelier Sophie: The Alchemist of the Mysterious Book DX,EU
1387,SEKIMORIGAMI,1496,关守神 再演,Nintendo Switch,5000,نعم,,,,,,,
1388,Tales of Symphonia Remastered,1496,交响传奇 仙乐传说,Nintendo Switch,8000,نعم,https://www.nintendo.com/eu/media/images/05_packshots/games_13/nintendo_switch_8/PS_NSwitch_TalesOfSymphoniaRemastered_PEGI_image500w.jpg,https://www.nintendo.com/en-gb/Games/Nintendo-Switch-games/Tales-of-Symphonia-Remastered-2303488.html,,,"english, french, german, italian, russian, spanish",Tales of Symphonia Remastered,EU
1389,Märchen Forest,1496,童话森林,Nintendo Switch,5000,نعم,https://www.nintendo.com/eu/media/images/11_square_images/games_18/nintendo_switch_download_software/SQ_NSwitchDS_MarchenForest_image500w.jpg,https://www.nintendo.com/en-gb/Games/Nintendo-Switch-download-software/Marchen-Forest-1906677.html,,,"chinese, english, japanese, korean",Märchen Forest,EU
1390,Sticky Business,1496,小小贴纸铺,Nintendo Switch,5000,نعم,,https://www.nintendo.com/en-gb/Games/Nintendo-Switch-download-software/Sticky-Business-2556311.html,,,"chinese, english, french, german, japanese, korean, portuguese, spanish",Sticky Business,EU
1391,Vault of the Void,1496,虚空之库,Nintendo Switch,5000,نعم,,https://www.nintendo.com/en-gb/Games/Nintendo-Switch-download-software/Vault-of-the-Void-2770900.html,,,"chinese, english, french, german, japanese, portuguese, spanish",Vault of the Void,EU
1392,Just Die Already,1496,模拟老大爷,Nintendo Switch,5000,نعم,https://www.nintendo.com/eu/media/images/11_square_images/games_18/nintendo_switch_download_software/SQ_NSwitchDS_JustDieAlready_image500w.jpg,https://www.nintendo.com/en-gb/Games/Nintendo-Switch-download-software/Just-Die-Already-1968545.html,,,"chinese, english, french, german, japanese, korean, portuguese, russian, spanish",Just Die Already,EU
1393,Monarchy,1496,君主,Nintendo Switch,5000,نعم,,https://www.nintendo.com/en-gb/Games/Nintendo-Switch-download-software/Monarchy-2676363.html,,,"chinese, dutch, english, french, german, italian, japanese, korean, portuguese, russian, spanish",Monarchy,EU
1394,Metal Max Xeno: Reborn,1496,重装机兵 坦,Nintendo Switch,5000,نعم,https://www.nintendo.com/eu/media/images/05_packshots/games_13/nintendo_switch_8/PS_NSwitch_MetalMaxXenoReborn_PEGI_image500w.jpg,https://www.nintendo.com/en-gb/Games/Nintendo-Switch-games/METAL-MAX-Xeno-Reborn-2207741.html,,,english,METAL MAX Xeno Reborn,EU
1395,Cuisineer,1496,猫娘小厨,Nintendo Switch,5000,نعم,,https://www.nintendo.com/en-gb/Games/Nintendo-Switch-games/Cuisineer-2700386.html,,,"chinese, english, french, german, japanese, korean, portuguese, spanish",Cuisineer,EU
1396,Fight'N Rage,1496,战斗狂怒,Nintendo Switch,5000,نعم,https://www.nintendo.com/eu/media/images/11_square_images/games_18/nintendo_switch_download_software/SQ_NSwitchDS_FightNRage_image500w.jpg,https://www.nintendo.com/en-gb/Games/Nintendo-Switch-download-software/Fight-N-Rage-1647851.html,,,"chinese, english, japanese, spanish",Fight'N Rage,EU
1397,Surviving the Aftermath,1496,末日求生,Nintendo Switch,5000,نعم,https://www.nintendo.com/eu/media/images/11_square_images/games_18/nintendo_switch_5/SQ_NSwitch_SurvivingTheAftermath_image500w.jpg,https://www.nintendo.com/en-gb/Games/Nintendo-Switch-games/Surviving-the-Aftermath-1864802.html,,,"english, french, german, portuguese, russian, spanish",Surviving the Aftermath,EU
1398,Magic Librarian Arianna,1496,魔法司书,Nintendo Switch 2,5000,لا — يابانية/صينية,,https://www.nintendo.com/en-gb/Games/Nintendo-Switch-download-software/Magical-Magic-World-3002431.html,,,"english, japanese",Magical Magic World,EU
1399,Akuyaku Reijou wa Ringoku no Outaishi ni Dekiai Sareru,1496,被邻国王子溺爱,Nintendo Switch,5000,نعم,https://www.nintendo.com/eu/media/images/05_packshots/games_13/nintendo_switch_8/PS_NSwitch_NiNoKuriWrathOfTheWhiteWitch_PEGI_image500w.jpg,https://www.nintendo.com/en-gb/Games/Nintendo-Switch-games/Ni-No-Kuni-Remastered-Wrath-of-the-White-Witch-1575919.html,,,"english, french, german, italian, spanish",Ni No Kuni Remastered: Wrath of the White Witch,EU
1400,Ghost Traveler,1496,轮回游郭,Nintendo Switch 2,5000,نعم,,https://www.nintendo.com/en-gb/Games/Nintendo-Switch-download-software/GHOST-TRAVELER-Adventures-in-Edo-2879966.html,,,"chinese, english, japanese",GHOST TRAVELER: Adventures in Edo,EU
1401,Aka to Akari,2574,赤与灯皆有诡异,Nintendo Switch,8000,لا — يابانية/صينية,https://www.nintendo.com/eu/media/images/11_square_images/games_18/nintendo_switch_download_software/1x1_NSwitchDS_Aka_image500w.jpg,https://www.nintendo.com/en-gb/Games/Nintendo-Switch-download-software/Aka-2294070.html,,,"chinese, english, french, german, japanese, korean, portuguese, spanish",Aka,EU
1402,7th Domain,1496,七度荒域,Nintendo Switch 2,5000,نعم,,https://www.nintendo.com/en-gb/Games/Nintendo-Switch-download-software/7th-Domain-Tree-of-Chaos-2930666.html,,,"chinese, english, french, german, japanese, spanish",7th Domain：Tree of Chaos,EU
1403,Reel Fishing: Road Trip Adventure,1496,户外钓鱼,Nintendo Switch,5000,نعم,https://www.nintendo.com/eu/media/images/11_square_images/games_18/nintendo_switch_download_software/SQ_NSwitchDS_ReelFishingRoadTripAdventure_image500w.jpg,https://www.nintendo.com/en-gb/Games/Nintendo-Switch-download-software/Reel-Fishing-Road-Trip-Adventure-1644981.html,,,"english, japanese",Reel Fishing: Road Trip Adventure,EU
1404,Locomoto,1496,乐客萌途,Nintendo Switch,5000,نعم,,https://www.nintendo.com/en-gb/Games/Nintendo-Switch-download-software/Locomoto-2830803.html,,,"chinese, english, french, german, japanese, spanish",Locomoto,EU
1405,Crown Trick,1496,不思议的皇冠,Nintendo Switch,7000,نعم,https://www.nintendo.com/eu/media/images/11_square_images/games_18/nintendo_switch_download_software/SQ_NSwitchDS_CrownTrick_image500w.jpg,https://www.nintendo.com/en-gb/Games/Nintendo-Switch-download-software/Crown-Trick-1856431.html,,,"chinese, english, french, german, japanese, portuguese, russian, spanish",Crown Trick,EU
1406,Petit Island,1496,佩蒂特小岛,Nintendo Switch,5000,نعم,,https://www.nintendo.com/en-gb/Games/Nintendo-Switch-games/Petit-Island-2686572.html,,,"chinese, dutch, english, french, german, italian, japanese, korean, portuguese, spanish",Petit Island,EU
1407,Towa and the Guardians of the Sacred Tree,1496,永久与神树,Nintendo Switch 2,5000,نعم,,https://www.nintendo.com/en-gb/Games/Nintendo-Switch-games/Towa-and-the-Guardians-of-the-Sacred-Tree-2851451.html,,,"chinese, english, french, german, italian, japanese, korean, spanish",Towa and the Guardians of the Sacred Tree,EU
1408,Touhou: Artificial Dream in Arcadia,1496,东方人造梦,Nintendo Switch 2,5000,نعم,,https://www.nintendo.com/en-gb/Games/Nintendo-Switch-download-software/Touhou-Artificial-Dream-in-Arcadia-2867121.html,,,"chinese, english, japanese, korean, russian, spanish",Touhou Artificial Dream in Arcadia,EU
1409,Kindaichi Mystery Series: The Honjin Murders,1496,金田一耕助,Nintendo Switch,5000,نعم,,https://www.nintendo.com/en-gb/Games/Nintendo-Switch-download-software/Kindaichi-Mystery-Series-The-Honjin-Murders-2810285.html,,,"chinese, english, japanese",Kindaichi Mystery Series: The Honjin Murders,EU
1410,Anvil Saga,1496,铁匠铺传,Nintendo Switch 2,5000,نعم,,https://www.nintendo.com/en-gb/Games/Nintendo-Switch-download-software/Anvil-Saga-2848003.html,,,"chinese, english, japanese, korean, russian",Anvil Saga,EU
1411,ENDER MAGNOLIA: Bloom in the Mist,1496,终焉之玛格,Nintendo Switch,7000,نعم,,https://www.nintendo.com/en-gb/Games/Nintendo-Switch-download-software/ENDER-MAGNOLIA-Bloom-in-the-Mist-2724189.html,,,"chinese, english, french, german, italian, japanese, korean, portuguese, russian, spanish",ENDER MAGNOLIA: Bloom in the Mist,EU
1412,A Wild Last Boss Appeared!,1496,野生的大Boss,Nintendo Switch 2,5000,نعم,,https://www.nintendo.com/en-gb/Games/Nintendo-Switch-download-software/A-Wild-Last-Boss-Appeared-Black-Winged-Survivor--2928990.html,,,"chinese, english, japanese",A Wild Last Boss Appeared! ~Black-Winged Survivor~,EU
1413,The DioField Chronicle,1496,神领编年史,Nintendo Switch,5000,نعم,https://www.nintendo.com/eu/media/images/11_square_images/games_18/nintendo_switch_5/1x1_NSwitch_TheDioFieldChronicles_image500w.jpg,https://www.nintendo.com/en-gb/Games/Nintendo-Switch-games/The-DioField-Chronicle-2249292.html,,,"chinese, english, french, german, japanese",The DioField Chronicle,EU
1414,Everafter Falls,1496,永瀑镇,Nintendo Switch,5000,نعم,,https://www.nintendo.com/en-gb/Games/Nintendo-Switch-download-software/Everafter-Falls-2585641.html,,,"english, french, japanese, spanish",Everafter Falls,EU
1415,Afterimage,1496,心渊梦境,Nintendo Switch,7000,نعم,,https://www.nintendo.com/en-gb/Games/Nintendo-Switch-games/Afterimage-2378310.html,,,"chinese, english, french, german, italian, japanese, korean, portuguese, russian, spanish",Afterimage,EU
1416,Strange Horticulture,1496,奇异园艺,Nintendo Switch,5000,نعم,https://www.nintendo.com/eu/media/images/11_square_images/games_18/nintendo_switch_download_software/1x1_NSwitchDS_StrangeHorticulture_image500w.jpg,https://www.nintendo.com/en-gb/Games/Nintendo-Switch-download-software/Strange-Horticulture-2236591.html,,,"chinese, dutch, english, french, german, italian, japanese, korean, portuguese, russian, spanish",Strange Horticulture,EU
1417,Yohane the Parhelion: BLAZE in the DEEPBLUE,1496,幻日夜羽,Nintendo Switch,5000,نعم,,https://www.nintendo.com/en-gb/Games/Nintendo-Switch-download-software/YOHANE-THE-PARHELION-BLAZE-in-the-DEEPBLUE-2475611.html,,,"chinese, english, french, german, italian, japanese, korean, portuguese, spanish",YOHANE THE PARHELION -BLAZE in the DEEPBLUE-,EU
1418,Bye Sweet Carole,1496,再见 甜心卡罗,Nintendo Switch 2,5000,نعم,,https://www.nintendo.com/en-gb/Games/Nintendo-Switch-games/Bye-Sweet-Carole-2902073.html,,,"english, french, german, italian, portuguese, spanish",Bye Sweet Carole,EU
1419,Blaze Union: Story to Reach the Future,1496,烈焰同盟,Nintendo Switch,5000,نعم,,https://www.nintendo.com/en-gb/Games/Nintendo-Switch-download-software/Paper-Ghost-Stories-Third-Eye-Open-2647711.html,,,"chinese, english, japanese",Paper Ghost Stories: Third Eye Open,EU
1420,Legend of Mana,1496,圣剑传说4,Nintendo Switch,5000,نعم,https://www.nintendo.com/eu/media/images/11_square_images/games_18/nintendo_switch_download_software/SQ_NSwitchDS_LegendOfMana_image500w.jpg,https://www.nintendo.com/en-gb/Games/Nintendo-Switch-download-software/Legend-of-Mana-1923518.html,,,"chinese, english, french, german, japanese, korean, spanish",Legend of Mana,EU
1421,Storm Lancers,1496,风暴骑士,Nintendo Switch 2,5000,نعم,,https://www.nintendo.com/en-gb/Games/Nintendo-Switch-download-software/Storm-Lancers-2913149.html,,,"english, french, german, italian, portuguese, spanish",Storm Lancers,EU
1422,The Survivalists,1496,岛屿生存者,Nintendo Switch,5000,نعم,,https://store.nintendo.com.hk/70010000032628,70010000032628,Team17,中文,The Survivalists,HK
1423,Yggdra Union: We'll Never Fight Alone,1496,光辉同盟,Nintendo Switch,5000,نعم,,https://www.nintendo.com/en-gb/Games/Nintendo-Switch-download-software/YGGDRA-UNION-WE-LL-NEVER-FIGHT-ALONE--2417754.html,,,"english, japanese",YGGDRA UNION ~WE'LL NEVER FIGHT ALONE~,EU
1424,Curious Expedition 2,1496,奇妙探险队2,Nintendo Switch,5000,نعم,https://www.nintendo.com/eu/media/images/11_square_images/games_18/nintendo_switch_download_software/SQ_NSwitchDS_CuriousExpedition2_image500w.jpg,https://www.nintendo.com/en-gb/Games/Nintendo-Switch-download-software/Curious-Expedition-2-2018247.html,,,"chinese, english, french, german, japanese, korean, russian, spanish",Curious Expedition 2,EU
1425,Cat God Ranch,1496,猫神牧场,Nintendo Switch 2,5000,لا — يابانية/صينية,,https://www.nintendo.com/en-gb/Games/Nintendo-Switch-download-software/Cat-God-Ranch-2934295.html,,,"chinese, english, french, german, japanese, korean, portuguese, russian, spanish",Cat God Ranch,EU
1426,Hashihime of the Old Book Town,1496,旧书店街的桥姬 [6:01],Nintendo Switch,5000,نعم,https://www.nintendo.com/eu/media/images/11_square_images/games_18/nintendo_switch_download_software/SQ_NSwitchDS_HashihimeOfTheOldBookTownAppend_image500w.jpg,https://www.nintendo.com/en-gb/Games/Nintendo-Switch-download-software/Hashihime-of-the-Old-Book-Town-append-2064089.html,,,"chinese, english, japanese",Hashihime of the Old Book Town append,EU
1427,Oyaoya? Ooyasan!,1496,哎呀哎呀,Nintendo Switch 2,5000,لا — يابانية/صينية,,,,,,,
1428,Restaurant Tycoon: My Cooking Empire,1496,餐厅大亨,Nintendo Switch,5000,نعم,,https://www.nintendo.com/en-gb/Games/Nintendo-Switch-download-software/Restaurant-Tycoon-My-Cooking-Empire-2718749.html,,,"chinese, english, french, german, italian, japanese, korean, spanish",Restaurant Tycoon: My Cooking Empire,EU
1429,Puzzle Bobble Everybubble!,1496,益智泡泡龙,Nintendo Switch,5000,نعم,,https://www.nintendo.com/en-gb/Games/Nintendo-Switch-games/Puzzle-Bobble-Everybubble--2345140.html,,,"chinese, english, french, german, italian, japanese, korean, spanish",Puzzle Bobble Everybubble!,EU
1430,Hunter X: Code Name T,1496,猎人X 代号T,Nintendo Switch,5000,نعم,,https://www.nintendo.com/en-gb/Games/Nintendo-Switch-download-software/HunterX-code-name-T-2515792.html,,,"chinese, english, french, german, italian, japanese, korean, portuguese, russian, spanish",HunterX: code name T,EU
1431,Seer's Gambit,1496,先知的赌局,Nintendo Switch 2,5000,نعم,,https://www.nintendo.com/en-gb/Games/Nintendo-Switch-download-software/Seer-s-Gambit-2897126.html,,,"chinese, english, japanese, korean",Seer's Gambit,EU
1432,A Juggler's Tale,1496,提线木偶,Nintendo Switch,5000,نعم,https://www.nintendo.com/eu/media/images/11_square_images/games_18/nintendo_switch_download_software/SQ_NSwitchDS_AJugglersTale_image500w.jpg,https://www.nintendo.com/en-gb/Games/Nintendo-Switch-download-software/A-Juggler-s-Tale-2039377.html,,,"chinese, english, french, german, italian, japanese, korean, portuguese, russian, spanish",A Juggler's Tale,EU
1433,Fantasian Neo Dimension,1496,幻想曲 新次元,Nintendo Switch,7000,نعم,,https://www.nintendo.com/en-gb/Games/Nintendo-Switch-games/FANTASIAN-Neo-Dimension-2664947.html,,,"english, japanese",FANTASIAN Neo Dimension,EU
1434,Harvest Days: My Dream Farm,1496,收获日,Nintendo Switch,5000,نعم,,https://www.nintendo.com/en-gb/Games/Nintendo-Switch-download-software/Harvest-Days-2606079.html,,,"chinese, english, french, german, japanese, spanish",Harvest Days,EU
1435,Neva,1496,涅瓦,Nintendo Switch,7000,نعم,,https://www.nintendo.com/en-gb/Games/Nintendo-Switch-download-software/Neva-2666291.html,,,"chinese, english, french, german, italian, japanese, korean, portuguese, russian, spanish",Neva,EU
1436,Moonstone Island,1496,月光石岛,Nintendo Switch,5000,نعم,,https://www.nintendo.com/en-gb/Games/Nintendo-Switch-download-software/Moonstone-Island-2478996.html,,,"chinese, english, french, german, japanese, portuguese, spanish",Moonstone Island,EU
1437,Fate: Reawakened,1496,暗黑史诗 重制,Nintendo Switch,5000,نعم,,https://www.nintendo.com/en-gb/Games/Nintendo-Switch-download-software/FATE-Reawakened-2756402.html,,,"chinese, english, french, german, japanese, korean, spanish",FATE: Reawakened,EU
1438,Cattle Country,1496,荒野大农夫,Nintendo Switch,5000,نعم,,https://www.nintendo.com/en-gb/Games/Nintendo-Switch-download-software/Cattle-Country-2813345.html,,,"chinese, english, french, german, japanese",Cattle Country,EU
1439,The Legend of Legacy HD Remastered,1496,遗迹传说 HD,Nintendo Switch,7000,نعم,,https://www.nintendo.com/en-gb/Games/Nintendo-Switch-games/The-Legend-of-Legacy-HD-Remastered-2516747.html,,,english,The Legend of Legacy HD Remastered,EU
1440,Vaska: Legends of the Dream Blade,1496,百剑讨妖传,Nintendo Switch,5000,نعم,,https://www.nintendo.com/en-gb/Games/Nintendo-Switch-games/Yasha-Legends-of-the-Demon-Blade-2810558.html,,,"english, french, german, italian, japanese, korean, portuguese, spanish",Yasha: Legends of the Demon Blade,EU
1441,Botworld Odyssey,1496,机器人世界,Nintendo Switch,5000,نعم,,https://www.nintendo.com/en-gb/Games/Nintendo-Switch-download-software/Botworld-Odyssey-2643759.html,,,"chinese, english, french, german, italian, japanese, korean, portuguese, spanish",Botworld Odyssey,EU
1442,Theatrhythm Final Bar Line,1496,最终幻想 节奏剧场,Nintendo Switch,7000,نعم,https://www.nintendo.com/eu/media/images/11_square_images/games_18/nintendo_switch_5/1x1_NSwitch_TheatrhythmFinalBarLine_image500w.jpg,https://www.nintendo.com/en-gb/Games/Nintendo-Switch-games/THEATRHYTHM-FINAL-BAR-LINE-2265241.html,,,"english, french, german, italian, japanese, spanish",THEATRHYTHM FINAL BAR LINE,EU
1443,Moonshine Inc.,1496,私酿酒公司,Nintendo Switch,5000,نعم,,https://www.nintendo.com/en-gb/Games/Nintendo-Switch-download-software/Moonshine-Inc-2604087.html,,,"chinese, english, german, japanese, russian",Moonshine Inc.,EU
1444,Lumine Night,1496,光夜,Nintendo Switch 2,5000,نعم,https://www.nintendo.com/eu/media/images/11_square_images/games_18/nintendo_switch_download_software/SQ_NSwitchDS_LuminesRemastered_image500w.jpg,https://www.nintendo.com/en-gb/Games/Nintendo-Switch-download-software/LUMINES-REMASTERED-1394468.html,,,"english, french, german, italian, japanese, spanish",LUMINES REMASTERED,EU
1445,Concealed,1496,潜入,Nintendo Switch 2,5000,نعم,,https://www.nintendo.com/en-gb/Games/Nintendo-Switch-download-software/Concealed-2969569.html,,,"chinese, english, japanese, korean",Concealed,EU
1446,Farming Simulator Kids,1496,农场模拟儿童版,Nintendo Switch,7000,نعم,,https://www.nintendo.com/en-gb/Games/Nintendo-Switch-download-software/Farming-Simulator-Kids-2528942.html,,,"chinese, dutch, english, french, german, italian, japanese, korean, portuguese, russian, spanish",Farming Simulator Kids,EU
1447,Baldo: The Guardian Owls,1496,巴尔多 猫头鹰,Nintendo Switch,5000,نعم,https://www.nintendo.com/eu/media/images/11_square_images/games_18/nintendo_switch_download_software/SQ_NSwitchDS_BaldoTheGuardianOwls_image500w.jpg,https://www.nintendo.com/en-gb/Games/Nintendo-Switch-download-software/Baldo-The-guardian-owls-1742908.html,,,"chinese, dutch, english, french, german, italian, japanese, korean, portuguese, russian, spanish",Baldo The guardian owls,EU
1448,Atelier Marie Remake: The Alchemist of Salburg,1496,玛丽的炼金工房 Remake,Nintendo Switch,8000,نعم,,https://www.nintendo.com/en-gb/Games/Nintendo-Switch-download-software/Atelier-Marie-Remake-The-Alchemist-of-Salburg-2374566.html,,,"chinese, english, korean",Atelier Marie Remake: The Alchemist of Salburg,EU
1449,Winter Burrow,1496,寒冬暖窝,Nintendo Switch 2,5000,نعم,,https://www.nintendo.com/en-gb/Games/Nintendo-Switch-download-software/Winter-Burrow-2953436.html,,,"chinese, english, french, german, italian, japanese, korean, portuguese, russian, spanish",Winter Burrow,EU
1450,Princess Maker 2 Regeneration,1496,美少女梦工厂2,Nintendo Switch,5000,نعم,,https://www.nintendo.com/en-gb/Games/Nintendo-Switch-download-software/Princess-Maker-2-Regeneration-2594060.html,,,"chinese, english, japanese, korean",Princess Maker 2 Regeneration,EU
1451,Garden Life: A Cozy Simulator,1496,花园生涯,Nintendo Switch,5000,نعم,,https://www.nintendo.com/en-gb/Games/Nintendo-Switch-download-software/Garden-Life-A-Cozy-Simulator-2520567.html,,,"chinese, dutch, english, french, german, italian, japanese, korean, portuguese, russian, spanish",Garden Life: A Cozy Simulator,EU
1452,Phantom Brave: The Hermuda Triangle Remastered,1496,通灵战士,Nintendo Switch,7000,نعم,https://www.nintendo.com/eu/media/images/05_packshots/games_13/nintendo_switch_8/PS_NSwitch_PrinnyPresentsNISClassicsVolume1PhantomBrave_PEGI_image500w.jpg,https://www.nintendo.com/en-gb/Games/Nintendo-Switch-games/Prinny-Presents-NIS-Classics-Volume-1-Phantom-Brave-The-Hermuda-Triangle-Remastered-Soul-Nomad-the-World-Eaters-2028980.html,,,english,Prinny Presents NIS Classics Volume 1: Phantom Brave: The Hermuda Triangle Remastered / Soul Nomad & the World Eaters,EU
1453,If Not Mad with Love,1496,若不疯魔何言爱过,Nintendo Switch,5000,لا — يابانية/صينية,https://www.nintendo.com/eu/media/images/11_square_images/games_18/nintendo_switch_download_software/SQ_NSwitchDS_MadBullets_image500w.jpg,https://www.nintendo.com/en-gb/Games/Nintendo-Switch-download-software/Mad-Bullets-1593611.html,,,"english, french, german, italian, spanish",Mad Bullets,EU
1454,Honehone Zaurus X,1496,ほねほねザウルスX,Nintendo Switch,5000,نعم,https://www.nintendo.com/eu/media/images/11_square_images/games_18/nintendo_switch_download_software/1x1_NSwitchDS_MoorhuhnXCrazyChickenX_EN_image500w.jpg,https://www.nintendo.com/en-gb/Games/Nintendo-Switch-download-software/Moorhuhn-X-Crazy-Chicken-X-2259316.html,,,"chinese, dutch, english, french, german, italian, japanese, korean, portuguese, russian, spanish",Moorhuhn X - Crazy Chicken X,EU
1455,Gordian Quest,1496,高殿战记,Nintendo Switch,5000,نعم,,https://www.nintendo.com/en-gb/Games/Nintendo-Switch-download-software/Gordian-Quest-2459416.html,,,"chinese, english, french, german, italian, japanese, korean, portuguese, russian",Gordian Quest,EU
1456,Crypt Custodian,1496,冥界清洁工,Nintendo Switch,5000,نعم,,https://www.nintendo.com/en-gb/Games/Nintendo-Switch-download-software/CRYPT-CUSTODIAN-2619408.html,,,"chinese, english, french, german, portuguese, russian, spanish",CRYPT CUSTODIAN,EU
1457,Orange Season,1496,牧场物语 橙色季节,Nintendo Switch,5000,نعم,,https://www.nintendo.com/en-gb/Games/Nintendo-Switch-games/Orange-Season-2633910.html,,,"chinese, english, french, german, italian, japanese, korean, portuguese, spanish",Orange Season,EU
1458,Langrisser I & II,1496,梦幻模拟战,Nintendo Switch,7000,نعم,https://www.nintendo.com/eu/media/images/05_packshots/games_13/nintendo_switch_8/PS_NSwitch_LangrisserIAndII_PEGI_image500w.jpg,https://www.nintendo.com/en-gb/Games/Nintendo-Switch-games/Langrisser-I-II-1722600.html,,,"chinese, english, japanese, korean",Langrisser I & II,EU
1459,Terra Nil,1496,伊始之地,Nintendo Switch,7000,نعم,,https://www.nintendo.com/en-gb/Games/Nintendo-Switch-download-software/Terra-Nil-2495001.html,,,"chinese, english, french, german, italian, japanese, korean, portuguese, russian, spanish",Terra Nil,EU
1460,The Settlers: New Allies,1496,工人物语 新同盟,Nintendo Switch,5000,نعم,,https://www.nintendo.com/en-gb/Games/Nintendo-Switch-download-software/The-Settlers-New-Allies-2356362.html,,,"chinese, english, french, german, italian, japanese, korean, portuguese, russian, spanish",The Settlers®: New Allies,EU
1461,Fae Farm,1496,法伊农场,Nintendo Switch,7000,نعم,https://www.nintendo.com/eu/media/images/11_square_images/games_18/nintendo_switch_5/1x1_NSwitch_FaeFarm_image500w.jpg,https://www.nintendo.com/en-gb/Games/Nintendo-Switch-games/Fae-Farm-2266244.html,,,"chinese, english, french, german, italian, japanese, korean, portuguese, spanish",Fae Farm,EU
1462,Made in Abyss: Binary Star Falling into Darkness,1496,来自深渊,Nintendo Switch,5000,نعم,https://www.nintendo.com/eu/media/images/05_packshots/games_13/nintendo_switch_8/PS_NSwitch_MadeInAbyssBinaryStarFallingIntoDarkness_PEGI_image500w.jpg,https://www.nintendo.com/en-gb/Games/Nintendo-Switch-games/Made-in-Abyss-Binary-Star-Falling-into-Darkness-2246345.html,,,"english, japanese",Made in Abyss: Binary Star Falling into Darkness,EU
1463,MAGLAM LORD,1496,魔剑物语,Nintendo Switch,5000,نعم,https://www.nintendo.com/eu/media/images/05_packshots/games_13/nintendo_switch_8/PS_NSwitch_MaglamLord_PEGI_image500w.jpg,https://www.nintendo.com/en-gb/Games/Nintendo-Switch-games/MAGLAM-LORD-2102393.html,,,english,MAGLAM LORD,EU
1464,Recycling Center Simulator,1496,回收中心,Nintendo Switch 2,5000,نعم,,https://www.nintendo.com/en-gb/Games/Nintendo-Switch-download-software/Recycling-Center-Simulator-2897489.html,,,"chinese, dutch, english, french, german, italian, japanese, korean, polish, portuguese, russian, spanish", Recycling Center Simulator,EU
1465,Potionomics,1496,魔药经济学,Nintendo Switch,5000,نعم,,https://www.nintendo.com/en-gb/Games/Nintendo-Switch-games/Potionomics-Masterwork-Edition-2655741.html,,,"chinese, english, german, japanese, korean",Potionomics: Masterwork Edition,EU
1466,Moonglow Bay,1496,月光水岸,Nintendo Switch,5000,نعم,,https://www.nintendo.com/en-gb/Games/Nintendo-Switch-download-software/Moonglow-Bay-2541218.html,,,"chinese, english, french, german, japanese, korean, portuguese, spanish",Moonglow Bay,EU
1467,Steel Empire,1496,钢铁帝国 HD,Nintendo Switch 2,5000,نعم,https://www.nintendo.com/eu/media/images/03_teaser_module_1_square/games_3/nintendo_3ds_download_software_4/TM_3DSDS_SteelEmpire_image500w.jpg,https://www.nintendo.com/en-gb/Games/Nintendo-3DS-download-software/Steel-Empire-1076921.html,,,"english, french, german, italian, spanish",Steel Empire,EU
1468,Sugardew Island,1496,甘露岛,Nintendo Switch,5000,نعم,,https://www.nintendo.com/en-gb/Games/Nintendo-Switch-games/Sugardew-Island-2745303.html,,,"english, french, german, italian, portuguese, spanish",Sugardew Island,EU
1469,Smith & Dungeon,1496,铁匠铺与地下城,Nintendo Switch 2,5000,نعم,,https://www.nintendo.com/en-gb/Games/Nintendo-Switch-download-software/Smith-Dungeon-Crafting-the-Legendary-Weapons-2925729.html,,,"chinese, english, japanese, spanish",Smith & Dungeon: Crafting the Legendary Weapons,EU
1470,Under the Island,1496,碧屿之下,Nintendo Switch 2,5000,نعم,https://www.nintendo.com/eu/media/images/11_square_images/games_18/nintendo_switch_download_software/SQ_NSwitchDS_Island_image500w.jpg,https://www.nintendo.com/en-gb/Games/Nintendo-Switch-download-software/ISLAND-1937715.html,,,"english, japanese",ISLAND,EU
1471,Magical Bakery,1496,魔法面包店,Nintendo Switch,5000,نعم,,https://www.nintendo.com/en-gb/Games/Nintendo-Switch-games/Magical-Bakery-2681303.html,,,"chinese, dutch, english, french, german, italian, japanese, korean, portuguese, spanish",Magical Bakery,EU
1472,Echoes of the Plum Grove,1496,梅林的回声,Nintendo Switch,5000,نعم,,https://www.nintendo.com/en-gb/Games/Nintendo-Switch-download-software/Echoes-of-the-Plum-Grove-2734025.html,,,"chinese, english, german, japanese, korean, portuguese, spanish",Echoes of the Plum Grove,EU
1473,Camper Van: Make it Home,1496,露营车,Nintendo Switch 2,5000,نعم,,https://www.nintendo.com/en-gb/Games/Nintendo-Switch-download-software/Camper-Van-Make-it-Home-2898364.html,,,"english, french, german, italian, japanese, spanish",Camper Van: Make it Home,EU
1474,Klonoa Phantasy Reverie Series,1496,风之少年 克诺亚,Nintendo Switch,8000,نعم,https://www.nintendo.com/eu/media/images/11_square_images/games_18/nintendo_switch_5/1x1_NSwitch_KlonoaPhantasyReverieSeries_image500w.jpg,https://www.nintendo.com/en-gb/Games/Nintendo-Switch-games/Klonoa-Phantasy-Reverie-Series-2236862.html,,,"english, french, german, italian, spanish",Klonoa Phantasy Reverie Series,EU
1475,Ghosts 'n Goblins Resurrection,1496,魔界村 经典回归,Nintendo Switch,8000,نعم,https://www.nintendo.com/eu/media/images/11_square_images/games_18/nintendo_switch_download_software/SQ_NSwitchDS_GhostsnGoblinsResurrection_image500w.jpg,https://www.nintendo.com/en-gb/Games/Nintendo-Switch-download-software/Ghosts-n-Goblins-Resurrection-1910109.html,,,"chinese, english, french, german, italian, japanese, spanish",Ghosts 'n Goblins Resurrection,EU
1476,Grandia HD Collection,1496,格兰蒂亚,Nintendo Switch,5000,نعم,https://www.nintendo.com/eu/media/images/11_square_images/games_18/nintendo_switch_download_software/SQ_NSwitchDS_GrandiaHDCollection_image500w.jpg,https://www.nintendo.com/en-gb/Games/Nintendo-Switch-download-software/GRANDIA-HD-Collection-1622273.html,,,"english, french, german, japanese",GRANDIA HD Collection,EU
1477,The Cruel King and the Great Hero,1496,邪恶国王与出色勇者,Nintendo Switch,5000,نعم,https://www.nintendo.com/eu/media/images/05_packshots/games_13/nintendo_switch_8/PS_NSwitch_TheCruelKingAndTheGreatHero_PEGI_image500w.jpg,https://www.nintendo.com/en-gb/Games/Nintendo-Switch-download-software/The-Cruel-King-and-the-Great-Hero-2166106.html,,,"english, japanese",The Cruel King and the Great Hero,EU
1478,GUNVOLT RECORDS Cychronicle,1496,苍蓝雷霆 电子动,Nintendo Switch,7000,نعم,,https://www.nintendo.com/en-gb/Games/Nintendo-Switch-download-software/GUNVOLT-RECORDS-Cychronicle-2517239.html,,,"chinese, english, french, german, italian, japanese, korean, portuguese, spanish",GUNVOLT RECORDS: Cychronicle,EU
1479,Twilight Survivors,1496,黄昏幸存者,Nintendo Switch,5000,نعم,,https://www.nintendo.com/en-gb/Games/Nintendo-Switch-download-software/Twilight-Survivors-2516545.html,,,"chinese, english, japanese, korean, portuguese, spanish",Twilight Survivors ,EU
1480,Saviorless,1496,破灭,Nintendo Switch,5000,نعم,,https://www.nintendo.com/en-gb/Games/Nintendo-Switch-download-software/Saviorless-2542097.html,,,"chinese, english, french, german, japanese, russian, spanish",Saviorless,EU
1481,Sagres,1496,萨格里什,Nintendo Switch,5000,نعم,,https://www.nintendo.com/en-gb/Games/Nintendo-Switch-download-software/Sagres-2559881.html,,,"chinese, english, japanese, korean",Sagres,EU
1482,Whisker Waters,1496,胡须水域,Nintendo Switch,5000,نعم,,https://www.nintendo.com/en-gb/Games/Nintendo-Switch-games/Whisker-Waters-2526297.html,,,"chinese, english, french, german, japanese, spanish",Whisker Waters,EU
1483,Monster Outbreak,1496,怪物爆发,Nintendo Switch,5000,نعم,,https://www.nintendo.com/en-gb/Games/Nintendo-Switch-download-software/Monster-Outbreak-2569467.html,,,"chinese, english, french, german, japanese, korean, portuguese, spanish",Monster Outbreak,EU
1484,Urban Flow,1496,交通大亨 城,Nintendo Switch,5000,نعم,https://www.nintendo.com/eu/media/images/11_square_images/games_18/nintendo_switch_download_software/SQ_NSwitchDS_UrbanFlow_image500w.jpg,https://www.nintendo.com/en-gb/Games/Nintendo-Switch-download-software/Urban-Flow-1796363.html,,,"chinese, english, french, german, italian, japanese, korean, portuguese, spanish",Urban Flow,EU
1485,Wizardry: Proving Grounds of the Mad Overlord,1496,巫术 疯狂领主,Nintendo Switch,7000,نعم,,https://www.nintendo.com/en-gb/Games/Nintendo-Switch-download-software/Wizardry-Proving-Grounds-of-the-Mad-Overlord-2571601.html,,,"english, french, german, italian, japanese, spanish",Wizardry: Proving Grounds of the Mad Overlord,EU
1486,Super Monkey Ball Banana Rumble,1496,超级猴子球 香蕉大乱斗,Nintendo Switch,8000,نعم,,https://www.nintendo.com/en-gb/Games/Nintendo-Switch-games/Super-Monkey-Ball-Banana-Rumble-2528573.html,,,"chinese, english, french, german, italian, japanese, korean, portuguese, spanish",Super Monkey Ball Banana Rumble,EU
1487,SCHiM,1496,亥灵胎,Nintendo Switch,5000,نعم,,https://www.nintendo.com/en-gb/Games/Nintendo-Switch-download-software/SCHiM-2557749.html,,,"chinese, dutch, english, french, german, italian, japanese, korean, portuguese, russian, spanish",SCHiM,EU
1488,Disaster Band,1496,灾难乐队,Nintendo Switch,5000,نعم,,https://www.nintendo.com/en-gb/Games/Nintendo-Switch-download-software/Disaster-Band-2611151.html,,,"chinese, dutch, english, french, german, italian, japanese, korean, spanish",Disaster Band,EU
1489,Across the Obelisk,1496,横跨方尖碑,Nintendo Switch,5000,نعم,,https://www.nintendo.com/en-gb/Games/Nintendo-Switch-download-software/Across-the-Obelisk-2540396.html,,,"chinese, english, french, german, japanese, korean, spanish",Across the Obelisk,EU
1490,Just Crow Things,1496,整蛊鸦 捣蛋,Nintendo Switch,5000,نعم,,https://www.nintendo.com/en-gb/Games/Nintendo-Switch-download-software/Just-Crow-Things-2622785.html,,,"chinese, english, french, german, japanese, korean, portuguese, russian, spanish",Just Crow Things,EU
1491,Edge of Sanity,1496,理智边缘,Nintendo Switch,5000,نعم,,https://www.nintendo.com/en-gb/Games/Nintendo-Switch-download-software/Edge-of-Sanity-2635044.html,,,"chinese, english, french, german, japanese, korean, russian, spanish",Edge of Sanity,EU
1492,Selfloss,1496,自我牺牲,Nintendo Switch,5000,نعم,,https://www.nintendo.com/en-gb/Games/Nintendo-Switch-games/Selfloss-2633147.html,,,"chinese, english, french, german, italian, japanese, korean, russian, spanish",Selfloss,EU
1493,Beneath Oresa,1496,奥雷萨之下,Nintendo Switch,5000,نعم,,https://www.nintendo.com/en-gb/Games/Nintendo-Switch-download-software/Beneath-Oresa-2652278.html,,,"chinese, english, french, german, italian, japanese, korean, portuguese, russian, spanish",Beneath Oresa,EU
1494,No Case Should Remain Unsolved,1496,尘埃终须落定,Nintendo Switch,5000,نعم,,https://www.nintendo.com/en-gb/Games/Nintendo-Switch-download-software/No-Case-Should-Remain-Unsolved-2641351.html,,,"chinese, english, french, german, japanese, korean, portuguese, russian, spanish",No Case Should Remain Unsolved,EU
1495,The Karate Kid: Street Rumble,1496,龙威小子,Nintendo Switch,5000,نعم,,https://www.nintendo.com/en-gb/Games/Nintendo-Switch-games/The-Karate-Kid-Street-Rumble-2630982.html,,,"dutch, english, french, german, italian, portuguese, spanish",The Karate Kid: Street Rumble,EU
1496,Farmagia,1496,魔农传记,Nintendo Switch,5000,نعم,,https://www.nintendo.com/en-gb/Games/Nintendo-Switch-games/Farmagia-2671547.html,,,"english, french, german, spanish",Farmagia,EU
1497,NAIRI: Rising Tide,1496,奈里 狂潮,Nintendo Switch,5000,نعم,,https://www.nintendo.com/en-gb/Games/Nintendo-Switch-download-software/NAIRI-Rising-Tide-2657542.html,,,"chinese, english, japanese",NAIRI: Rising Tide,EU
1498,AMEDAMA,1496,雨魂,Nintendo Switch,5000,نعم,,https://www.nintendo.com/en-gb/Games/Nintendo-Switch-download-software/AMEDAMA-2684200.html,,,"chinese, english, japanese",AMEDAMA,EU
1499,Demon Gaze EXTRA,1496,魔眼凝望 EXTRA,Nintendo Switch,5000,نعم,https://www.nintendo.com/eu/media/images/11_square_images/games_18/nintendo_switch_5/SQ_NSwitch_DemonGazeExtra_image500w.jpg,https://www.nintendo.com/en-gb/Games/Nintendo-Switch-games/DEMON-GAZE-EXTRA-2101581.html,,,english,DEMON GAZE EXTRA,EU
1500,Super Monkey Ball Banana Mania,1496,超级猴子球 1&2 重制版,Nintendo Switch,8000,نعم,https://www.nintendo.com/eu/media/images/05_packshots/games_13/nintendo_switch_8/PS_NSwitch_SuperMonkeyBallBananaMania_PEGI_image500w.jpg,https://www.nintendo.com/en-gb/Games/Nintendo-Switch-games/Super-Monkey-Ball-Banana-Mania-1987421.html,,,"english, french, german, italian, spanish",Super Monkey Ball Banana Mania,EU
1501,Legend of the Drunken Tiger,1496,幻世醉虎传,Nintendo Switch,5000,لا — يابانية/صينية,https://www.nintendo.com/eu/media/images/11_square_images/games_18/nintendo_switch_download_software/SQ_NSwitchDS_DrunkenFist_image500w.jpg,https://www.nintendo.com/en-gb/Games/Nintendo-Switch-download-software/Drunken-Fist-1895609.html,,,"chinese, english, french, german, italian, japanese, korean, portuguese, russian, spanish",Drunken Fist,EU
1502,Bladed Fury,1496,幽林怪谈,Nintendo Switch,5000,نعم,https://www.nintendo.com/eu/media/images/05_packshots/games_13/nintendo_switch_8/PS_NSwitch_BladedFury_PEGI_image500w.jpg,https://www.nintendo.com/en-gb/Games/Nintendo-Switch-games/Bladed-Fury-1920904.html,,,"chinese, english, japanese, korean",Bladed Fury,EU
1503,Harry Potter: Quidditch Champions,1496,哈利波特 魁地奇,Nintendo Switch,8000,نعم,,https://www.nintendo.com/en-gb/Games/Nintendo-Switch-games/Harry-Potter-Quidditch-Champions-2691846.html,,,"chinese, english, french, german, italian, japanese, korean, portuguese, spanish",Harry Potter: Quidditch Champions,EU
1504,Servonauts,1496,胡闹加油,Nintendo Switch,5000,نعم,,https://www.nintendo.com/en-gb/Games/Nintendo-Switch-download-software/Servonauts-2690203.html,,,"chinese, english, french, german, japanese, korean, portuguese, spanish",Servonauts,EU
1505,Platform 8,1496,8号站台,Nintendo Switch,5000,نعم,,https://www.nintendo.com/en-gb/Games/Nintendo-Switch-download-software/Platform-8-2697271.html,,,"chinese, english, french, german, italian, japanese, korean, portuguese, spanish",Platform 8,EU
1506,Arida: Backlands' Awakening – Definitive Edition,1496,艾力达 边区,Nintendo Switch,5000,نعم,,https://www.nintendo.com/en-gb/Games/Nintendo-Switch-download-software/ARIDA-Backland-s-Awakening-2702636.html,,,"chinese, english, french, german, italian, japanese, korean, portuguese, russian, spanish",ARIDA: Backland's Awakening,EU
1507,Rascal's Escape,1496,捣蛋鬼的逃亡,Nintendo Switch,5000,نعم,,https://www.nintendo.com/en-gb/Games/Nintendo-Switch-download-software/Rascal-s-Escape-2700356.html,,,"english, german, spanish",Rascal's Escape,EU
1508,Morkull Ragast's Rage,1496,魔骨,Nintendo Switch,5000,نعم,,https://www.nintendo.com/en-gb/Games/Nintendo-Switch-download-software/Morkull-Ragast-s-Rage-2569125.html,,,"english, spanish",Morkull Ragast's Rage,EU
1509,Wizardry: The Five Ordeals,1496,巫术 五个考验,Nintendo Switch,7000,نعم,,https://www.nintendo.com/en-gb/Games/Nintendo-Switch-download-software/Wizardry-The-Five-Ordeals-2725663.html,,,"english, japanese",Wizardry: The Five Ordeals,EU
1510,Overdungeon,1496,超载地牢,Nintendo Switch,5000,نعم,,https://www.nintendo.com/en-gb/Games/Nintendo-Switch-download-software/Overdungeon-2739208.html,,,"chinese, english, japanese",Overdungeon,EU
1511,KAMiBAKO: Mythology of Cube,1496,神箱,Nintendo Switch,5000,نعم,,https://www.nintendo.com/en-gb/Games/Nintendo-Switch-download-software/KAMiBAKO-Mythology-of-Cube-2739340.html,,,"chinese, english, japanese, korean",KAMiBAKO - Mythology of Cube -,EU
1512,Amber Isle,1496,琥珀岛,Nintendo Switch,5000,نعم,,https://www.nintendo.com/en-gb/Games/Nintendo-Switch-games/Amber-Isle-2737946.html,,,"chinese, english, french, german, italian, japanese, spanish",Amber Isle,EU
1513,Care Bears: Unlock the Magic,1496,爱心小熊,Nintendo Switch,5000,نعم,,https://www.nintendo.com/en-gb/Games/Nintendo-Switch-games/Care-Bears-Unlock-The-Magic-2739248.html,,,"chinese, dutch, english, french, german, italian, japanese, korean, portuguese, spanish",Care Bears: Unlock The Magic,EU
1514,Star Overdrive,1496,星跃狂飙,Nintendo Switch,5000,نعم,https://www.nintendo.com/eu/media/images/11_square_images/games_18/nintendo_3ds_download_software_8/SQ_3DSDS_80sOverdrive_image500w.jpg,https://www.nintendo.com/en-gb/Games/Nintendo-3DS-download-software/80-S-OVERDRIVE-1313331.html,,,english,80'S OVERDRIVE,EU
1515,Wind Story,1496,风铃物语,Nintendo Switch,5000,نعم,,https://www.nintendo.com/en-gb/Games/Nintendo-Switch-download-software/Wind-Story-2755203.html,,,"chinese, english, french, japanese, korean, spanish",Wind Story,EU
1516,Hot Rod Mayhem,1496,热棒大乱斗,Nintendo Switch,5000,نعم,,https://www.nintendo.com/en-gb/Games/Nintendo-Switch-download-software/Hot-Rod-Mayhem-2761725.html,,,"chinese, dutch, english, french, german, italian, japanese, korean, portuguese, spanish",Hot Rod Mayhem,EU
1517,Lonestar,1496,孤星猎手,Nintendo Switch,5000,نعم,,https://www.nintendo.com/en-gb/Games/Nintendo-Switch-download-software/LONESTAR-2771293.html,,,"chinese, english, japanese",LONESTAR,EU
1518,Perfect Hand of NOSTALPIX,1496,像素王牌,Nintendo Switch,5000,نعم,,https://www.nintendo.com/en-gb/Games/Nintendo-Switch-download-software/Perfect-Hand-of-Nostalpix-2744374.html,,,"chinese, english, japanese, korean, portuguese",Perfect Hand of Nostalpix,EU
1519,Promise Mascot Agency,1496,达愿福神社,Nintendo Switch,5000,نعم,,https://www.nintendo.com/en-gb/Games/Nintendo-Switch-download-software/Promise-Mascot-Agency-2769305.html,,,"chinese, english, french, german, japanese, spanish",Promise Mascot Agency,EU
1520,Necroking,1496,幽冥之王,Nintendo Switch,5000,نعم,,https://www.nintendo.com/en-gb/Games/Nintendo-Switch-download-software/Necroking-2782630.html,,,"chinese, english, french, german, japanese, korean, portuguese, russian, spanish",Necroking,EU
1521,Pocket Bravery,1496,口袋勇者,Nintendo Switch,5000,نعم,,https://www.nintendo.com/en-gb/Games/Nintendo-Switch-games/Pocket-Bravery-2382489.html,,,"chinese, english, french, german, japanese, korean, portuguese, spanish",Pocket Bravery,EU
1522,Spiritfall,1496,灵落,Nintendo Switch,5000,نعم,,https://www.nintendo.com/en-gb/Games/Nintendo-Switch-download-software/Spiritfall-2814522.html,,,"chinese, english, french, german, italian, japanese, korean, portuguese, russian, spanish",Spiritfall,EU
1523,Nice Day for Fishing,1496,钓鱼哥的奇遇,Nintendo Switch,5000,نعم,,https://www.nintendo.com/en-gb/Games/Nintendo-Switch-download-software/Nice-Day-for-Fishing-2819821.html,,,"chinese, english, french, german, spanish",Nice Day for Fishing,EU
1524,Sorry We're Closed,1496,抱歉已打烊,Nintendo Switch,5000,نعم,,https://www.nintendo.com/en-gb/Games/Nintendo-Switch-download-software/Sorry-We-re-Closed-2753362.html,,,"chinese, english, french, japanese, spanish",Sorry We're Closed,EU
1525,Spell Disk,1496,法术圆盘,Nintendo Switch,5000,نعم,,https://www.nintendo.com/en-gb/Games/Nintendo-Switch-download-software/Spell-Disk-2852919.html,,,"chinese, english, french, german, japanese, korean, portuguese, spanish",Spell Disk,EU
1526,Fishing Paradiso,1496,钓鱼天堂,Nintendo Switch,5000,نعم,https://www.nintendo.com/eu/media/images/11_square_images/games_18/nintendo_switch_download_software/1x1_NSwitchDS_FishingParadiso_image500w.jpg,https://www.nintendo.com/en-gb/Games/Nintendo-Switch-download-software/Fishing-Paradiso-2218250.html,,,"chinese, english, italian, japanese, korean, portuguese, russian, spanish",Fishing Paradiso,EU
1527,The Cosmic Wheel Sisterhood,1496,宇宙之轮姐妹会,Nintendo Switch,5000,نعم,,https://www.nintendo.com/en-gb/Games/Nintendo-Switch-download-software/The-Cosmic-Wheel-Sisterhood-2429672.html,,,"chinese, english, french, german, japanese, russian, spanish",The Cosmic Wheel Sisterhood,EU
1528,KeyWe,1496,关键奇异鸟,Nintendo Switch 2,5000,نعم,https://www.nintendo.com/eu/media/images/05_packshots/games_13/nintendo_switch_8/PS_NSwitch_KeyWe_PEGI_image500w.jpg,https://www.nintendo.com/en-gb/Games/Nintendo-Switch-download-software/KeyWe-1951387.html,,,"chinese, english, french, german, italian, japanese, korean, portuguese, russian, spanish",KeyWe,EU
1529,Cavern Adventurers,1496,洞窟探险队,Nintendo Switch,5000,نعم,,https://www.nintendo.com/en-gb/Games/Nintendo-Switch-download-software/Cavern-Adventurers-2737065.html,,,"chinese, english, japanese, korean",Cavern Adventurers,EU
1530,Weirdo,1496,异人,Nintendo Switch,5000,نعم,,https://www.nintendo.com/en-gb/Games/Nintendo-Switch-download-software/Weirdo-2830813.html,,,"chinese, english, japanese, korean",Weirdo,EU
